ISO-10303-21;
HEADER;
FILE_DESCRIPTION(('Open CASCADE Model'),'2;1');
FILE_NAME('Open CASCADE Shape Model','2026-10-01T04:56:23',('Author'),(
    'Open CASCADE'),'Open CASCADE STEP processor 8.0','build123d',
  'Unknown');
FILE_SCHEMA(('AUTOMOTIVE_DESIGN { 1 0 10303 214 1 1 1 1 }'));
ENDSEC;
DATA;
#1 = APPLICATION_PROTOCOL_DEFINITION('international standard',
  'automotive_design',2000,#2);
#2 = APPLICATION_CONTEXT(
  'core data for automotive mechanical design processes');
#3 = SHAPE_DEFINITION_REPRESENTATION(#4,#10);
#4 = PRODUCT_DEFINITION_SHAPE('','',#5);
#5 = PRODUCT_DEFINITION('design','',#6,#9);
#6 = PRODUCT_DEFINITION_FORMATION('','',#7);
#7 = PRODUCT('COMPOUND','COMPOUND','',(#8));
#8 = PRODUCT_CONTEXT('',#2,'mechanical');
#9 = PRODUCT_DEFINITION_CONTEXT('part definition',#2,'design');
#10 = SHAPE_REPRESENTATION('',(#11,#15,#19,#23,#27,#31,#35,#39,#43,#47,
    #51,#55,#59,#63,#67,#71,#75,#79,#83,#87,#91,#95,#99,#103,#107,#111,
    #115,#119,#123,#127,#131),#135);
#11 = AXIS2_PLACEMENT_3D('',#12,#13,#14);
#12 = CARTESIAN_POINT('',(0.,0.,0.));
#13 = DIRECTION('',(0.,0.,1.));
#14 = DIRECTION('',(1.,0.,-0.));
#15 = AXIS2_PLACEMENT_3D('',#16,#17,#18);
#16 = CARTESIAN_POINT('',(0.,0.,0.));
#17 = DIRECTION('',(0.,0.,1.));
#18 = DIRECTION('',(1.,0.,-0.));
#19 = AXIS2_PLACEMENT_3D('',#20,#21,#22);
#20 = CARTESIAN_POINT('',(0.,0.,0.));
#21 = DIRECTION('',(0.,0.,1.));
#22 = DIRECTION('',(1.,0.,-0.));
#23 = AXIS2_PLACEMENT_3D('',#24,#25,#26);
#24 = CARTESIAN_POINT('',(0.,0.,0.));
#25 = DIRECTION('',(0.,0.,1.));
#26 = DIRECTION('',(1.,0.,-0.));
#27 = AXIS2_PLACEMENT_3D('',#28,#29,#30);
#28 = CARTESIAN_POINT('',(0.,0.,0.));
#29 = DIRECTION('',(0.,0.,1.));
#30 = DIRECTION('',(1.,0.,-0.));
#31 = AXIS2_PLACEMENT_3D('',#32,#33,#34);
#32 = CARTESIAN_POINT('',(0.,0.,0.));
#33 = DIRECTION('',(0.,0.,1.));
#34 = DIRECTION('',(1.,0.,-0.));
#35 = AXIS2_PLACEMENT_3D('',#36,#37,#38);
#36 = CARTESIAN_POINT('',(0.,0.,0.));
#37 = DIRECTION('',(0.,0.,1.));
#38 = DIRECTION('',(1.,0.,-0.));
#39 = AXIS2_PLACEMENT_3D('',#40,#41,#42);
#40 = CARTESIAN_POINT('',(0.,0.,0.));
#41 = DIRECTION('',(0.,0.,1.));
#42 = DIRECTION('',(1.,0.,-0.));
#43 = AXIS2_PLACEMENT_3D('',#44,#45,#46);
#44 = CARTESIAN_POINT('',(0.,0.,0.));
#45 = DIRECTION('',(0.,0.,1.));
#46 = DIRECTION('',(1.,0.,-0.));
#47 = AXIS2_PLACEMENT_3D('',#48,#49,#50);
#48 = CARTESIAN_POINT('',(0.,0.,0.));
#49 = DIRECTION('',(0.,0.,1.));
#50 = DIRECTION('',(1.,0.,-0.));
#51 = AXIS2_PLACEMENT_3D('',#52,#53,#54);
#52 = CARTESIAN_POINT('',(0.,0.,0.));
#53 = DIRECTION('',(0.,0.,1.));
#54 = DIRECTION('',(1.,0.,-0.));
#55 = AXIS2_PLACEMENT_3D('',#56,#57,#58);
#56 = CARTESIAN_POINT('',(0.,0.,0.));
#57 = DIRECTION('',(0.,0.,1.));
#58 = DIRECTION('',(1.,0.,-0.));
#59 = AXIS2_PLACEMENT_3D('',#60,#61,#62);
#60 = CARTESIAN_POINT('',(0.,0.,0.));
#61 = DIRECTION('',(0.,0.,1.));
#62 = DIRECTION('',(1.,0.,-0.));
#63 = AXIS2_PLACEMENT_3D('',#64,#65,#66);
#64 = CARTESIAN_POINT('',(0.,0.,0.));
#65 = DIRECTION('',(0.,0.,1.));
#66 = DIRECTION('',(1.,0.,-0.));
#67 = AXIS2_PLACEMENT_3D('',#68,#69,#70);
#68 = CARTESIAN_POINT('',(0.,0.,0.));
#69 = DIRECTION('',(0.,0.,1.));
#70 = DIRECTION('',(1.,0.,-0.));
#71 = AXIS2_PLACEMENT_3D('',#72,#73,#74);
#72 = CARTESIAN_POINT('',(0.,0.,0.));
#73 = DIRECTION('',(0.,0.,1.));
#74 = DIRECTION('',(1.,0.,-0.));
#75 = AXIS2_PLACEMENT_3D('',#76,#77,#78);
#76 = CARTESIAN_POINT('',(0.,0.,0.));
#77 = DIRECTION('',(0.,0.,1.));
#78 = DIRECTION('',(1.,0.,-0.));
#79 = AXIS2_PLACEMENT_3D('',#80,#81,#82);
#80 = CARTESIAN_POINT('',(17.,0.,117.5));
#81 = DIRECTION('',(0.,0.,1.));
#82 = DIRECTION('',(1.,0.,-0.));
#83 = AXIS2_PLACEMENT_3D('',#84,#85,#86);
#84 = CARTESIAN_POINT('',(0.,0.,0.));
#85 = DIRECTION('',(0.,0.,1.));
#86 = DIRECTION('',(1.,0.,-0.));
#87 = AXIS2_PLACEMENT_3D('',#88,#89,#90);
#88 = CARTESIAN_POINT('',(0.,0.,0.));
#89 = DIRECTION('',(0.,0.,1.));
#90 = DIRECTION('',(1.,0.,-0.));
#91 = AXIS2_PLACEMENT_3D('',#92,#93,#94);
#92 = CARTESIAN_POINT('',(645.,0.,9.));
#93 = DIRECTION('',(0.,0.,1.));
#94 = DIRECTION('',(1.,0.,-0.));
#95 = AXIS2_PLACEMENT_3D('',#96,#97,#98);
#96 = CARTESIAN_POINT('',(0.,0.,0.));
#97 = DIRECTION('',(0.,0.,1.));
#98 = DIRECTION('',(1.,0.,-0.));
#99 = AXIS2_PLACEMENT_3D('',#100,#101,#102);
#100 = CARTESIAN_POINT('',(0.,0.,0.));
#101 = DIRECTION('',(0.,0.,1.));
#102 = DIRECTION('',(1.,0.,-0.));
#103 = AXIS2_PLACEMENT_3D('',#104,#105,#106);
#104 = CARTESIAN_POINT('',(560.5,0.5,50.5));
#105 = DIRECTION('',(0.,0.,1.));
#106 = DIRECTION('',(1.,0.,-0.));
#107 = AXIS2_PLACEMENT_3D('',#108,#109,#110);
#108 = CARTESIAN_POINT('',(0.,0.,0.));
#109 = DIRECTION('',(0.,0.,1.));
#110 = DIRECTION('',(1.,0.,-0.));
#111 = AXIS2_PLACEMENT_3D('',#112,#113,#114);
#112 = CARTESIAN_POINT('',(745.,80.,42.));
#113 = DIRECTION('',(0.,0.,1.));
#114 = DIRECTION('',(1.,0.,-0.));
#115 = AXIS2_PLACEMENT_3D('',#116,#117,#118);
#116 = CARTESIAN_POINT('',(720.,-105.,22.));
#117 = DIRECTION('',(0.,0.,1.));
#118 = DIRECTION('',(1.,0.,-0.));
#119 = AXIS2_PLACEMENT_3D('',#120,#121,#122);
#120 = CARTESIAN_POINT('',(0.,0.,0.));
#121 = DIRECTION('',(0.,0.,1.));
#122 = DIRECTION('',(1.,0.,-0.));
#123 = AXIS2_PLACEMENT_3D('',#124,#125,#126);
#124 = CARTESIAN_POINT('',(0.,0.,0.));
#125 = DIRECTION('',(0.,0.,1.));
#126 = DIRECTION('',(1.,0.,-0.));
#127 = AXIS2_PLACEMENT_3D('',#128,#129,#130);
#128 = CARTESIAN_POINT('',(0.,0.,0.));
#129 = DIRECTION('',(0.,0.,1.));
#130 = DIRECTION('',(1.,0.,-0.));
#131 = AXIS2_PLACEMENT_3D('',#132,#133,#134);
#132 = CARTESIAN_POINT('',(590.,-40.5,189.));
#133 = DIRECTION('',(0.,0.,1.));
#134 = DIRECTION('',(1.,0.,-0.));
#135 = ( GEOMETRIC_REPRESENTATION_CONTEXT(3) 
GLOBAL_UNCERTAINTY_ASSIGNED_CONTEXT((#139)) GLOBAL_UNIT_ASSIGNED_CONTEXT
((#136,#137,#138)) REPRESENTATION_CONTEXT('Context #1',
  '3D Context with UNIT and UNCERTAINTY') );
#136 = ( LENGTH_UNIT() NAMED_UNIT(*) SI_UNIT(.MILLI.,.METRE.) );
#137 = ( NAMED_UNIT(*) PLANE_ANGLE_UNIT() SI_UNIT($,.RADIAN.) );
#138 = ( NAMED_UNIT(*) SI_UNIT($,.STERADIAN.) SOLID_ANGLE_UNIT() );
#139 = UNCERTAINTY_MEASURE_WITH_UNIT(LENGTH_MEASURE(1.E-07),#136,
  'distance_accuracy_value','confusion accuracy');
#140 = PRODUCT_RELATED_PRODUCT_CATEGORY('part',$,(#7));
#141 = SHAPE_DEFINITION_REPRESENTATION(#142,#148);
#142 = PRODUCT_DEFINITION_SHAPE('','',#143);
#143 = PRODUCT_DEFINITION('design','',#144,#147);
#144 = PRODUCT_DEFINITION_FORMATION('','',#145);
#145 = PRODUCT('COMPOUND','COMPOUND','',(#146));
#146 = PRODUCT_CONTEXT('',#2,'mechanical');
#147 = PRODUCT_DEFINITION_CONTEXT('part definition',#2,'design');
#148 = ADVANCED_BREP_SHAPE_REPRESENTATION('',(#11,#149),#1449);
#149 = MANIFOLD_SOLID_BREP('',#150);
#150 = CLOSED_SHELL('',(#151,#271,#347,#423,#798,#1118,#1145,#1172,#1179
    ,#1206,#1233,#1260,#1307,#1334,#1341,#1368,#1395,#1422));
#151 = ADVANCED_FACE('',(#152),#166,.F.);
#152 = FACE_BOUND('',#153,.F.);
#153 = EDGE_LOOP('',(#154,#189,#217,#245));
#154 = ORIENTED_EDGE('',*,*,#155,.T.);
#155 = EDGE_CURVE('',#156,#158,#160,.T.);
#156 = VERTEX_POINT('',#157);
#157 = CARTESIAN_POINT('',(20.,82.,0.));
#158 = VERTEX_POINT('',#159);
#159 = CARTESIAN_POINT('',(20.,76.,0.));
#160 = SURFACE_CURVE('',#161,(#165,#177),.PCURVE_S1.);
#161 = LINE('',#162,#163);
#162 = CARTESIAN_POINT('',(20.,82.,0.));
#163 = VECTOR('',#164,1.);
#164 = DIRECTION('',(0.,-1.,0.));
#165 = PCURVE('',#166,#171);
#166 = PLANE('',#167);
#167 = AXIS2_PLACEMENT_3D('',#168,#169,#170);
#168 = CARTESIAN_POINT('',(20.,82.,0.));
#169 = DIRECTION('',(-0.,0.,1.));
#170 = DIRECTION('',(1.,0.,0.));
#171 = DEFINITIONAL_REPRESENTATION('',(#172),#176);
#172 = LINE('',#173,#174);
#173 = CARTESIAN_POINT('',(0.,0.));
#174 = VECTOR('',#175,1.);
#175 = DIRECTION('',(0.,-1.));
#176 = ( GEOMETRIC_REPRESENTATION_CONTEXT(2) 
PARAMETRIC_REPRESENTATION_CONTEXT() REPRESENTATION_CONTEXT('2D SPACE',''
  ) );
#177 = PCURVE('',#178,#183);
#178 = PLANE('',#179);
#179 = AXIS2_PLACEMENT_3D('',#180,#181,#182);
#180 = CARTESIAN_POINT('',(20.,82.,30.));
#181 = DIRECTION('',(1.,0.,0.));
#182 = DIRECTION('',(0.,0.,-1.));
#183 = DEFINITIONAL_REPRESENTATION('',(#184),#188);
#184 = LINE('',#185,#186);
#185 = CARTESIAN_POINT('',(30.,0.));
#186 = VECTOR('',#187,1.);
#187 = DIRECTION('',(0.,-1.));
#188 = ( GEOMETRIC_REPRESENTATION_CONTEXT(2) 
PARAMETRIC_REPRESENTATION_CONTEXT() REPRESENTATION_CONTEXT('2D SPACE',''
  ) );
#189 = ORIENTED_EDGE('',*,*,#190,.T.);
#190 = EDGE_CURVE('',#158,#191,#193,.T.);
#191 = VERTEX_POINT('',#192);
#192 = CARTESIAN_POINT('',(340.,76.,0.));
#193 = SURFACE_CURVE('',#194,(#198,#205),.PCURVE_S1.);
#194 = LINE('',#195,#196);
#195 = CARTESIAN_POINT('',(20.,76.,0.));
#196 = VECTOR('',#197,1.);
#197 = DIRECTION('',(1.,0.,0.));
#198 = PCURVE('',#166,#199);
#199 = DEFINITIONAL_REPRESENTATION('',(#200),#204);
#200 = LINE('',#201,#202);
#201 = CARTESIAN_POINT('',(0.,-6.));
#202 = VECTOR('',#203,1.);
#203 = DIRECTION('',(1.,0.));
#204 = ( GEOMETRIC_REPRESENTATION_CONTEXT(2) 
PARAMETRIC_REPRESENTATION_CONTEXT() REPRESENTATION_CONTEXT('2D SPACE',''
  ) );
#205 = PCURVE('',#206,#211);
#206 = PLANE('',#207);
#207 = AXIS2_PLACEMENT_3D('',#208,#209,#210);
#208 = CARTESIAN_POINT('',(180.,76.,99.888177711121));
#209 = DIRECTION('',(0.,-1.,0.));
#210 = DIRECTION('',(1.,0.,0.));
#211 = DEFINITIONAL_REPRESENTATION('',(#212),#216);
#212 = LINE('',#213,#214);
#213 = CARTESIAN_POINT('',(-160.,-99.88817771112));
#214 = VECTOR('',#215,1.);
#215 = DIRECTION('',(1.,0.));
#216 = ( GEOMETRIC_REPRESENTATION_CONTEXT(2) 
PARAMETRIC_REPRESENTATION_CONTEXT() REPRESENTATION_CONTEXT('2D SPACE',''
  ) );
#217 = ORIENTED_EDGE('',*,*,#218,.F.);
#218 = EDGE_CURVE('',#219,#191,#221,.T.);
#219 = VERTEX_POINT('',#220);
#220 = CARTESIAN_POINT('',(340.,82.,0.));
#221 = SURFACE_CURVE('',#222,(#226,#233),.PCURVE_S1.);
#222 = LINE('',#223,#224);
#223 = CARTESIAN_POINT('',(340.,82.,0.));
#224 = VECTOR('',#225,1.);
#225 = DIRECTION('',(0.,-1.,0.));
#226 = PCURVE('',#166,#227);
#227 = DEFINITIONAL_REPRESENTATION('',(#228),#232);
#228 = LINE('',#229,#230);
#229 = CARTESIAN_POINT('',(320.,0.));
#230 = VECTOR('',#231,1.);
#231 = DIRECTION('',(0.,-1.));
#232 = ( GEOMETRIC_REPRESENTATION_CONTEXT(2) 
PARAMETRIC_REPRESENTATION_CONTEXT() REPRESENTATION_CONTEXT('2D SPACE',''
  ) );
#233 = PCURVE('',#234,#239);
#234 = PLANE('',#235);
#235 = AXIS2_PLACEMENT_3D('',#236,#237,#238);
#236 = CARTESIAN_POINT('',(340.,82.,0.));
#237 = DIRECTION('',(-1.,0.,0.));
#238 = DIRECTION('',(0.,0.,1.));
#239 = DEFINITIONAL_REPRESENTATION('',(#240),#244);
#240 = LINE('',#241,#242);
#241 = CARTESIAN_POINT('',(0.,0.));
#242 = VECTOR('',#243,1.);
#243 = DIRECTION('',(0.,-1.));
#244 = ( GEOMETRIC_REPRESENTATION_CONTEXT(2) 
PARAMETRIC_REPRESENTATION_CONTEXT() REPRESENTATION_CONTEXT('2D SPACE',''
  ) );
#245 = ORIENTED_EDGE('',*,*,#246,.F.);
#246 = EDGE_CURVE('',#156,#219,#247,.T.);
#247 = SURFACE_CURVE('',#248,(#252,#259),.PCURVE_S1.);
#248 = LINE('',#249,#250);
#249 = CARTESIAN_POINT('',(20.,82.,0.));
#250 = VECTOR('',#251,1.);
#251 = DIRECTION('',(1.,0.,0.));
#252 = PCURVE('',#166,#253);
#253 = DEFINITIONAL_REPRESENTATION('',(#254),#258);
#254 = LINE('',#255,#256);
#255 = CARTESIAN_POINT('',(0.,0.));
#256 = VECTOR('',#257,1.);
#257 = DIRECTION('',(1.,0.));
#258 = ( GEOMETRIC_REPRESENTATION_CONTEXT(2) 
PARAMETRIC_REPRESENTATION_CONTEXT() REPRESENTATION_CONTEXT('2D SPACE',''
  ) );
#259 = PCURVE('',#260,#265);
#260 = PLANE('',#261);
#261 = AXIS2_PLACEMENT_3D('',#262,#263,#264);
#262 = CARTESIAN_POINT('',(180.,82.,99.888177711121));
#263 = DIRECTION('',(0.,-1.,0.));
#264 = DIRECTION('',(1.,0.,0.));
#265 = DEFINITIONAL_REPRESENTATION('',(#266),#270);
#266 = LINE('',#267,#268);
#267 = CARTESIAN_POINT('',(-160.,-99.88817771112));
#268 = VECTOR('',#269,1.);
#269 = DIRECTION('',(1.,0.));
#270 = ( GEOMETRIC_REPRESENTATION_CONTEXT(2) 
PARAMETRIC_REPRESENTATION_CONTEXT() REPRESENTATION_CONTEXT('2D SPACE',''
  ) );
#271 = ADVANCED_FACE('',(#272),#178,.F.);
#272 = FACE_BOUND('',#273,.F.);
#273 = EDGE_LOOP('',(#274,#304,#325,#326));
#274 = ORIENTED_EDGE('',*,*,#275,.T.);
#275 = EDGE_CURVE('',#276,#278,#280,.T.);
#276 = VERTEX_POINT('',#277);
#277 = CARTESIAN_POINT('',(20.,82.,30.));
#278 = VERTEX_POINT('',#279);
#279 = CARTESIAN_POINT('',(20.,76.,30.));
#280 = SURFACE_CURVE('',#281,(#285,#292),.PCURVE_S1.);
#281 = LINE('',#282,#283);
#282 = CARTESIAN_POINT('',(20.,82.,30.));
#283 = VECTOR('',#284,1.);
#284 = DIRECTION('',(0.,-1.,0.));
#285 = PCURVE('',#178,#286);
#286 = DEFINITIONAL_REPRESENTATION('',(#287),#291);
#287 = LINE('',#288,#289);
#288 = CARTESIAN_POINT('',(0.,0.));
#289 = VECTOR('',#290,1.);
#290 = DIRECTION('',(0.,-1.));
#291 = ( GEOMETRIC_REPRESENTATION_CONTEXT(2) 
PARAMETRIC_REPRESENTATION_CONTEXT() REPRESENTATION_CONTEXT('2D SPACE',''
  ) );
#292 = PCURVE('',#293,#298);
#293 = PLANE('',#294);
#294 = AXIS2_PLACEMENT_3D('',#295,#296,#297);
#295 = CARTESIAN_POINT('',(140.,82.,262.));
#296 = DIRECTION('',(0.888217643156,0.,-0.459422918874));
#297 = DIRECTION('',(-0.459422918874,-0.,-0.888217643156));
#298 = DEFINITIONAL_REPRESENTATION('',(#299),#303);
#299 = LINE('',#300,#301);
#300 = CARTESIAN_POINT('',(261.19724347703,0.));
#301 = VECTOR('',#302,1.);
#302 = DIRECTION('',(0.,-1.));
#303 = ( GEOMETRIC_REPRESENTATION_CONTEXT(2) 
PARAMETRIC_REPRESENTATION_CONTEXT() REPRESENTATION_CONTEXT('2D SPACE',''
  ) );
#304 = ORIENTED_EDGE('',*,*,#305,.T.);
#305 = EDGE_CURVE('',#278,#158,#306,.T.);
#306 = SURFACE_CURVE('',#307,(#311,#318),.PCURVE_S1.);
#307 = LINE('',#308,#309);
#308 = CARTESIAN_POINT('',(20.,76.,30.));
#309 = VECTOR('',#310,1.);
#310 = DIRECTION('',(0.,0.,-1.));
#311 = PCURVE('',#178,#312);
#312 = DEFINITIONAL_REPRESENTATION('',(#313),#317);
#313 = LINE('',#314,#315);
#314 = CARTESIAN_POINT('',(0.,-6.));
#315 = VECTOR('',#316,1.);
#316 = DIRECTION('',(1.,0.));
#317 = ( GEOMETRIC_REPRESENTATION_CONTEXT(2) 
PARAMETRIC_REPRESENTATION_CONTEXT() REPRESENTATION_CONTEXT('2D SPACE',''
  ) );
#318 = PCURVE('',#206,#319);
#319 = DEFINITIONAL_REPRESENTATION('',(#320),#324);
#320 = LINE('',#321,#322);
#321 = CARTESIAN_POINT('',(-160.,-69.88817771112));
#322 = VECTOR('',#323,1.);
#323 = DIRECTION('',(0.,-1.));
#324 = ( GEOMETRIC_REPRESENTATION_CONTEXT(2) 
PARAMETRIC_REPRESENTATION_CONTEXT() REPRESENTATION_CONTEXT('2D SPACE',''
  ) );
#325 = ORIENTED_EDGE('',*,*,#155,.F.);
#326 = ORIENTED_EDGE('',*,*,#327,.F.);
#327 = EDGE_CURVE('',#276,#156,#328,.T.);
#328 = SURFACE_CURVE('',#329,(#333,#340),.PCURVE_S1.);
#329 = LINE('',#330,#331);
#330 = CARTESIAN_POINT('',(20.,82.,30.));
#331 = VECTOR('',#332,1.);
#332 = DIRECTION('',(0.,0.,-1.));
#333 = PCURVE('',#178,#334);
#334 = DEFINITIONAL_REPRESENTATION('',(#335),#339);
#335 = LINE('',#336,#337);
#336 = CARTESIAN_POINT('',(0.,0.));
#337 = VECTOR('',#338,1.);
#338 = DIRECTION('',(1.,0.));
#339 = ( GEOMETRIC_REPRESENTATION_CONTEXT(2) 
PARAMETRIC_REPRESENTATION_CONTEXT() REPRESENTATION_CONTEXT('2D SPACE',''
  ) );
#340 = PCURVE('',#260,#341);
#341 = DEFINITIONAL_REPRESENTATION('',(#342),#346);
#342 = LINE('',#343,#344);
#343 = CARTESIAN_POINT('',(-160.,-69.88817771112));
#344 = VECTOR('',#345,1.);
#345 = DIRECTION('',(0.,-1.));
#346 = ( GEOMETRIC_REPRESENTATION_CONTEXT(2) 
PARAMETRIC_REPRESENTATION_CONTEXT() REPRESENTATION_CONTEXT('2D SPACE',''
  ) );
#347 = ADVANCED_FACE('',(#348),#234,.F.);
#348 = FACE_BOUND('',#349,.F.);
#349 = EDGE_LOOP('',(#350,#351,#374,#402));
#350 = ORIENTED_EDGE('',*,*,#218,.T.);
#351 = ORIENTED_EDGE('',*,*,#352,.T.);
#352 = EDGE_CURVE('',#191,#353,#355,.T.);
#353 = VERTEX_POINT('',#354);
#354 = CARTESIAN_POINT('',(340.,76.,30.));
#355 = SURFACE_CURVE('',#356,(#360,#367),.PCURVE_S1.);
#356 = LINE('',#357,#358);
#357 = CARTESIAN_POINT('',(340.,76.,0.));
#358 = VECTOR('',#359,1.);
#359 = DIRECTION('',(0.,0.,1.));
#360 = PCURVE('',#234,#361);
#361 = DEFINITIONAL_REPRESENTATION('',(#362),#366);
#362 = LINE('',#363,#364);
#363 = CARTESIAN_POINT('',(0.,-6.));
#364 = VECTOR('',#365,1.);
#365 = DIRECTION('',(1.,0.));
#366 = ( GEOMETRIC_REPRESENTATION_CONTEXT(2) 
PARAMETRIC_REPRESENTATION_CONTEXT() REPRESENTATION_CONTEXT('2D SPACE',''
  ) );
#367 = PCURVE('',#206,#368);
#368 = DEFINITIONAL_REPRESENTATION('',(#369),#373);
#369 = LINE('',#370,#371);
#370 = CARTESIAN_POINT('',(160.,-99.88817771112));
#371 = VECTOR('',#372,1.);
#372 = DIRECTION('',(0.,1.));
#373 = ( GEOMETRIC_REPRESENTATION_CONTEXT(2) 
PARAMETRIC_REPRESENTATION_CONTEXT() REPRESENTATION_CONTEXT('2D SPACE',''
  ) );
#374 = ORIENTED_EDGE('',*,*,#375,.F.);
#375 = EDGE_CURVE('',#376,#353,#378,.T.);
#376 = VERTEX_POINT('',#377);
#377 = CARTESIAN_POINT('',(340.,82.,30.));
#378 = SURFACE_CURVE('',#379,(#383,#390),.PCURVE_S1.);
#379 = LINE('',#380,#381);
#380 = CARTESIAN_POINT('',(340.,82.,30.));
#381 = VECTOR('',#382,1.);
#382 = DIRECTION('',(0.,-1.,0.));
#383 = PCURVE('',#234,#384);
#384 = DEFINITIONAL_REPRESENTATION('',(#385),#389);
#385 = LINE('',#386,#387);
#386 = CARTESIAN_POINT('',(30.,0.));
#387 = VECTOR('',#388,1.);
#388 = DIRECTION('',(0.,-1.));
#389 = ( GEOMETRIC_REPRESENTATION_CONTEXT(2) 
PARAMETRIC_REPRESENTATION_CONTEXT() REPRESENTATION_CONTEXT('2D SPACE',''
  ) );
#390 = PCURVE('',#391,#396);
#391 = PLANE('',#392);
#392 = AXIS2_PLACEMENT_3D('',#393,#394,#395);
#393 = CARTESIAN_POINT('',(340.,82.,30.));
#394 = DIRECTION('',(-0.888217643156,-0.,-0.459422918874));
#395 = DIRECTION('',(-0.459422918874,0.,0.888217643156));
#396 = DEFINITIONAL_REPRESENTATION('',(#397),#401);
#397 = LINE('',#398,#399);
#398 = CARTESIAN_POINT('',(0.,0.));
#399 = VECTOR('',#400,1.);
#400 = DIRECTION('',(0.,-1.));
#401 = ( GEOMETRIC_REPRESENTATION_CONTEXT(2) 
PARAMETRIC_REPRESENTATION_CONTEXT() REPRESENTATION_CONTEXT('2D SPACE',''
  ) );
#402 = ORIENTED_EDGE('',*,*,#403,.F.);
#403 = EDGE_CURVE('',#219,#376,#404,.T.);
#404 = SURFACE_CURVE('',#405,(#409,#416),.PCURVE_S1.);
#405 = LINE('',#406,#407);
#406 = CARTESIAN_POINT('',(340.,82.,0.));
#407 = VECTOR('',#408,1.);
#408 = DIRECTION('',(0.,0.,1.));
#409 = PCURVE('',#234,#410);
#410 = DEFINITIONAL_REPRESENTATION('',(#411),#415);
#411 = LINE('',#412,#413);
#412 = CARTESIAN_POINT('',(0.,0.));
#413 = VECTOR('',#414,1.);
#414 = DIRECTION('',(1.,0.));
#415 = ( GEOMETRIC_REPRESENTATION_CONTEXT(2) 
PARAMETRIC_REPRESENTATION_CONTEXT() REPRESENTATION_CONTEXT('2D SPACE',''
  ) );
#416 = PCURVE('',#260,#417);
#417 = DEFINITIONAL_REPRESENTATION('',(#418),#422);
#418 = LINE('',#419,#420);
#419 = CARTESIAN_POINT('',(160.,-99.88817771112));
#420 = VECTOR('',#421,1.);
#421 = DIRECTION('',(0.,1.));
#422 = ( GEOMETRIC_REPRESENTATION_CONTEXT(2) 
PARAMETRIC_REPRESENTATION_CONTEXT() REPRESENTATION_CONTEXT('2D SPACE',''
  ) );
#423 = ADVANCED_FACE('',(#424,#501,#532,#563,#594,#674,#705,#736,#767),
  #260,.F.);
#424 = FACE_BOUND('',#425,.F.);
#425 = EDGE_LOOP('',(#426,#427,#428,#451,#479,#500));
#426 = ORIENTED_EDGE('',*,*,#246,.T.);
#427 = ORIENTED_EDGE('',*,*,#403,.T.);
#428 = ORIENTED_EDGE('',*,*,#429,.T.);
#429 = EDGE_CURVE('',#376,#430,#432,.T.);
#430 = VERTEX_POINT('',#431);
#431 = CARTESIAN_POINT('',(220.,82.,262.));
#432 = SURFACE_CURVE('',#433,(#437,#444),.PCURVE_S1.);
#433 = LINE('',#434,#435);
#434 = CARTESIAN_POINT('',(340.,82.,30.));
#435 = VECTOR('',#436,1.);
#436 = DIRECTION('',(-0.459422918874,0.,0.888217643156));
#437 = PCURVE('',#260,#438);
#438 = DEFINITIONAL_REPRESENTATION('',(#439),#443);
#439 = LINE('',#440,#441);
#440 = CARTESIAN_POINT('',(160.,-69.88817771112));
#441 = VECTOR('',#442,1.);
#442 = DIRECTION('',(-0.459422918874,0.888217643156));
#443 = ( GEOMETRIC_REPRESENTATION_CONTEXT(2) 
PARAMETRIC_REPRESENTATION_CONTEXT() REPRESENTATION_CONTEXT('2D SPACE',''
  ) );
#444 = PCURVE('',#391,#445);
#445 = DEFINITIONAL_REPRESENTATION('',(#446),#450);
#446 = LINE('',#447,#448);
#447 = CARTESIAN_POINT('',(0.,0.));
#448 = VECTOR('',#449,1.);
#449 = DIRECTION('',(1.,0.));
#450 = ( GEOMETRIC_REPRESENTATION_CONTEXT(2) 
PARAMETRIC_REPRESENTATION_CONTEXT() REPRESENTATION_CONTEXT('2D SPACE',''
  ) );
#451 = ORIENTED_EDGE('',*,*,#452,.T.);
#452 = EDGE_CURVE('',#430,#453,#455,.T.);
#453 = VERTEX_POINT('',#454);
#454 = CARTESIAN_POINT('',(140.,82.,262.));
#455 = SURFACE_CURVE('',#456,(#460,#467),.PCURVE_S1.);
#456 = LINE('',#457,#458);
#457 = CARTESIAN_POINT('',(220.,82.,262.));
#458 = VECTOR('',#459,1.);
#459 = DIRECTION('',(-1.,0.,0.));
#460 = PCURVE('',#260,#461);
#461 = DEFINITIONAL_REPRESENTATION('',(#462),#466);
#462 = LINE('',#463,#464);
#463 = CARTESIAN_POINT('',(40.,162.11182228887));
#464 = VECTOR('',#465,1.);
#465 = DIRECTION('',(-1.,0.));
#466 = ( GEOMETRIC_REPRESENTATION_CONTEXT(2) 
PARAMETRIC_REPRESENTATION_CONTEXT() REPRESENTATION_CONTEXT('2D SPACE',''
  ) );
#467 = PCURVE('',#468,#473);
#468 = PLANE('',#469);
#469 = AXIS2_PLACEMENT_3D('',#470,#471,#472);
#470 = CARTESIAN_POINT('',(220.,82.,262.));
#471 = DIRECTION('',(-0.,-0.,-1.));
#472 = DIRECTION('',(-1.,0.,0.));
#473 = DEFINITIONAL_REPRESENTATION('',(#474),#478);
#474 = LINE('',#475,#476);
#475 = CARTESIAN_POINT('',(0.,0.));
#476 = VECTOR('',#477,1.);
#477 = DIRECTION('',(1.,0.));
#478 = ( GEOMETRIC_REPRESENTATION_CONTEXT(2) 
PARAMETRIC_REPRESENTATION_CONTEXT() REPRESENTATION_CONTEXT('2D SPACE',''
  ) );
#479 = ORIENTED_EDGE('',*,*,#480,.T.);
#480 = EDGE_CURVE('',#453,#276,#481,.T.);
#481 = SURFACE_CURVE('',#482,(#486,#493),.PCURVE_S1.);
#482 = LINE('',#483,#484);
#483 = CARTESIAN_POINT('',(140.,82.,262.));
#484 = VECTOR('',#485,1.);
#485 = DIRECTION('',(-0.459422918874,-0.,-0.888217643156));
#486 = PCURVE('',#260,#487);
#487 = DEFINITIONAL_REPRESENTATION('',(#488),#492);
#488 = LINE('',#489,#490);
#489 = CARTESIAN_POINT('',(-40.,162.11182228887));
#490 = VECTOR('',#491,1.);
#491 = DIRECTION('',(-0.459422918874,-0.888217643156));
#492 = ( GEOMETRIC_REPRESENTATION_CONTEXT(2) 
PARAMETRIC_REPRESENTATION_CONTEXT() REPRESENTATION_CONTEXT('2D SPACE',''
  ) );
#493 = PCURVE('',#293,#494);
#494 = DEFINITIONAL_REPRESENTATION('',(#495),#499);
#495 = LINE('',#496,#497);
#496 = CARTESIAN_POINT('',(-0.,0.));
#497 = VECTOR('',#498,1.);
#498 = DIRECTION('',(1.,0.));
#499 = ( GEOMETRIC_REPRESENTATION_CONTEXT(2) 
PARAMETRIC_REPRESENTATION_CONTEXT() REPRESENTATION_CONTEXT('2D SPACE',''
  ) );
#500 = ORIENTED_EDGE('',*,*,#327,.T.);
#501 = FACE_BOUND('',#502,.F.);
#502 = EDGE_LOOP('',(#503));
#503 = ORIENTED_EDGE('',*,*,#504,.F.);
#504 = EDGE_CURVE('',#505,#505,#507,.T.);
#505 = VERTEX_POINT('',#506);
#506 = CARTESIAN_POINT('',(53.2,82.,18.));
#507 = SURFACE_CURVE('',#508,(#513,#520),.PCURVE_S1.);
#508 = CIRCLE('',#509,3.2);
#509 = AXIS2_PLACEMENT_3D('',#510,#511,#512);
#510 = CARTESIAN_POINT('',(50.,82.,18.));
#511 = DIRECTION('',(0.,-1.,2.22044604925E-16));
#512 = DIRECTION('',(1.,0.,0.));
#513 = PCURVE('',#260,#514);
#514 = DEFINITIONAL_REPRESENTATION('',(#515),#519);
#515 = CIRCLE('',#516,3.2);
#516 = AXIS2_PLACEMENT_2D('',#517,#518);
#517 = CARTESIAN_POINT('',(-130.,-81.88817771112));
#518 = DIRECTION('',(1.,0.));
#519 = ( GEOMETRIC_REPRESENTATION_CONTEXT(2) 
PARAMETRIC_REPRESENTATION_CONTEXT() REPRESENTATION_CONTEXT('2D SPACE',''
  ) );
#520 = PCURVE('',#521,#526);
#521 = CYLINDRICAL_SURFACE('',#522,3.2);
#522 = AXIS2_PLACEMENT_3D('',#523,#524,#525);
#523 = CARTESIAN_POINT('',(50.,83.,18.));
#524 = DIRECTION('',(0.,-1.,2.22044604925E-16));
#525 = DIRECTION('',(1.,0.,0.));
#526 = DEFINITIONAL_REPRESENTATION('',(#527),#531);
#527 = LINE('',#528,#529);
#528 = CARTESIAN_POINT('',(0.,1.));
#529 = VECTOR('',#530,1.);
#530 = DIRECTION('',(1.,0.));
#531 = ( GEOMETRIC_REPRESENTATION_CONTEXT(2) 
PARAMETRIC_REPRESENTATION_CONTEXT() REPRESENTATION_CONTEXT('2D SPACE',''
  ) );
#532 = FACE_BOUND('',#533,.F.);
#533 = EDGE_LOOP('',(#534));
#534 = ORIENTED_EDGE('',*,*,#535,.F.);
#535 = EDGE_CURVE('',#536,#536,#538,.T.);
#536 = VERTEX_POINT('',#537);
#537 = CARTESIAN_POINT('',(183.2,82.,30.));
#538 = SURFACE_CURVE('',#539,(#544,#551),.PCURVE_S1.);
#539 = CIRCLE('',#540,3.2);
#540 = AXIS2_PLACEMENT_3D('',#541,#542,#543);
#541 = CARTESIAN_POINT('',(180.,82.,30.));
#542 = DIRECTION('',(0.,-1.,2.22044604925E-16));
#543 = DIRECTION('',(1.,0.,0.));
#544 = PCURVE('',#260,#545);
#545 = DEFINITIONAL_REPRESENTATION('',(#546),#550);
#546 = CIRCLE('',#547,3.2);
#547 = AXIS2_PLACEMENT_2D('',#548,#549);
#548 = CARTESIAN_POINT('',(0.,-69.88817771112));
#549 = DIRECTION('',(1.,0.));
#550 = ( GEOMETRIC_REPRESENTATION_CONTEXT(2) 
PARAMETRIC_REPRESENTATION_CONTEXT() REPRESENTATION_CONTEXT('2D SPACE',''
  ) );
#551 = PCURVE('',#552,#557);
#552 = CYLINDRICAL_SURFACE('',#553,3.2);
#553 = AXIS2_PLACEMENT_3D('',#554,#555,#556);
#554 = CARTESIAN_POINT('',(180.,83.,30.));
#555 = DIRECTION('',(0.,-1.,2.22044604925E-16));
#556 = DIRECTION('',(1.,0.,0.));
#557 = DEFINITIONAL_REPRESENTATION('',(#558),#562);
#558 = LINE('',#559,#560);
#559 = CARTESIAN_POINT('',(0.,1.));
#560 = VECTOR('',#561,1.);
#561 = DIRECTION('',(1.,0.));
#562 = ( GEOMETRIC_REPRESENTATION_CONTEXT(2) 
PARAMETRIC_REPRESENTATION_CONTEXT() REPRESENTATION_CONTEXT('2D SPACE',''
  ) );
#563 = FACE_BOUND('',#564,.F.);
#564 = EDGE_LOOP('',(#565));
#565 = ORIENTED_EDGE('',*,*,#566,.F.);
#566 = EDGE_CURVE('',#567,#567,#569,.T.);
#567 = VERTEX_POINT('',#568);
#568 = CARTESIAN_POINT('',(313.2,82.,18.));
#569 = SURFACE_CURVE('',#570,(#575,#582),.PCURVE_S1.);
#570 = CIRCLE('',#571,3.2);
#571 = AXIS2_PLACEMENT_3D('',#572,#573,#574);
#572 = CARTESIAN_POINT('',(310.,82.,18.));
#573 = DIRECTION('',(0.,-1.,2.22044604925E-16));
#574 = DIRECTION('',(1.,0.,0.));
#575 = PCURVE('',#260,#576);
#576 = DEFINITIONAL_REPRESENTATION('',(#577),#581);
#577 = CIRCLE('',#578,3.2);
#578 = AXIS2_PLACEMENT_2D('',#579,#580);
#579 = CARTESIAN_POINT('',(130.,-81.88817771112));
#580 = DIRECTION('',(1.,0.));
#581 = ( GEOMETRIC_REPRESENTATION_CONTEXT(2) 
PARAMETRIC_REPRESENTATION_CONTEXT() REPRESENTATION_CONTEXT('2D SPACE',''
  ) );
#582 = PCURVE('',#583,#588);
#583 = CYLINDRICAL_SURFACE('',#584,3.2);
#584 = AXIS2_PLACEMENT_3D('',#585,#586,#587);
#585 = CARTESIAN_POINT('',(310.,83.,18.));
#586 = DIRECTION('',(0.,-1.,2.22044604925E-16));
#587 = DIRECTION('',(1.,0.,0.));
#588 = DEFINITIONAL_REPRESENTATION('',(#589),#593);
#589 = LINE('',#590,#591);
#590 = CARTESIAN_POINT('',(0.,1.));
#591 = VECTOR('',#592,1.);
#592 = DIRECTION('',(1.,0.));
#593 = ( GEOMETRIC_REPRESENTATION_CONTEXT(2) 
PARAMETRIC_REPRESENTATION_CONTEXT() REPRESENTATION_CONTEXT('2D SPACE',''
  ) );
#594 = FACE_BOUND('',#595,.F.);
#595 = EDGE_LOOP('',(#596,#624,#650));
#596 = ORIENTED_EDGE('',*,*,#597,.T.);
#597 = EDGE_CURVE('',#598,#600,#602,.T.);
#598 = VERTEX_POINT('',#599);
#599 = CARTESIAN_POINT('',(180.,82.,155.));
#600 = VERTEX_POINT('',#601);
#601 = CARTESIAN_POINT('',(275.,82.,45.));
#602 = SURFACE_CURVE('',#603,(#607,#613),.PCURVE_S1.);
#603 = LINE('',#604,#605);
#604 = CARTESIAN_POINT('',(241.13120811642,82.,84.216495865197));
#605 = VECTOR('',#606,1.);
#606 = DIRECTION('',(0.653619870346,0.,-0.756823007769));
#607 = PCURVE('',#260,#608);
#608 = DEFINITIONAL_REPRESENTATION('',(#609),#612);
#609 = B_SPLINE_CURVE_WITH_KNOTS('',1,(#610,#611),.UNSPECIFIED.,.F.,.F.,
  (2,2),(-93.52715682289,51.817261714589),.PIECEWISE_BEZIER_KNOTS.);
#610 = CARTESIAN_POINT('',(1.42108547152E-14,55.111822288879));
#611 = CARTESIAN_POINT('',(95.,-54.88817771112));
#612 = ( GEOMETRIC_REPRESENTATION_CONTEXT(2) 
PARAMETRIC_REPRESENTATION_CONTEXT() REPRESENTATION_CONTEXT('2D SPACE',''
  ) );
#613 = PCURVE('',#614,#619);
#614 = PLANE('',#615);
#615 = AXIS2_PLACEMENT_3D('',#616,#617,#618);
#616 = CARTESIAN_POINT('',(275.,83.,45.));
#617 = DIRECTION('',(-0.756823007769,-0.,-0.653619870346));
#618 = DIRECTION('',(-0.653619870346,0.,0.756823007769));
#619 = DEFINITIONAL_REPRESENTATION('',(#620),#623);
#620 = B_SPLINE_CURVE_WITH_KNOTS('',1,(#621,#622),.UNSPECIFIED.,.F.,.F.,
  (2,2),(-93.52715682289,51.817261714589),.PIECEWISE_BEZIER_KNOTS.);
#621 = CARTESIAN_POINT('',(145.34441853748,-1.));
#622 = CARTESIAN_POINT('',(0.,-1.));
#623 = ( GEOMETRIC_REPRESENTATION_CONTEXT(2) 
PARAMETRIC_REPRESENTATION_CONTEXT() REPRESENTATION_CONTEXT('2D SPACE',''
  ) );
#624 = ORIENTED_EDGE('',*,*,#625,.T.);
#625 = EDGE_CURVE('',#600,#626,#628,.T.);
#626 = VERTEX_POINT('',#627);
#627 = CARTESIAN_POINT('',(85.,82.,45.));
#628 = SURFACE_CURVE('',#629,(#633,#639),.PCURVE_S1.);
#629 = LINE('',#630,#631);
#630 = CARTESIAN_POINT('',(132.5,82.,45.));
#631 = VECTOR('',#632,1.);
#632 = DIRECTION('',(-1.,-0.,0.));
#633 = PCURVE('',#260,#634);
#634 = DEFINITIONAL_REPRESENTATION('',(#635),#638);
#635 = B_SPLINE_CURVE_WITH_KNOTS('',1,(#636,#637),.UNSPECIFIED.,.F.,.F.,
  (2,2),(-142.5,47.5),.PIECEWISE_BEZIER_KNOTS.);
#636 = CARTESIAN_POINT('',(95.,-54.88817771112));
#637 = CARTESIAN_POINT('',(-95.,-54.88817771112));
#638 = ( GEOMETRIC_REPRESENTATION_CONTEXT(2) 
PARAMETRIC_REPRESENTATION_CONTEXT() REPRESENTATION_CONTEXT('2D SPACE',''
  ) );
#639 = PCURVE('',#640,#645);
#640 = PLANE('',#641);
#641 = AXIS2_PLACEMENT_3D('',#642,#643,#644);
#642 = CARTESIAN_POINT('',(85.,83.,45.));
#643 = DIRECTION('',(-0.,0.,1.));
#644 = DIRECTION('',(1.,0.,0.));
#645 = DEFINITIONAL_REPRESENTATION('',(#646),#649);
#646 = B_SPLINE_CURVE_WITH_KNOTS('',1,(#647,#648),.UNSPECIFIED.,.F.,.F.,
  (2,2),(-142.5,47.5),.PIECEWISE_BEZIER_KNOTS.);
#647 = CARTESIAN_POINT('',(190.,-1.));
#648 = CARTESIAN_POINT('',(0.,-1.));
#649 = ( GEOMETRIC_REPRESENTATION_CONTEXT(2) 
PARAMETRIC_REPRESENTATION_CONTEXT() REPRESENTATION_CONTEXT('2D SPACE',''
  ) );
#650 = ORIENTED_EDGE('',*,*,#651,.T.);
#651 = EDGE_CURVE('',#626,#598,#652,.T.);
#652 = SURFACE_CURVE('',#653,(#657,#663),.PCURVE_S1.);
#653 = LINE('',#654,#655);
#654 = CARTESIAN_POINT('',(166.36879188357,82.,139.21649586519));
#655 = VECTOR('',#656,1.);
#656 = DIRECTION('',(0.653619870346,0.,0.756823007769));
#657 = PCURVE('',#260,#658);
#658 = DEFINITIONAL_REPRESENTATION('',(#659),#662);
#659 = B_SPLINE_CURVE_WITH_KNOTS('',1,(#660,#661),.UNSPECIFIED.,.F.,.F.,
  (2,2),(-124.4894709833,20.854947554154),.PIECEWISE_BEZIER_KNOTS.);
#660 = CARTESIAN_POINT('',(-95.,-54.88817771112));
#661 = CARTESIAN_POINT('',(-8.881784197001E-15,55.111822288879));
#662 = ( GEOMETRIC_REPRESENTATION_CONTEXT(2) 
PARAMETRIC_REPRESENTATION_CONTEXT() REPRESENTATION_CONTEXT('2D SPACE',''
  ) );
#663 = PCURVE('',#664,#669);
#664 = PLANE('',#665);
#665 = AXIS2_PLACEMENT_3D('',#666,#667,#668);
#666 = CARTESIAN_POINT('',(180.,83.,155.));
#667 = DIRECTION('',(0.756823007769,0.,-0.653619870346));
#668 = DIRECTION('',(-0.653619870346,-0.,-0.756823007769));
#669 = DEFINITIONAL_REPRESENTATION('',(#670),#673);
#670 = B_SPLINE_CURVE_WITH_KNOTS('',1,(#671,#672),.UNSPECIFIED.,.F.,.F.,
  (2,2),(-124.4894709833,20.854947554154),.PIECEWISE_BEZIER_KNOTS.);
#671 = CARTESIAN_POINT('',(145.34441853748,-1.));
#672 = CARTESIAN_POINT('',(0.,-1.));
#673 = ( GEOMETRIC_REPRESENTATION_CONTEXT(2) 
PARAMETRIC_REPRESENTATION_CONTEXT() REPRESENTATION_CONTEXT('2D SPACE',''
  ) );
#674 = FACE_BOUND('',#675,.F.);
#675 = EDGE_LOOP('',(#676));
#676 = ORIENTED_EDGE('',*,*,#677,.F.);
#677 = EDGE_CURVE('',#678,#678,#680,.T.);
#678 = VERTEX_POINT('',#679);
#679 = CARTESIAN_POINT('',(182.75,82.,175.));
#680 = SURFACE_CURVE('',#681,(#686,#693),.PCURVE_S1.);
#681 = CIRCLE('',#682,2.75);
#682 = AXIS2_PLACEMENT_3D('',#683,#684,#685);
#683 = CARTESIAN_POINT('',(180.,82.,175.));
#684 = DIRECTION('',(0.,-1.,2.22044604925E-16));
#685 = DIRECTION('',(1.,0.,0.));
#686 = PCURVE('',#260,#687);
#687 = DEFINITIONAL_REPRESENTATION('',(#688),#692);
#688 = CIRCLE('',#689,2.75);
#689 = AXIS2_PLACEMENT_2D('',#690,#691);
#690 = CARTESIAN_POINT('',(0.,75.111822288879));
#691 = DIRECTION('',(1.,0.));
#692 = ( GEOMETRIC_REPRESENTATION_CONTEXT(2) 
PARAMETRIC_REPRESENTATION_CONTEXT() REPRESENTATION_CONTEXT('2D SPACE',''
  ) );
#693 = PCURVE('',#694,#699);
#694 = CYLINDRICAL_SURFACE('',#695,2.75);
#695 = AXIS2_PLACEMENT_3D('',#696,#697,#698);
#696 = CARTESIAN_POINT('',(180.,83.,175.));
#697 = DIRECTION('',(0.,-1.,2.22044604925E-16));
#698 = DIRECTION('',(1.,0.,0.));
#699 = DEFINITIONAL_REPRESENTATION('',(#700),#704);
#700 = LINE('',#701,#702);
#701 = CARTESIAN_POINT('',(0.,1.));
#702 = VECTOR('',#703,1.);
#703 = DIRECTION('',(1.,0.));
#704 = ( GEOMETRIC_REPRESENTATION_CONTEXT(2) 
PARAMETRIC_REPRESENTATION_CONTEXT() REPRESENTATION_CONTEXT('2D SPACE',''
  ) );
#705 = FACE_BOUND('',#706,.F.);
#706 = EDGE_LOOP('',(#707));
#707 = ORIENTED_EDGE('',*,*,#708,.F.);
#708 = EDGE_CURVE('',#709,#709,#711,.T.);
#709 = VERTEX_POINT('',#710);
#710 = CARTESIAN_POINT('',(184.2,82.,203.));
#711 = SURFACE_CURVE('',#712,(#717,#724),.PCURVE_S1.);
#712 = CIRCLE('',#713,4.2);
#713 = AXIS2_PLACEMENT_3D('',#714,#715,#716);
#714 = CARTESIAN_POINT('',(180.,82.,203.));
#715 = DIRECTION('',(0.,-1.,2.22044604925E-16));
#716 = DIRECTION('',(1.,0.,0.));
#717 = PCURVE('',#260,#718);
#718 = DEFINITIONAL_REPRESENTATION('',(#719),#723);
#719 = CIRCLE('',#720,4.2);
#720 = AXIS2_PLACEMENT_2D('',#721,#722);
#721 = CARTESIAN_POINT('',(0.,103.11182228887));
#722 = DIRECTION('',(1.,0.));
#723 = ( GEOMETRIC_REPRESENTATION_CONTEXT(2) 
PARAMETRIC_REPRESENTATION_CONTEXT() REPRESENTATION_CONTEXT('2D SPACE',''
  ) );
#724 = PCURVE('',#725,#730);
#725 = CYLINDRICAL_SURFACE('',#726,4.2);
#726 = AXIS2_PLACEMENT_3D('',#727,#728,#729);
#727 = CARTESIAN_POINT('',(180.,83.,203.));
#728 = DIRECTION('',(0.,-1.,2.22044604925E-16));
#729 = DIRECTION('',(1.,0.,0.));
#730 = DEFINITIONAL_REPRESENTATION('',(#731),#735);
#731 = LINE('',#732,#733);
#732 = CARTESIAN_POINT('',(0.,1.));
#733 = VECTOR('',#734,1.);
#734 = DIRECTION('',(1.,0.));
#735 = ( GEOMETRIC_REPRESENTATION_CONTEXT(2) 
PARAMETRIC_REPRESENTATION_CONTEXT() REPRESENTATION_CONTEXT('2D SPACE',''
  ) );
#736 = FACE_BOUND('',#737,.F.);
#737 = EDGE_LOOP('',(#738));
#738 = ORIENTED_EDGE('',*,*,#739,.F.);
#739 = EDGE_CURVE('',#740,#740,#742,.T.);
#740 = VERTEX_POINT('',#741);
#741 = CARTESIAN_POINT('',(190.5,82.,230.));
#742 = SURFACE_CURVE('',#743,(#748,#755),.PCURVE_S1.);
#743 = CIRCLE('',#744,10.5);
#744 = AXIS2_PLACEMENT_3D('',#745,#746,#747);
#745 = CARTESIAN_POINT('',(180.,82.,230.));
#746 = DIRECTION('',(0.,-1.,2.22044604925E-16));
#747 = DIRECTION('',(1.,0.,0.));
#748 = PCURVE('',#260,#749);
#749 = DEFINITIONAL_REPRESENTATION('',(#750),#754);
#750 = CIRCLE('',#751,10.5);
#751 = AXIS2_PLACEMENT_2D('',#752,#753);
#752 = CARTESIAN_POINT('',(0.,130.11182228887));
#753 = DIRECTION('',(1.,0.));
#754 = ( GEOMETRIC_REPRESENTATION_CONTEXT(2) 
PARAMETRIC_REPRESENTATION_CONTEXT() REPRESENTATION_CONTEXT('2D SPACE',''
  ) );
#755 = PCURVE('',#756,#761);
#756 = CYLINDRICAL_SURFACE('',#757,10.5);
#757 = AXIS2_PLACEMENT_3D('',#758,#759,#760);
#758 = CARTESIAN_POINT('',(180.,83.,230.));
#759 = DIRECTION('',(0.,-1.,2.22044604925E-16));
#760 = DIRECTION('',(1.,0.,0.));
#761 = DEFINITIONAL_REPRESENTATION('',(#762),#766);
#762 = LINE('',#763,#764);
#763 = CARTESIAN_POINT('',(0.,1.));
#764 = VECTOR('',#765,1.);
#765 = DIRECTION('',(1.,0.));
#766 = ( GEOMETRIC_REPRESENTATION_CONTEXT(2) 
PARAMETRIC_REPRESENTATION_CONTEXT() REPRESENTATION_CONTEXT('2D SPACE',''
  ) );
#767 = FACE_BOUND('',#768,.F.);
#768 = EDGE_LOOP('',(#769));
#769 = ORIENTED_EDGE('',*,*,#770,.F.);
#770 = EDGE_CURVE('',#771,#771,#773,.T.);
#771 = VERTEX_POINT('',#772);
#772 = CARTESIAN_POINT('',(184.2,82.,257.));
#773 = SURFACE_CURVE('',#774,(#779,#786),.PCURVE_S1.);
#774 = CIRCLE('',#775,4.2);
#775 = AXIS2_PLACEMENT_3D('',#776,#777,#778);
#776 = CARTESIAN_POINT('',(180.,82.,257.));
#777 = DIRECTION('',(0.,-1.,2.22044604925E-16));
#778 = DIRECTION('',(1.,0.,0.));
#779 = PCURVE('',#260,#780);
#780 = DEFINITIONAL_REPRESENTATION('',(#781),#785);
#781 = CIRCLE('',#782,4.2);
#782 = AXIS2_PLACEMENT_2D('',#783,#784);
#783 = CARTESIAN_POINT('',(0.,157.11182228887));
#784 = DIRECTION('',(1.,0.));
#785 = ( GEOMETRIC_REPRESENTATION_CONTEXT(2) 
PARAMETRIC_REPRESENTATION_CONTEXT() REPRESENTATION_CONTEXT('2D SPACE',''
  ) );
#786 = PCURVE('',#787,#792);
#787 = CYLINDRICAL_SURFACE('',#788,4.2);
#788 = AXIS2_PLACEMENT_3D('',#789,#790,#791);
#789 = CARTESIAN_POINT('',(180.,83.,257.));
#790 = DIRECTION('',(0.,-1.,2.22044604925E-16));
#791 = DIRECTION('',(1.,0.,0.));
#792 = DEFINITIONAL_REPRESENTATION('',(#793),#797);
#793 = LINE('',#794,#795);
#794 = CARTESIAN_POINT('',(0.,1.));
#795 = VECTOR('',#796,1.);
#796 = DIRECTION('',(1.,0.));
#797 = ( GEOMETRIC_REPRESENTATION_CONTEXT(2) 
PARAMETRIC_REPRESENTATION_CONTEXT() REPRESENTATION_CONTEXT('2D SPACE',''
  ) );
#798 = ADVANCED_FACE('',(#799,#871,#897,#923,#949,#1014,#1040,#1066,
    #1092),#206,.T.);
#799 = FACE_BOUND('',#800,.T.);
#800 = EDGE_LOOP('',(#801,#802,#803,#826,#849,#870));
#801 = ORIENTED_EDGE('',*,*,#190,.T.);
#802 = ORIENTED_EDGE('',*,*,#352,.T.);
#803 = ORIENTED_EDGE('',*,*,#804,.T.);
#804 = EDGE_CURVE('',#353,#805,#807,.T.);
#805 = VERTEX_POINT('',#806);
#806 = CARTESIAN_POINT('',(220.,76.,262.));
#807 = SURFACE_CURVE('',#808,(#812,#819),.PCURVE_S1.);
#808 = LINE('',#809,#810);
#809 = CARTESIAN_POINT('',(340.,76.,30.));
#810 = VECTOR('',#811,1.);
#811 = DIRECTION('',(-0.459422918874,0.,0.888217643156));
#812 = PCURVE('',#206,#813);
#813 = DEFINITIONAL_REPRESENTATION('',(#814),#818);
#814 = LINE('',#815,#816);
#815 = CARTESIAN_POINT('',(160.,-69.88817771112));
#816 = VECTOR('',#817,1.);
#817 = DIRECTION('',(-0.459422918874,0.888217643156));
#818 = ( GEOMETRIC_REPRESENTATION_CONTEXT(2) 
PARAMETRIC_REPRESENTATION_CONTEXT() REPRESENTATION_CONTEXT('2D SPACE',''
  ) );
#819 = PCURVE('',#391,#820);
#820 = DEFINITIONAL_REPRESENTATION('',(#821),#825);
#821 = LINE('',#822,#823);
#822 = CARTESIAN_POINT('',(0.,-6.));
#823 = VECTOR('',#824,1.);
#824 = DIRECTION('',(1.,0.));
#825 = ( GEOMETRIC_REPRESENTATION_CONTEXT(2) 
PARAMETRIC_REPRESENTATION_CONTEXT() REPRESENTATION_CONTEXT('2D SPACE',''
  ) );
#826 = ORIENTED_EDGE('',*,*,#827,.T.);
#827 = EDGE_CURVE('',#805,#828,#830,.T.);
#828 = VERTEX_POINT('',#829);
#829 = CARTESIAN_POINT('',(140.,76.,262.));
#830 = SURFACE_CURVE('',#831,(#835,#842),.PCURVE_S1.);
#831 = LINE('',#832,#833);
#832 = CARTESIAN_POINT('',(220.,76.,262.));
#833 = VECTOR('',#834,1.);
#834 = DIRECTION('',(-1.,0.,0.));
#835 = PCURVE('',#206,#836);
#836 = DEFINITIONAL_REPRESENTATION('',(#837),#841);
#837 = LINE('',#838,#839);
#838 = CARTESIAN_POINT('',(40.,162.11182228887));
#839 = VECTOR('',#840,1.);
#840 = DIRECTION('',(-1.,0.));
#841 = ( GEOMETRIC_REPRESENTATION_CONTEXT(2) 
PARAMETRIC_REPRESENTATION_CONTEXT() REPRESENTATION_CONTEXT('2D SPACE',''
  ) );
#842 = PCURVE('',#468,#843);
#843 = DEFINITIONAL_REPRESENTATION('',(#844),#848);
#844 = LINE('',#845,#846);
#845 = CARTESIAN_POINT('',(0.,-6.));
#846 = VECTOR('',#847,1.);
#847 = DIRECTION('',(1.,0.));
#848 = ( GEOMETRIC_REPRESENTATION_CONTEXT(2) 
PARAMETRIC_REPRESENTATION_CONTEXT() REPRESENTATION_CONTEXT('2D SPACE',''
  ) );
#849 = ORIENTED_EDGE('',*,*,#850,.T.);
#850 = EDGE_CURVE('',#828,#278,#851,.T.);
#851 = SURFACE_CURVE('',#852,(#856,#863),.PCURVE_S1.);
#852 = LINE('',#853,#854);
#853 = CARTESIAN_POINT('',(140.,76.,262.));
#854 = VECTOR('',#855,1.);
#855 = DIRECTION('',(-0.459422918874,-0.,-0.888217643156));
#856 = PCURVE('',#206,#857);
#857 = DEFINITIONAL_REPRESENTATION('',(#858),#862);
#858 = LINE('',#859,#860);
#859 = CARTESIAN_POINT('',(-40.,162.11182228887));
#860 = VECTOR('',#861,1.);
#861 = DIRECTION('',(-0.459422918874,-0.888217643156));
#862 = ( GEOMETRIC_REPRESENTATION_CONTEXT(2) 
PARAMETRIC_REPRESENTATION_CONTEXT() REPRESENTATION_CONTEXT('2D SPACE',''
  ) );
#863 = PCURVE('',#293,#864);
#864 = DEFINITIONAL_REPRESENTATION('',(#865),#869);
#865 = LINE('',#866,#867);
#866 = CARTESIAN_POINT('',(0.,-6.));
#867 = VECTOR('',#868,1.);
#868 = DIRECTION('',(1.,0.));
#869 = ( GEOMETRIC_REPRESENTATION_CONTEXT(2) 
PARAMETRIC_REPRESENTATION_CONTEXT() REPRESENTATION_CONTEXT('2D SPACE',''
  ) );
#870 = ORIENTED_EDGE('',*,*,#305,.T.);
#871 = FACE_BOUND('',#872,.T.);
#872 = EDGE_LOOP('',(#873));
#873 = ORIENTED_EDGE('',*,*,#874,.F.);
#874 = EDGE_CURVE('',#875,#875,#877,.T.);
#875 = VERTEX_POINT('',#876);
#876 = CARTESIAN_POINT('',(53.2,76.,18.));
#877 = SURFACE_CURVE('',#878,(#883,#890),.PCURVE_S1.);
#878 = CIRCLE('',#879,3.2);
#879 = AXIS2_PLACEMENT_3D('',#880,#881,#882);
#880 = CARTESIAN_POINT('',(50.,76.,18.));
#881 = DIRECTION('',(0.,-1.,2.22044604925E-16));
#882 = DIRECTION('',(1.,0.,0.));
#883 = PCURVE('',#206,#884);
#884 = DEFINITIONAL_REPRESENTATION('',(#885),#889);
#885 = CIRCLE('',#886,3.2);
#886 = AXIS2_PLACEMENT_2D('',#887,#888);
#887 = CARTESIAN_POINT('',(-130.,-81.88817771112));
#888 = DIRECTION('',(1.,0.));
#889 = ( GEOMETRIC_REPRESENTATION_CONTEXT(2) 
PARAMETRIC_REPRESENTATION_CONTEXT() REPRESENTATION_CONTEXT('2D SPACE',''
  ) );
#890 = PCURVE('',#521,#891);
#891 = DEFINITIONAL_REPRESENTATION('',(#892),#896);
#892 = LINE('',#893,#894);
#893 = CARTESIAN_POINT('',(0.,7.));
#894 = VECTOR('',#895,1.);
#895 = DIRECTION('',(1.,0.));
#896 = ( GEOMETRIC_REPRESENTATION_CONTEXT(2) 
PARAMETRIC_REPRESENTATION_CONTEXT() REPRESENTATION_CONTEXT('2D SPACE',''
  ) );
#897 = FACE_BOUND('',#898,.T.);
#898 = EDGE_LOOP('',(#899));
#899 = ORIENTED_EDGE('',*,*,#900,.F.);
#900 = EDGE_CURVE('',#901,#901,#903,.T.);
#901 = VERTEX_POINT('',#902);
#902 = CARTESIAN_POINT('',(183.2,76.,30.));
#903 = SURFACE_CURVE('',#904,(#909,#916),.PCURVE_S1.);
#904 = CIRCLE('',#905,3.2);
#905 = AXIS2_PLACEMENT_3D('',#906,#907,#908);
#906 = CARTESIAN_POINT('',(180.,76.,30.));
#907 = DIRECTION('',(0.,-1.,2.22044604925E-16));
#908 = DIRECTION('',(1.,0.,0.));
#909 = PCURVE('',#206,#910);
#910 = DEFINITIONAL_REPRESENTATION('',(#911),#915);
#911 = CIRCLE('',#912,3.2);
#912 = AXIS2_PLACEMENT_2D('',#913,#914);
#913 = CARTESIAN_POINT('',(0.,-69.88817771112));
#914 = DIRECTION('',(1.,0.));
#915 = ( GEOMETRIC_REPRESENTATION_CONTEXT(2) 
PARAMETRIC_REPRESENTATION_CONTEXT() REPRESENTATION_CONTEXT('2D SPACE',''
  ) );
#916 = PCURVE('',#552,#917);
#917 = DEFINITIONAL_REPRESENTATION('',(#918),#922);
#918 = LINE('',#919,#920);
#919 = CARTESIAN_POINT('',(0.,7.));
#920 = VECTOR('',#921,1.);
#921 = DIRECTION('',(1.,0.));
#922 = ( GEOMETRIC_REPRESENTATION_CONTEXT(2) 
PARAMETRIC_REPRESENTATION_CONTEXT() REPRESENTATION_CONTEXT('2D SPACE',''
  ) );
#923 = FACE_BOUND('',#924,.T.);
#924 = EDGE_LOOP('',(#925));
#925 = ORIENTED_EDGE('',*,*,#926,.F.);
#926 = EDGE_CURVE('',#927,#927,#929,.T.);
#927 = VERTEX_POINT('',#928);
#928 = CARTESIAN_POINT('',(313.2,76.,18.));
#929 = SURFACE_CURVE('',#930,(#935,#942),.PCURVE_S1.);
#930 = CIRCLE('',#931,3.2);
#931 = AXIS2_PLACEMENT_3D('',#932,#933,#934);
#932 = CARTESIAN_POINT('',(310.,76.,18.));
#933 = DIRECTION('',(0.,-1.,2.22044604925E-16));
#934 = DIRECTION('',(1.,0.,0.));
#935 = PCURVE('',#206,#936);
#936 = DEFINITIONAL_REPRESENTATION('',(#937),#941);
#937 = CIRCLE('',#938,3.2);
#938 = AXIS2_PLACEMENT_2D('',#939,#940);
#939 = CARTESIAN_POINT('',(130.,-81.88817771112));
#940 = DIRECTION('',(1.,0.));
#941 = ( GEOMETRIC_REPRESENTATION_CONTEXT(2) 
PARAMETRIC_REPRESENTATION_CONTEXT() REPRESENTATION_CONTEXT('2D SPACE',''
  ) );
#942 = PCURVE('',#583,#943);
#943 = DEFINITIONAL_REPRESENTATION('',(#944),#948);
#944 = LINE('',#945,#946);
#945 = CARTESIAN_POINT('',(0.,7.));
#946 = VECTOR('',#947,1.);
#947 = DIRECTION('',(1.,0.));
#948 = ( GEOMETRIC_REPRESENTATION_CONTEXT(2) 
PARAMETRIC_REPRESENTATION_CONTEXT() REPRESENTATION_CONTEXT('2D SPACE',''
  ) );
#949 = FACE_BOUND('',#950,.T.);
#950 = EDGE_LOOP('',(#951,#974,#995));
#951 = ORIENTED_EDGE('',*,*,#952,.T.);
#952 = EDGE_CURVE('',#953,#955,#957,.T.);
#953 = VERTEX_POINT('',#954);
#954 = CARTESIAN_POINT('',(180.,76.,155.));
#955 = VERTEX_POINT('',#956);
#956 = CARTESIAN_POINT('',(275.,76.,45.));
#957 = SURFACE_CURVE('',#958,(#962,#968),.PCURVE_S1.);
#958 = LINE('',#959,#960);
#959 = CARTESIAN_POINT('',(241.13120811642,76.,84.216495865197));
#960 = VECTOR('',#961,1.);
#961 = DIRECTION('',(0.653619870346,0.,-0.756823007769));
#962 = PCURVE('',#206,#963);
#963 = DEFINITIONAL_REPRESENTATION('',(#964),#967);
#964 = B_SPLINE_CURVE_WITH_KNOTS('',1,(#965,#966),.UNSPECIFIED.,.F.,.F.,
  (2,2),(-93.52715682289,51.817261714589),.PIECEWISE_BEZIER_KNOTS.);
#965 = CARTESIAN_POINT('',(1.42108547152E-14,55.111822288879));
#966 = CARTESIAN_POINT('',(95.,-54.88817771112));
#967 = ( GEOMETRIC_REPRESENTATION_CONTEXT(2) 
PARAMETRIC_REPRESENTATION_CONTEXT() REPRESENTATION_CONTEXT('2D SPACE',''
  ) );
#968 = PCURVE('',#614,#969);
#969 = DEFINITIONAL_REPRESENTATION('',(#970),#973);
#970 = B_SPLINE_CURVE_WITH_KNOTS('',1,(#971,#972),.UNSPECIFIED.,.F.,.F.,
  (2,2),(-93.52715682289,51.817261714589),.PIECEWISE_BEZIER_KNOTS.);
#971 = CARTESIAN_POINT('',(145.34441853748,-7.));
#972 = CARTESIAN_POINT('',(0.,-7.));
#973 = ( GEOMETRIC_REPRESENTATION_CONTEXT(2) 
PARAMETRIC_REPRESENTATION_CONTEXT() REPRESENTATION_CONTEXT('2D SPACE',''
  ) );
#974 = ORIENTED_EDGE('',*,*,#975,.T.);
#975 = EDGE_CURVE('',#955,#976,#978,.T.);
#976 = VERTEX_POINT('',#977);
#977 = CARTESIAN_POINT('',(85.,76.,45.));
#978 = SURFACE_CURVE('',#979,(#983,#989),.PCURVE_S1.);
#979 = LINE('',#980,#981);
#980 = CARTESIAN_POINT('',(132.5,76.,45.));
#981 = VECTOR('',#982,1.);
#982 = DIRECTION('',(-1.,-0.,0.));
#983 = PCURVE('',#206,#984);
#984 = DEFINITIONAL_REPRESENTATION('',(#985),#988);
#985 = B_SPLINE_CURVE_WITH_KNOTS('',1,(#986,#987),.UNSPECIFIED.,.F.,.F.,
  (2,2),(-142.5,47.5),.PIECEWISE_BEZIER_KNOTS.);
#986 = CARTESIAN_POINT('',(95.,-54.88817771112));
#987 = CARTESIAN_POINT('',(-95.,-54.88817771112));
#988 = ( GEOMETRIC_REPRESENTATION_CONTEXT(2) 
PARAMETRIC_REPRESENTATION_CONTEXT() REPRESENTATION_CONTEXT('2D SPACE',''
  ) );
#989 = PCURVE('',#640,#990);
#990 = DEFINITIONAL_REPRESENTATION('',(#991),#994);
#991 = B_SPLINE_CURVE_WITH_KNOTS('',1,(#992,#993),.UNSPECIFIED.,.F.,.F.,
  (2,2),(-142.5,47.5),.PIECEWISE_BEZIER_KNOTS.);
#992 = CARTESIAN_POINT('',(190.,-7.));
#993 = CARTESIAN_POINT('',(0.,-7.));
#994 = ( GEOMETRIC_REPRESENTATION_CONTEXT(2) 
PARAMETRIC_REPRESENTATION_CONTEXT() REPRESENTATION_CONTEXT('2D SPACE',''
  ) );
#995 = ORIENTED_EDGE('',*,*,#996,.T.);
#996 = EDGE_CURVE('',#976,#953,#997,.T.);
#997 = SURFACE_CURVE('',#998,(#1002,#1008),.PCURVE_S1.);
#998 = LINE('',#999,#1000);
#999 = CARTESIAN_POINT('',(166.36879188357,76.,139.21649586519));
#1000 = VECTOR('',#1001,1.);
#1001 = DIRECTION('',(0.653619870346,0.,0.756823007769));
#1002 = PCURVE('',#206,#1003);
#1003 = DEFINITIONAL_REPRESENTATION('',(#1004),#1007);
#1004 = B_SPLINE_CURVE_WITH_KNOTS('',1,(#1005,#1006),.UNSPECIFIED.,.F.,
  .F.,(2,2),(-124.4894709833,20.854947554154),.PIECEWISE_BEZIER_KNOTS.);
#1005 = CARTESIAN_POINT('',(-95.,-54.88817771112));
#1006 = CARTESIAN_POINT('',(-8.881784197001E-15,55.111822288879));
#1007 = ( GEOMETRIC_REPRESENTATION_CONTEXT(2) 
PARAMETRIC_REPRESENTATION_CONTEXT() REPRESENTATION_CONTEXT('2D SPACE',''
  ) );
#1008 = PCURVE('',#664,#1009);
#1009 = DEFINITIONAL_REPRESENTATION('',(#1010),#1013);
#1010 = B_SPLINE_CURVE_WITH_KNOTS('',1,(#1011,#1012),.UNSPECIFIED.,.F.,
  .F.,(2,2),(-124.4894709833,20.854947554154),.PIECEWISE_BEZIER_KNOTS.);
#1011 = CARTESIAN_POINT('',(145.34441853748,-7.));
#1012 = CARTESIAN_POINT('',(0.,-7.));
#1013 = ( GEOMETRIC_REPRESENTATION_CONTEXT(2) 
PARAMETRIC_REPRESENTATION_CONTEXT() REPRESENTATION_CONTEXT('2D SPACE',''
  ) );
#1014 = FACE_BOUND('',#1015,.T.);
#1015 = EDGE_LOOP('',(#1016));
#1016 = ORIENTED_EDGE('',*,*,#1017,.F.);
#1017 = EDGE_CURVE('',#1018,#1018,#1020,.T.);
#1018 = VERTEX_POINT('',#1019);
#1019 = CARTESIAN_POINT('',(182.75,76.,175.));
#1020 = SURFACE_CURVE('',#1021,(#1026,#1033),.PCURVE_S1.);
#1021 = CIRCLE('',#1022,2.75);
#1022 = AXIS2_PLACEMENT_3D('',#1023,#1024,#1025);
#1023 = CARTESIAN_POINT('',(180.,76.,175.));
#1024 = DIRECTION('',(0.,-1.,2.22044604925E-16));
#1025 = DIRECTION('',(1.,0.,0.));
#1026 = PCURVE('',#206,#1027);
#1027 = DEFINITIONAL_REPRESENTATION('',(#1028),#1032);
#1028 = CIRCLE('',#1029,2.75);
#1029 = AXIS2_PLACEMENT_2D('',#1030,#1031);
#1030 = CARTESIAN_POINT('',(0.,75.111822288879));
#1031 = DIRECTION('',(1.,0.));
#1032 = ( GEOMETRIC_REPRESENTATION_CONTEXT(2) 
PARAMETRIC_REPRESENTATION_CONTEXT() REPRESENTATION_CONTEXT('2D SPACE',''
  ) );
#1033 = PCURVE('',#694,#1034);
#1034 = DEFINITIONAL_REPRESENTATION('',(#1035),#1039);
#1035 = LINE('',#1036,#1037);
#1036 = CARTESIAN_POINT('',(0.,7.));
#1037 = VECTOR('',#1038,1.);
#1038 = DIRECTION('',(1.,0.));
#1039 = ( GEOMETRIC_REPRESENTATION_CONTEXT(2) 
PARAMETRIC_REPRESENTATION_CONTEXT() REPRESENTATION_CONTEXT('2D SPACE',''
  ) );
#1040 = FACE_BOUND('',#1041,.T.);
#1041 = EDGE_LOOP('',(#1042));
#1042 = ORIENTED_EDGE('',*,*,#1043,.F.);
#1043 = EDGE_CURVE('',#1044,#1044,#1046,.T.);
#1044 = VERTEX_POINT('',#1045);
#1045 = CARTESIAN_POINT('',(184.2,76.,203.));
#1046 = SURFACE_CURVE('',#1047,(#1052,#1059),.PCURVE_S1.);
#1047 = CIRCLE('',#1048,4.2);
#1048 = AXIS2_PLACEMENT_3D('',#1049,#1050,#1051);
#1049 = CARTESIAN_POINT('',(180.,76.,203.));
#1050 = DIRECTION('',(0.,-1.,2.22044604925E-16));
#1051 = DIRECTION('',(1.,0.,0.));
#1052 = PCURVE('',#206,#1053);
#1053 = DEFINITIONAL_REPRESENTATION('',(#1054),#1058);
#1054 = CIRCLE('',#1055,4.2);
#1055 = AXIS2_PLACEMENT_2D('',#1056,#1057);
#1056 = CARTESIAN_POINT('',(0.,103.11182228887));
#1057 = DIRECTION('',(1.,0.));
#1058 = ( GEOMETRIC_REPRESENTATION_CONTEXT(2) 
PARAMETRIC_REPRESENTATION_CONTEXT() REPRESENTATION_CONTEXT('2D SPACE',''
  ) );
#1059 = PCURVE('',#725,#1060);
#1060 = DEFINITIONAL_REPRESENTATION('',(#1061),#1065);
#1061 = LINE('',#1062,#1063);
#1062 = CARTESIAN_POINT('',(0.,7.));
#1063 = VECTOR('',#1064,1.);
#1064 = DIRECTION('',(1.,0.));
#1065 = ( GEOMETRIC_REPRESENTATION_CONTEXT(2) 
PARAMETRIC_REPRESENTATION_CONTEXT() REPRESENTATION_CONTEXT('2D SPACE',''
  ) );
#1066 = FACE_BOUND('',#1067,.T.);
#1067 = EDGE_LOOP('',(#1068));
#1068 = ORIENTED_EDGE('',*,*,#1069,.F.);
#1069 = EDGE_CURVE('',#1070,#1070,#1072,.T.);
#1070 = VERTEX_POINT('',#1071);
#1071 = CARTESIAN_POINT('',(190.5,76.,230.));
#1072 = SURFACE_CURVE('',#1073,(#1078,#1085),.PCURVE_S1.);
#1073 = CIRCLE('',#1074,10.5);
#1074 = AXIS2_PLACEMENT_3D('',#1075,#1076,#1077);
#1075 = CARTESIAN_POINT('',(180.,76.,230.));
#1076 = DIRECTION('',(0.,-1.,2.22044604925E-16));
#1077 = DIRECTION('',(1.,0.,0.));
#1078 = PCURVE('',#206,#1079);
#1079 = DEFINITIONAL_REPRESENTATION('',(#1080),#1084);
#1080 = CIRCLE('',#1081,10.5);
#1081 = AXIS2_PLACEMENT_2D('',#1082,#1083);
#1082 = CARTESIAN_POINT('',(0.,130.11182228887));
#1083 = DIRECTION('',(1.,0.));
#1084 = ( GEOMETRIC_REPRESENTATION_CONTEXT(2) 
PARAMETRIC_REPRESENTATION_CONTEXT() REPRESENTATION_CONTEXT('2D SPACE',''
  ) );
#1085 = PCURVE('',#756,#1086);
#1086 = DEFINITIONAL_REPRESENTATION('',(#1087),#1091);
#1087 = LINE('',#1088,#1089);
#1088 = CARTESIAN_POINT('',(0.,7.));
#1089 = VECTOR('',#1090,1.);
#1090 = DIRECTION('',(1.,0.));
#1091 = ( GEOMETRIC_REPRESENTATION_CONTEXT(2) 
PARAMETRIC_REPRESENTATION_CONTEXT() REPRESENTATION_CONTEXT('2D SPACE',''
  ) );
#1092 = FACE_BOUND('',#1093,.T.);
#1093 = EDGE_LOOP('',(#1094));
#1094 = ORIENTED_EDGE('',*,*,#1095,.F.);
#1095 = EDGE_CURVE('',#1096,#1096,#1098,.T.);
#1096 = VERTEX_POINT('',#1097);
#1097 = CARTESIAN_POINT('',(184.2,76.,257.));
#1098 = SURFACE_CURVE('',#1099,(#1104,#1111),.PCURVE_S1.);
#1099 = CIRCLE('',#1100,4.2);
#1100 = AXIS2_PLACEMENT_3D('',#1101,#1102,#1103);
#1101 = CARTESIAN_POINT('',(180.,76.,257.));
#1102 = DIRECTION('',(0.,-1.,2.22044604925E-16));
#1103 = DIRECTION('',(1.,0.,0.));
#1104 = PCURVE('',#206,#1105);
#1105 = DEFINITIONAL_REPRESENTATION('',(#1106),#1110);
#1106 = CIRCLE('',#1107,4.2);
#1107 = AXIS2_PLACEMENT_2D('',#1108,#1109);
#1108 = CARTESIAN_POINT('',(0.,157.11182228887));
#1109 = DIRECTION('',(1.,0.));
#1110 = ( GEOMETRIC_REPRESENTATION_CONTEXT(2) 
PARAMETRIC_REPRESENTATION_CONTEXT() REPRESENTATION_CONTEXT('2D SPACE',''
  ) );
#1111 = PCURVE('',#787,#1112);
#1112 = DEFINITIONAL_REPRESENTATION('',(#1113),#1117);
#1113 = LINE('',#1114,#1115);
#1114 = CARTESIAN_POINT('',(0.,7.));
#1115 = VECTOR('',#1116,1.);
#1116 = DIRECTION('',(1.,0.));
#1117 = ( GEOMETRIC_REPRESENTATION_CONTEXT(2) 
PARAMETRIC_REPRESENTATION_CONTEXT() REPRESENTATION_CONTEXT('2D SPACE',''
  ) );
#1118 = ADVANCED_FACE('',(#1119),#293,.F.);
#1119 = FACE_BOUND('',#1120,.F.);
#1120 = EDGE_LOOP('',(#1121,#1142,#1143,#1144));
#1121 = ORIENTED_EDGE('',*,*,#1122,.T.);
#1122 = EDGE_CURVE('',#453,#828,#1123,.T.);
#1123 = SURFACE_CURVE('',#1124,(#1128,#1135),.PCURVE_S1.);
#1124 = LINE('',#1125,#1126);
#1125 = CARTESIAN_POINT('',(140.,82.,262.));
#1126 = VECTOR('',#1127,1.);
#1127 = DIRECTION('',(0.,-1.,0.));
#1128 = PCURVE('',#293,#1129);
#1129 = DEFINITIONAL_REPRESENTATION('',(#1130),#1134);
#1130 = LINE('',#1131,#1132);
#1131 = CARTESIAN_POINT('',(-0.,0.));
#1132 = VECTOR('',#1133,1.);
#1133 = DIRECTION('',(0.,-1.));
#1134 = ( GEOMETRIC_REPRESENTATION_CONTEXT(2) 
PARAMETRIC_REPRESENTATION_CONTEXT() REPRESENTATION_CONTEXT('2D SPACE',''
  ) );
#1135 = PCURVE('',#468,#1136);
#1136 = DEFINITIONAL_REPRESENTATION('',(#1137),#1141);
#1137 = LINE('',#1138,#1139);
#1138 = CARTESIAN_POINT('',(80.,0.));
#1139 = VECTOR('',#1140,1.);
#1140 = DIRECTION('',(0.,-1.));
#1141 = ( GEOMETRIC_REPRESENTATION_CONTEXT(2) 
PARAMETRIC_REPRESENTATION_CONTEXT() REPRESENTATION_CONTEXT('2D SPACE',''
  ) );
#1142 = ORIENTED_EDGE('',*,*,#850,.T.);
#1143 = ORIENTED_EDGE('',*,*,#275,.F.);
#1144 = ORIENTED_EDGE('',*,*,#480,.F.);
#1145 = ADVANCED_FACE('',(#1146),#391,.F.);
#1146 = FACE_BOUND('',#1147,.F.);
#1147 = EDGE_LOOP('',(#1148,#1149,#1150,#1171));
#1148 = ORIENTED_EDGE('',*,*,#375,.T.);
#1149 = ORIENTED_EDGE('',*,*,#804,.T.);
#1150 = ORIENTED_EDGE('',*,*,#1151,.F.);
#1151 = EDGE_CURVE('',#430,#805,#1152,.T.);
#1152 = SURFACE_CURVE('',#1153,(#1157,#1164),.PCURVE_S1.);
#1153 = LINE('',#1154,#1155);
#1154 = CARTESIAN_POINT('',(220.,82.,262.));
#1155 = VECTOR('',#1156,1.);
#1156 = DIRECTION('',(0.,-1.,0.));
#1157 = PCURVE('',#391,#1158);
#1158 = DEFINITIONAL_REPRESENTATION('',(#1159),#1163);
#1159 = LINE('',#1160,#1161);
#1160 = CARTESIAN_POINT('',(261.19724347703,0.));
#1161 = VECTOR('',#1162,1.);
#1162 = DIRECTION('',(0.,-1.));
#1163 = ( GEOMETRIC_REPRESENTATION_CONTEXT(2) 
PARAMETRIC_REPRESENTATION_CONTEXT() REPRESENTATION_CONTEXT('2D SPACE',''
  ) );
#1164 = PCURVE('',#468,#1165);
#1165 = DEFINITIONAL_REPRESENTATION('',(#1166),#1170);
#1166 = LINE('',#1167,#1168);
#1167 = CARTESIAN_POINT('',(0.,0.));
#1168 = VECTOR('',#1169,1.);
#1169 = DIRECTION('',(0.,-1.));
#1170 = ( GEOMETRIC_REPRESENTATION_CONTEXT(2) 
PARAMETRIC_REPRESENTATION_CONTEXT() REPRESENTATION_CONTEXT('2D SPACE',''
  ) );
#1171 = ORIENTED_EDGE('',*,*,#429,.F.);
#1172 = ADVANCED_FACE('',(#1173),#468,.F.);
#1173 = FACE_BOUND('',#1174,.F.);
#1174 = EDGE_LOOP('',(#1175,#1176,#1177,#1178));
#1175 = ORIENTED_EDGE('',*,*,#1151,.T.);
#1176 = ORIENTED_EDGE('',*,*,#827,.T.);
#1177 = ORIENTED_EDGE('',*,*,#1122,.F.);
#1178 = ORIENTED_EDGE('',*,*,#452,.F.);
#1179 = ADVANCED_FACE('',(#1180),#521,.F.);
#1180 = FACE_BOUND('',#1181,.F.);
#1181 = EDGE_LOOP('',(#1182,#1183,#1204,#1205));
#1182 = ORIENTED_EDGE('',*,*,#874,.F.);
#1183 = ORIENTED_EDGE('',*,*,#1184,.F.);
#1184 = EDGE_CURVE('',#505,#875,#1185,.T.);
#1185 = SEAM_CURVE('',#1186,(#1190,#1197),.PCURVE_S1.);
#1186 = LINE('',#1187,#1188);
#1187 = CARTESIAN_POINT('',(53.2,83.,18.));
#1188 = VECTOR('',#1189,1.);
#1189 = DIRECTION('',(0.,-1.,2.22044604925E-16));
#1190 = PCURVE('',#521,#1191);
#1191 = DEFINITIONAL_REPRESENTATION('',(#1192),#1196);
#1192 = LINE('',#1193,#1194);
#1193 = CARTESIAN_POINT('',(6.28318530718,-0.));
#1194 = VECTOR('',#1195,1.);
#1195 = DIRECTION('',(0.,1.));
#1196 = ( GEOMETRIC_REPRESENTATION_CONTEXT(2) 
PARAMETRIC_REPRESENTATION_CONTEXT() REPRESENTATION_CONTEXT('2D SPACE',''
  ) );
#1197 = PCURVE('',#521,#1198);
#1198 = DEFINITIONAL_REPRESENTATION('',(#1199),#1203);
#1199 = LINE('',#1200,#1201);
#1200 = CARTESIAN_POINT('',(0.,-0.));
#1201 = VECTOR('',#1202,1.);
#1202 = DIRECTION('',(0.,1.));
#1203 = ( GEOMETRIC_REPRESENTATION_CONTEXT(2) 
PARAMETRIC_REPRESENTATION_CONTEXT() REPRESENTATION_CONTEXT('2D SPACE',''
  ) );
#1204 = ORIENTED_EDGE('',*,*,#504,.T.);
#1205 = ORIENTED_EDGE('',*,*,#1184,.T.);
#1206 = ADVANCED_FACE('',(#1207),#552,.F.);
#1207 = FACE_BOUND('',#1208,.F.);
#1208 = EDGE_LOOP('',(#1209,#1210,#1231,#1232));
#1209 = ORIENTED_EDGE('',*,*,#900,.F.);
#1210 = ORIENTED_EDGE('',*,*,#1211,.F.);
#1211 = EDGE_CURVE('',#536,#901,#1212,.T.);
#1212 = SEAM_CURVE('',#1213,(#1217,#1224),.PCURVE_S1.);
#1213 = LINE('',#1214,#1215);
#1214 = CARTESIAN_POINT('',(183.2,83.,30.));
#1215 = VECTOR('',#1216,1.);
#1216 = DIRECTION('',(0.,-1.,2.22044604925E-16));
#1217 = PCURVE('',#552,#1218);
#1218 = DEFINITIONAL_REPRESENTATION('',(#1219),#1223);
#1219 = LINE('',#1220,#1221);
#1220 = CARTESIAN_POINT('',(6.28318530718,-0.));
#1221 = VECTOR('',#1222,1.);
#1222 = DIRECTION('',(0.,1.));
#1223 = ( GEOMETRIC_REPRESENTATION_CONTEXT(2) 
PARAMETRIC_REPRESENTATION_CONTEXT() REPRESENTATION_CONTEXT('2D SPACE',''
  ) );
#1224 = PCURVE('',#552,#1225);
#1225 = DEFINITIONAL_REPRESENTATION('',(#1226),#1230);
#1226 = LINE('',#1227,#1228);
#1227 = CARTESIAN_POINT('',(0.,-0.));
#1228 = VECTOR('',#1229,1.);
#1229 = DIRECTION('',(0.,1.));
#1230 = ( GEOMETRIC_REPRESENTATION_CONTEXT(2) 
PARAMETRIC_REPRESENTATION_CONTEXT() REPRESENTATION_CONTEXT('2D SPACE',''
  ) );
#1231 = ORIENTED_EDGE('',*,*,#535,.T.);
#1232 = ORIENTED_EDGE('',*,*,#1211,.T.);
#1233 = ADVANCED_FACE('',(#1234),#583,.F.);
#1234 = FACE_BOUND('',#1235,.F.);
#1235 = EDGE_LOOP('',(#1236,#1237,#1258,#1259));
#1236 = ORIENTED_EDGE('',*,*,#926,.F.);
#1237 = ORIENTED_EDGE('',*,*,#1238,.F.);
#1238 = EDGE_CURVE('',#567,#927,#1239,.T.);
#1239 = SEAM_CURVE('',#1240,(#1244,#1251),.PCURVE_S1.);
#1240 = LINE('',#1241,#1242);
#1241 = CARTESIAN_POINT('',(313.2,83.,18.));
#1242 = VECTOR('',#1243,1.);
#1243 = DIRECTION('',(0.,-1.,2.22044604925E-16));
#1244 = PCURVE('',#583,#1245);
#1245 = DEFINITIONAL_REPRESENTATION('',(#1246),#1250);
#1246 = LINE('',#1247,#1248);
#1247 = CARTESIAN_POINT('',(6.28318530718,-0.));
#1248 = VECTOR('',#1249,1.);
#1249 = DIRECTION('',(0.,1.));
#1250 = ( GEOMETRIC_REPRESENTATION_CONTEXT(2) 
PARAMETRIC_REPRESENTATION_CONTEXT() REPRESENTATION_CONTEXT('2D SPACE',''
  ) );
#1251 = PCURVE('',#583,#1252);
#1252 = DEFINITIONAL_REPRESENTATION('',(#1253),#1257);
#1253 = LINE('',#1254,#1255);
#1254 = CARTESIAN_POINT('',(0.,-0.));
#1255 = VECTOR('',#1256,1.);
#1256 = DIRECTION('',(0.,1.));
#1257 = ( GEOMETRIC_REPRESENTATION_CONTEXT(2) 
PARAMETRIC_REPRESENTATION_CONTEXT() REPRESENTATION_CONTEXT('2D SPACE',''
  ) );
#1258 = ORIENTED_EDGE('',*,*,#566,.T.);
#1259 = ORIENTED_EDGE('',*,*,#1238,.T.);
#1260 = ADVANCED_FACE('',(#1261),#614,.T.);
#1261 = FACE_BOUND('',#1262,.T.);
#1262 = EDGE_LOOP('',(#1263,#1264,#1285,#1286));
#1263 = ORIENTED_EDGE('',*,*,#597,.T.);
#1264 = ORIENTED_EDGE('',*,*,#1265,.T.);
#1265 = EDGE_CURVE('',#600,#955,#1266,.T.);
#1266 = SURFACE_CURVE('',#1267,(#1271,#1278),.PCURVE_S1.);
#1267 = LINE('',#1268,#1269);
#1268 = CARTESIAN_POINT('',(275.,83.,45.));
#1269 = VECTOR('',#1270,1.);
#1270 = DIRECTION('',(0.,-1.,0.));
#1271 = PCURVE('',#614,#1272);
#1272 = DEFINITIONAL_REPRESENTATION('',(#1273),#1277);
#1273 = LINE('',#1274,#1275);
#1274 = CARTESIAN_POINT('',(0.,0.));
#1275 = VECTOR('',#1276,1.);
#1276 = DIRECTION('',(0.,-1.));
#1277 = ( GEOMETRIC_REPRESENTATION_CONTEXT(2) 
PARAMETRIC_REPRESENTATION_CONTEXT() REPRESENTATION_CONTEXT('2D SPACE',''
  ) );
#1278 = PCURVE('',#640,#1279);
#1279 = DEFINITIONAL_REPRESENTATION('',(#1280),#1284);
#1280 = LINE('',#1281,#1282);
#1281 = CARTESIAN_POINT('',(190.,0.));
#1282 = VECTOR('',#1283,1.);
#1283 = DIRECTION('',(0.,-1.));
#1284 = ( GEOMETRIC_REPRESENTATION_CONTEXT(2) 
PARAMETRIC_REPRESENTATION_CONTEXT() REPRESENTATION_CONTEXT('2D SPACE',''
  ) );
#1285 = ORIENTED_EDGE('',*,*,#952,.F.);
#1286 = ORIENTED_EDGE('',*,*,#1287,.F.);
#1287 = EDGE_CURVE('',#598,#953,#1288,.T.);
#1288 = SURFACE_CURVE('',#1289,(#1293,#1300),.PCURVE_S1.);
#1289 = LINE('',#1290,#1291);
#1290 = CARTESIAN_POINT('',(180.,83.,155.));
#1291 = VECTOR('',#1292,1.);
#1292 = DIRECTION('',(0.,-1.,0.));
#1293 = PCURVE('',#614,#1294);
#1294 = DEFINITIONAL_REPRESENTATION('',(#1295),#1299);
#1295 = LINE('',#1296,#1297);
#1296 = CARTESIAN_POINT('',(145.34441853748,0.));
#1297 = VECTOR('',#1298,1.);
#1298 = DIRECTION('',(0.,-1.));
#1299 = ( GEOMETRIC_REPRESENTATION_CONTEXT(2) 
PARAMETRIC_REPRESENTATION_CONTEXT() REPRESENTATION_CONTEXT('2D SPACE',''
  ) );
#1300 = PCURVE('',#664,#1301);
#1301 = DEFINITIONAL_REPRESENTATION('',(#1302),#1306);
#1302 = LINE('',#1303,#1304);
#1303 = CARTESIAN_POINT('',(-0.,0.));
#1304 = VECTOR('',#1305,1.);
#1305 = DIRECTION('',(0.,-1.));
#1306 = ( GEOMETRIC_REPRESENTATION_CONTEXT(2) 
PARAMETRIC_REPRESENTATION_CONTEXT() REPRESENTATION_CONTEXT('2D SPACE',''
  ) );
#1307 = ADVANCED_FACE('',(#1308),#664,.T.);
#1308 = FACE_BOUND('',#1309,.T.);
#1309 = EDGE_LOOP('',(#1310,#1311,#1312,#1313));
#1310 = ORIENTED_EDGE('',*,*,#651,.T.);
#1311 = ORIENTED_EDGE('',*,*,#1287,.T.);
#1312 = ORIENTED_EDGE('',*,*,#996,.F.);
#1313 = ORIENTED_EDGE('',*,*,#1314,.F.);
#1314 = EDGE_CURVE('',#626,#976,#1315,.T.);
#1315 = SURFACE_CURVE('',#1316,(#1320,#1327),.PCURVE_S1.);
#1316 = LINE('',#1317,#1318);
#1317 = CARTESIAN_POINT('',(85.,83.,45.));
#1318 = VECTOR('',#1319,1.);
#1319 = DIRECTION('',(0.,-1.,0.));
#1320 = PCURVE('',#664,#1321);
#1321 = DEFINITIONAL_REPRESENTATION('',(#1322),#1326);
#1322 = LINE('',#1323,#1324);
#1323 = CARTESIAN_POINT('',(145.34441853748,0.));
#1324 = VECTOR('',#1325,1.);
#1325 = DIRECTION('',(0.,-1.));
#1326 = ( GEOMETRIC_REPRESENTATION_CONTEXT(2) 
PARAMETRIC_REPRESENTATION_CONTEXT() REPRESENTATION_CONTEXT('2D SPACE',''
  ) );
#1327 = PCURVE('',#640,#1328);
#1328 = DEFINITIONAL_REPRESENTATION('',(#1329),#1333);
#1329 = LINE('',#1330,#1331);
#1330 = CARTESIAN_POINT('',(0.,0.));
#1331 = VECTOR('',#1332,1.);
#1332 = DIRECTION('',(0.,-1.));
#1333 = ( GEOMETRIC_REPRESENTATION_CONTEXT(2) 
PARAMETRIC_REPRESENTATION_CONTEXT() REPRESENTATION_CONTEXT('2D SPACE',''
  ) );
#1334 = ADVANCED_FACE('',(#1335),#640,.T.);
#1335 = FACE_BOUND('',#1336,.T.);
#1336 = EDGE_LOOP('',(#1337,#1338,#1339,#1340));
#1337 = ORIENTED_EDGE('',*,*,#625,.T.);
#1338 = ORIENTED_EDGE('',*,*,#1314,.T.);
#1339 = ORIENTED_EDGE('',*,*,#975,.F.);
#1340 = ORIENTED_EDGE('',*,*,#1265,.F.);
#1341 = ADVANCED_FACE('',(#1342),#694,.F.);
#1342 = FACE_BOUND('',#1343,.F.);
#1343 = EDGE_LOOP('',(#1344,#1345,#1366,#1367));
#1344 = ORIENTED_EDGE('',*,*,#1017,.F.);
#1345 = ORIENTED_EDGE('',*,*,#1346,.F.);
#1346 = EDGE_CURVE('',#678,#1018,#1347,.T.);
#1347 = SEAM_CURVE('',#1348,(#1352,#1359),.PCURVE_S1.);
#1348 = LINE('',#1349,#1350);
#1349 = CARTESIAN_POINT('',(182.75,83.,175.));
#1350 = VECTOR('',#1351,1.);
#1351 = DIRECTION('',(0.,-1.,2.22044604925E-16));
#1352 = PCURVE('',#694,#1353);
#1353 = DEFINITIONAL_REPRESENTATION('',(#1354),#1358);
#1354 = LINE('',#1355,#1356);
#1355 = CARTESIAN_POINT('',(6.28318530718,-0.));
#1356 = VECTOR('',#1357,1.);
#1357 = DIRECTION('',(0.,1.));
#1358 = ( GEOMETRIC_REPRESENTATION_CONTEXT(2) 
PARAMETRIC_REPRESENTATION_CONTEXT() REPRESENTATION_CONTEXT('2D SPACE',''
  ) );
#1359 = PCURVE('',#694,#1360);
#1360 = DEFINITIONAL_REPRESENTATION('',(#1361),#1365);
#1361 = LINE('',#1362,#1363);
#1362 = CARTESIAN_POINT('',(0.,-0.));
#1363 = VECTOR('',#1364,1.);
#1364 = DIRECTION('',(0.,1.));
#1365 = ( GEOMETRIC_REPRESENTATION_CONTEXT(2) 
PARAMETRIC_REPRESENTATION_CONTEXT() REPRESENTATION_CONTEXT('2D SPACE',''
  ) );
#1366 = ORIENTED_EDGE('',*,*,#677,.T.);
#1367 = ORIENTED_EDGE('',*,*,#1346,.T.);
#1368 = ADVANCED_FACE('',(#1369),#725,.F.);
#1369 = FACE_BOUND('',#1370,.F.);
#1370 = EDGE_LOOP('',(#1371,#1372,#1393,#1394));
#1371 = ORIENTED_EDGE('',*,*,#1043,.F.);
#1372 = ORIENTED_EDGE('',*,*,#1373,.F.);
#1373 = EDGE_CURVE('',#709,#1044,#1374,.T.);
#1374 = SEAM_CURVE('',#1375,(#1379,#1386),.PCURVE_S1.);
#1375 = LINE('',#1376,#1377);
#1376 = CARTESIAN_POINT('',(184.2,83.,203.));
#1377 = VECTOR('',#1378,1.);
#1378 = DIRECTION('',(0.,-1.,2.22044604925E-16));
#1379 = PCURVE('',#725,#1380);
#1380 = DEFINITIONAL_REPRESENTATION('',(#1381),#1385);
#1381 = LINE('',#1382,#1383);
#1382 = CARTESIAN_POINT('',(6.28318530718,-0.));
#1383 = VECTOR('',#1384,1.);
#1384 = DIRECTION('',(0.,1.));
#1385 = ( GEOMETRIC_REPRESENTATION_CONTEXT(2) 
PARAMETRIC_REPRESENTATION_CONTEXT() REPRESENTATION_CONTEXT('2D SPACE',''
  ) );
#1386 = PCURVE('',#725,#1387);
#1387 = DEFINITIONAL_REPRESENTATION('',(#1388),#1392);
#1388 = LINE('',#1389,#1390);
#1389 = CARTESIAN_POINT('',(0.,-0.));
#1390 = VECTOR('',#1391,1.);
#1391 = DIRECTION('',(0.,1.));
#1392 = ( GEOMETRIC_REPRESENTATION_CONTEXT(2) 
PARAMETRIC_REPRESENTATION_CONTEXT() REPRESENTATION_CONTEXT('2D SPACE',''
  ) );
#1393 = ORIENTED_EDGE('',*,*,#708,.T.);
#1394 = ORIENTED_EDGE('',*,*,#1373,.T.);
#1395 = ADVANCED_FACE('',(#1396),#756,.F.);
#1396 = FACE_BOUND('',#1397,.F.);
#1397 = EDGE_LOOP('',(#1398,#1399,#1420,#1421));
#1398 = ORIENTED_EDGE('',*,*,#1069,.F.);
#1399 = ORIENTED_EDGE('',*,*,#1400,.F.);
#1400 = EDGE_CURVE('',#740,#1070,#1401,.T.);
#1401 = SEAM_CURVE('',#1402,(#1406,#1413),.PCURVE_S1.);
#1402 = LINE('',#1403,#1404);
#1403 = CARTESIAN_POINT('',(190.5,83.,230.));
#1404 = VECTOR('',#1405,1.);
#1405 = DIRECTION('',(0.,-1.,2.22044604925E-16));
#1406 = PCURVE('',#756,#1407);
#1407 = DEFINITIONAL_REPRESENTATION('',(#1408),#1412);
#1408 = LINE('',#1409,#1410);
#1409 = CARTESIAN_POINT('',(6.28318530718,-0.));
#1410 = VECTOR('',#1411,1.);
#1411 = DIRECTION('',(0.,1.));
#1412 = ( GEOMETRIC_REPRESENTATION_CONTEXT(2) 
PARAMETRIC_REPRESENTATION_CONTEXT() REPRESENTATION_CONTEXT('2D SPACE',''
  ) );
#1413 = PCURVE('',#756,#1414);
#1414 = DEFINITIONAL_REPRESENTATION('',(#1415),#1419);
#1415 = LINE('',#1416,#1417);
#1416 = CARTESIAN_POINT('',(0.,-0.));
#1417 = VECTOR('',#1418,1.);
#1418 = DIRECTION('',(0.,1.));
#1419 = ( GEOMETRIC_REPRESENTATION_CONTEXT(2) 
PARAMETRIC_REPRESENTATION_CONTEXT() REPRESENTATION_CONTEXT('2D SPACE',''
  ) );
#1420 = ORIENTED_EDGE('',*,*,#739,.T.);
#1421 = ORIENTED_EDGE('',*,*,#1400,.T.);
#1422 = ADVANCED_FACE('',(#1423),#787,.F.);
#1423 = FACE_BOUND('',#1424,.F.);
#1424 = EDGE_LOOP('',(#1425,#1426,#1447,#1448));
#1425 = ORIENTED_EDGE('',*,*,#1095,.F.);
#1426 = ORIENTED_EDGE('',*,*,#1427,.F.);
#1427 = EDGE_CURVE('',#771,#1096,#1428,.T.);
#1428 = SEAM_CURVE('',#1429,(#1433,#1440),.PCURVE_S1.);
#1429 = LINE('',#1430,#1431);
#1430 = CARTESIAN_POINT('',(184.2,83.,257.));
#1431 = VECTOR('',#1432,1.);
#1432 = DIRECTION('',(0.,-1.,2.22044604925E-16));
#1433 = PCURVE('',#787,#1434);
#1434 = DEFINITIONAL_REPRESENTATION('',(#1435),#1439);
#1435 = LINE('',#1436,#1437);
#1436 = CARTESIAN_POINT('',(6.28318530718,-0.));
#1437 = VECTOR('',#1438,1.);
#1438 = DIRECTION('',(0.,1.));
#1439 = ( GEOMETRIC_REPRESENTATION_CONTEXT(2) 
PARAMETRIC_REPRESENTATION_CONTEXT() REPRESENTATION_CONTEXT('2D SPACE',''
  ) );
#1440 = PCURVE('',#787,#1441);
#1441 = DEFINITIONAL_REPRESENTATION('',(#1442),#1446);
#1442 = LINE('',#1443,#1444);
#1443 = CARTESIAN_POINT('',(0.,-0.));
#1444 = VECTOR('',#1445,1.);
#1445 = DIRECTION('',(0.,1.));
#1446 = ( GEOMETRIC_REPRESENTATION_CONTEXT(2) 
PARAMETRIC_REPRESENTATION_CONTEXT() REPRESENTATION_CONTEXT('2D SPACE',''
  ) );
#1447 = ORIENTED_EDGE('',*,*,#770,.T.);
#1448 = ORIENTED_EDGE('',*,*,#1427,.T.);
#1449 = ( GEOMETRIC_REPRESENTATION_CONTEXT(3) 
GLOBAL_UNCERTAINTY_ASSIGNED_CONTEXT((#1453)) 
GLOBAL_UNIT_ASSIGNED_CONTEXT((#1450,#1451,#1452)) REPRESENTATION_CONTEXT
('Context #1','3D Context with UNIT and UNCERTAINTY') );
#1450 = ( LENGTH_UNIT() NAMED_UNIT(*) SI_UNIT(.MILLI.,.METRE.) );
#1451 = ( NAMED_UNIT(*) PLANE_ANGLE_UNIT() SI_UNIT($,.RADIAN.) );
#1452 = ( NAMED_UNIT(*) SI_UNIT($,.STERADIAN.) SOLID_ANGLE_UNIT() );
#1453 = UNCERTAINTY_MEASURE_WITH_UNIT(LENGTH_MEASURE(1.E-07),#1450,
  'distance_accuracy_value','confusion accuracy');
#1454 = CONTEXT_DEPENDENT_SHAPE_REPRESENTATION(#1455,#1457);
#1455 = ( REPRESENTATION_RELATIONSHIP('','',#148,#10) 
REPRESENTATION_RELATIONSHIP_WITH_TRANSFORMATION(#1456) 
SHAPE_REPRESENTATION_RELATIONSHIP() );
#1456 = ITEM_DEFINED_TRANSFORMATION('','',#11,#15);
#1457 = PRODUCT_DEFINITION_SHAPE('Placement','Placement of an item',
  #1458);
#1458 = NEXT_ASSEMBLY_USAGE_OCCURRENCE('37','=>[0:1:1:2]','',#5,#143,$);
#1459 = PRODUCT_RELATED_PRODUCT_CATEGORY('part',$,(#145));
#1460 = SHAPE_DEFINITION_REPRESENTATION(#1461,#1467);
#1461 = PRODUCT_DEFINITION_SHAPE('','',#1462);
#1462 = PRODUCT_DEFINITION('design','',#1463,#1466);
#1463 = PRODUCT_DEFINITION_FORMATION('','',#1464);
#1464 = PRODUCT('COMPOUND','COMPOUND','',(#1465));
#1465 = PRODUCT_CONTEXT('',#2,'mechanical');
#1466 = PRODUCT_DEFINITION_CONTEXT('part definition',#2,'design');
#1467 = ADVANCED_BREP_SHAPE_REPRESENTATION('',(#11,#1468),#2768);
#1468 = MANIFOLD_SOLID_BREP('',#1469);
#1469 = CLOSED_SHELL('',(#1470,#1590,#1666,#1742,#2117,#2437,#2464,#2491
    ,#2498,#2525,#2552,#2579,#2606,#2653,#2680,#2687,#2714,#2741));
#1470 = ADVANCED_FACE('',(#1471),#1485,.F.);
#1471 = FACE_BOUND('',#1472,.F.);
#1472 = EDGE_LOOP('',(#1473,#1508,#1536,#1564));
#1473 = ORIENTED_EDGE('',*,*,#1474,.T.);
#1474 = EDGE_CURVE('',#1475,#1477,#1479,.T.);
#1475 = VERTEX_POINT('',#1476);
#1476 = CARTESIAN_POINT('',(20.,-76.,0.));
#1477 = VERTEX_POINT('',#1478);
#1478 = CARTESIAN_POINT('',(20.,-82.,0.));
#1479 = SURFACE_CURVE('',#1480,(#1484,#1496),.PCURVE_S1.);
#1480 = LINE('',#1481,#1482);
#1481 = CARTESIAN_POINT('',(20.,-76.,0.));
#1482 = VECTOR('',#1483,1.);
#1483 = DIRECTION('',(0.,-1.,0.));
#1484 = PCURVE('',#1485,#1490);
#1485 = PLANE('',#1486);
#1486 = AXIS2_PLACEMENT_3D('',#1487,#1488,#1489);
#1487 = CARTESIAN_POINT('',(20.,-76.,0.));
#1488 = DIRECTION('',(-0.,0.,1.));
#1489 = DIRECTION('',(1.,0.,0.));
#1490 = DEFINITIONAL_REPRESENTATION('',(#1491),#1495);
#1491 = LINE('',#1492,#1493);
#1492 = CARTESIAN_POINT('',(0.,0.));
#1493 = VECTOR('',#1494,1.);
#1494 = DIRECTION('',(0.,-1.));
#1495 = ( GEOMETRIC_REPRESENTATION_CONTEXT(2) 
PARAMETRIC_REPRESENTATION_CONTEXT() REPRESENTATION_CONTEXT('2D SPACE',''
  ) );
#1496 = PCURVE('',#1497,#1502);
#1497 = PLANE('',#1498);
#1498 = AXIS2_PLACEMENT_3D('',#1499,#1500,#1501);
#1499 = CARTESIAN_POINT('',(20.,-76.,30.));
#1500 = DIRECTION('',(1.,0.,0.));
#1501 = DIRECTION('',(0.,0.,-1.));
#1502 = DEFINITIONAL_REPRESENTATION('',(#1503),#1507);
#1503 = LINE('',#1504,#1505);
#1504 = CARTESIAN_POINT('',(30.,0.));
#1505 = VECTOR('',#1506,1.);
#1506 = DIRECTION('',(0.,-1.));
#1507 = ( GEOMETRIC_REPRESENTATION_CONTEXT(2) 
PARAMETRIC_REPRESENTATION_CONTEXT() REPRESENTATION_CONTEXT('2D SPACE',''
  ) );
#1508 = ORIENTED_EDGE('',*,*,#1509,.T.);
#1509 = EDGE_CURVE('',#1477,#1510,#1512,.T.);
#1510 = VERTEX_POINT('',#1511);
#1511 = CARTESIAN_POINT('',(340.,-82.,0.));
#1512 = SURFACE_CURVE('',#1513,(#1517,#1524),.PCURVE_S1.);
#1513 = LINE('',#1514,#1515);
#1514 = CARTESIAN_POINT('',(20.,-82.,0.));
#1515 = VECTOR('',#1516,1.);
#1516 = DIRECTION('',(1.,0.,0.));
#1517 = PCURVE('',#1485,#1518);
#1518 = DEFINITIONAL_REPRESENTATION('',(#1519),#1523);
#1519 = LINE('',#1520,#1521);
#1520 = CARTESIAN_POINT('',(0.,-6.));
#1521 = VECTOR('',#1522,1.);
#1522 = DIRECTION('',(1.,0.));
#1523 = ( GEOMETRIC_REPRESENTATION_CONTEXT(2) 
PARAMETRIC_REPRESENTATION_CONTEXT() REPRESENTATION_CONTEXT('2D SPACE',''
  ) );
#1524 = PCURVE('',#1525,#1530);
#1525 = PLANE('',#1526);
#1526 = AXIS2_PLACEMENT_3D('',#1527,#1528,#1529);
#1527 = CARTESIAN_POINT('',(180.,-82.,99.888177711121));
#1528 = DIRECTION('',(0.,-1.,0.));
#1529 = DIRECTION('',(1.,0.,0.));
#1530 = DEFINITIONAL_REPRESENTATION('',(#1531),#1535);
#1531 = LINE('',#1532,#1533);
#1532 = CARTESIAN_POINT('',(-160.,-99.88817771112));
#1533 = VECTOR('',#1534,1.);
#1534 = DIRECTION('',(1.,0.));
#1535 = ( GEOMETRIC_REPRESENTATION_CONTEXT(2) 
PARAMETRIC_REPRESENTATION_CONTEXT() REPRESENTATION_CONTEXT('2D SPACE',''
  ) );
#1536 = ORIENTED_EDGE('',*,*,#1537,.F.);
#1537 = EDGE_CURVE('',#1538,#1510,#1540,.T.);
#1538 = VERTEX_POINT('',#1539);
#1539 = CARTESIAN_POINT('',(340.,-76.,0.));
#1540 = SURFACE_CURVE('',#1541,(#1545,#1552),.PCURVE_S1.);
#1541 = LINE('',#1542,#1543);
#1542 = CARTESIAN_POINT('',(340.,-76.,0.));
#1543 = VECTOR('',#1544,1.);
#1544 = DIRECTION('',(0.,-1.,0.));
#1545 = PCURVE('',#1485,#1546);
#1546 = DEFINITIONAL_REPRESENTATION('',(#1547),#1551);
#1547 = LINE('',#1548,#1549);
#1548 = CARTESIAN_POINT('',(320.,0.));
#1549 = VECTOR('',#1550,1.);
#1550 = DIRECTION('',(0.,-1.));
#1551 = ( GEOMETRIC_REPRESENTATION_CONTEXT(2) 
PARAMETRIC_REPRESENTATION_CONTEXT() REPRESENTATION_CONTEXT('2D SPACE',''
  ) );
#1552 = PCURVE('',#1553,#1558);
#1553 = PLANE('',#1554);
#1554 = AXIS2_PLACEMENT_3D('',#1555,#1556,#1557);
#1555 = CARTESIAN_POINT('',(340.,-76.,0.));
#1556 = DIRECTION('',(-1.,0.,0.));
#1557 = DIRECTION('',(0.,0.,1.));
#1558 = DEFINITIONAL_REPRESENTATION('',(#1559),#1563);
#1559 = LINE('',#1560,#1561);
#1560 = CARTESIAN_POINT('',(0.,0.));
#1561 = VECTOR('',#1562,1.);
#1562 = DIRECTION('',(0.,-1.));
#1563 = ( GEOMETRIC_REPRESENTATION_CONTEXT(2) 
PARAMETRIC_REPRESENTATION_CONTEXT() REPRESENTATION_CONTEXT('2D SPACE',''
  ) );
#1564 = ORIENTED_EDGE('',*,*,#1565,.F.);
#1565 = EDGE_CURVE('',#1475,#1538,#1566,.T.);
#1566 = SURFACE_CURVE('',#1567,(#1571,#1578),.PCURVE_S1.);
#1567 = LINE('',#1568,#1569);
#1568 = CARTESIAN_POINT('',(20.,-76.,0.));
#1569 = VECTOR('',#1570,1.);
#1570 = DIRECTION('',(1.,0.,0.));
#1571 = PCURVE('',#1485,#1572);
#1572 = DEFINITIONAL_REPRESENTATION('',(#1573),#1577);
#1573 = LINE('',#1574,#1575);
#1574 = CARTESIAN_POINT('',(0.,0.));
#1575 = VECTOR('',#1576,1.);
#1576 = DIRECTION('',(1.,0.));
#1577 = ( GEOMETRIC_REPRESENTATION_CONTEXT(2) 
PARAMETRIC_REPRESENTATION_CONTEXT() REPRESENTATION_CONTEXT('2D SPACE',''
  ) );
#1578 = PCURVE('',#1579,#1584);
#1579 = PLANE('',#1580);
#1580 = AXIS2_PLACEMENT_3D('',#1581,#1582,#1583);
#1581 = CARTESIAN_POINT('',(180.,-76.,99.888177711121));
#1582 = DIRECTION('',(0.,-1.,0.));
#1583 = DIRECTION('',(1.,0.,0.));
#1584 = DEFINITIONAL_REPRESENTATION('',(#1585),#1589);
#1585 = LINE('',#1586,#1587);
#1586 = CARTESIAN_POINT('',(-160.,-99.88817771112));
#1587 = VECTOR('',#1588,1.);
#1588 = DIRECTION('',(1.,0.));
#1589 = ( GEOMETRIC_REPRESENTATION_CONTEXT(2) 
PARAMETRIC_REPRESENTATION_CONTEXT() REPRESENTATION_CONTEXT('2D SPACE',''
  ) );
#1590 = ADVANCED_FACE('',(#1591),#1497,.F.);
#1591 = FACE_BOUND('',#1592,.F.);
#1592 = EDGE_LOOP('',(#1593,#1623,#1644,#1645));
#1593 = ORIENTED_EDGE('',*,*,#1594,.T.);
#1594 = EDGE_CURVE('',#1595,#1597,#1599,.T.);
#1595 = VERTEX_POINT('',#1596);
#1596 = CARTESIAN_POINT('',(20.,-76.,30.));
#1597 = VERTEX_POINT('',#1598);
#1598 = CARTESIAN_POINT('',(20.,-82.,30.));
#1599 = SURFACE_CURVE('',#1600,(#1604,#1611),.PCURVE_S1.);
#1600 = LINE('',#1601,#1602);
#1601 = CARTESIAN_POINT('',(20.,-76.,30.));
#1602 = VECTOR('',#1603,1.);
#1603 = DIRECTION('',(0.,-1.,0.));
#1604 = PCURVE('',#1497,#1605);
#1605 = DEFINITIONAL_REPRESENTATION('',(#1606),#1610);
#1606 = LINE('',#1607,#1608);
#1607 = CARTESIAN_POINT('',(0.,0.));
#1608 = VECTOR('',#1609,1.);
#1609 = DIRECTION('',(0.,-1.));
#1610 = ( GEOMETRIC_REPRESENTATION_CONTEXT(2) 
PARAMETRIC_REPRESENTATION_CONTEXT() REPRESENTATION_CONTEXT('2D SPACE',''
  ) );
#1611 = PCURVE('',#1612,#1617);
#1612 = PLANE('',#1613);
#1613 = AXIS2_PLACEMENT_3D('',#1614,#1615,#1616);
#1614 = CARTESIAN_POINT('',(140.,-76.,262.));
#1615 = DIRECTION('',(0.888217643156,0.,-0.459422918874));
#1616 = DIRECTION('',(-0.459422918874,-0.,-0.888217643156));
#1617 = DEFINITIONAL_REPRESENTATION('',(#1618),#1622);
#1618 = LINE('',#1619,#1620);
#1619 = CARTESIAN_POINT('',(261.19724347703,0.));
#1620 = VECTOR('',#1621,1.);
#1621 = DIRECTION('',(0.,-1.));
#1622 = ( GEOMETRIC_REPRESENTATION_CONTEXT(2) 
PARAMETRIC_REPRESENTATION_CONTEXT() REPRESENTATION_CONTEXT('2D SPACE',''
  ) );
#1623 = ORIENTED_EDGE('',*,*,#1624,.T.);
#1624 = EDGE_CURVE('',#1597,#1477,#1625,.T.);
#1625 = SURFACE_CURVE('',#1626,(#1630,#1637),.PCURVE_S1.);
#1626 = LINE('',#1627,#1628);
#1627 = CARTESIAN_POINT('',(20.,-82.,30.));
#1628 = VECTOR('',#1629,1.);
#1629 = DIRECTION('',(0.,0.,-1.));
#1630 = PCURVE('',#1497,#1631);
#1631 = DEFINITIONAL_REPRESENTATION('',(#1632),#1636);
#1632 = LINE('',#1633,#1634);
#1633 = CARTESIAN_POINT('',(0.,-6.));
#1634 = VECTOR('',#1635,1.);
#1635 = DIRECTION('',(1.,0.));
#1636 = ( GEOMETRIC_REPRESENTATION_CONTEXT(2) 
PARAMETRIC_REPRESENTATION_CONTEXT() REPRESENTATION_CONTEXT('2D SPACE',''
  ) );
#1637 = PCURVE('',#1525,#1638);
#1638 = DEFINITIONAL_REPRESENTATION('',(#1639),#1643);
#1639 = LINE('',#1640,#1641);
#1640 = CARTESIAN_POINT('',(-160.,-69.88817771112));
#1641 = VECTOR('',#1642,1.);
#1642 = DIRECTION('',(0.,-1.));
#1643 = ( GEOMETRIC_REPRESENTATION_CONTEXT(2) 
PARAMETRIC_REPRESENTATION_CONTEXT() REPRESENTATION_CONTEXT('2D SPACE',''
  ) );
#1644 = ORIENTED_EDGE('',*,*,#1474,.F.);
#1645 = ORIENTED_EDGE('',*,*,#1646,.F.);
#1646 = EDGE_CURVE('',#1595,#1475,#1647,.T.);
#1647 = SURFACE_CURVE('',#1648,(#1652,#1659),.PCURVE_S1.);
#1648 = LINE('',#1649,#1650);
#1649 = CARTESIAN_POINT('',(20.,-76.,30.));
#1650 = VECTOR('',#1651,1.);
#1651 = DIRECTION('',(0.,0.,-1.));
#1652 = PCURVE('',#1497,#1653);
#1653 = DEFINITIONAL_REPRESENTATION('',(#1654),#1658);
#1654 = LINE('',#1655,#1656);
#1655 = CARTESIAN_POINT('',(0.,0.));
#1656 = VECTOR('',#1657,1.);
#1657 = DIRECTION('',(1.,0.));
#1658 = ( GEOMETRIC_REPRESENTATION_CONTEXT(2) 
PARAMETRIC_REPRESENTATION_CONTEXT() REPRESENTATION_CONTEXT('2D SPACE',''
  ) );
#1659 = PCURVE('',#1579,#1660);
#1660 = DEFINITIONAL_REPRESENTATION('',(#1661),#1665);
#1661 = LINE('',#1662,#1663);
#1662 = CARTESIAN_POINT('',(-160.,-69.88817771112));
#1663 = VECTOR('',#1664,1.);
#1664 = DIRECTION('',(0.,-1.));
#1665 = ( GEOMETRIC_REPRESENTATION_CONTEXT(2) 
PARAMETRIC_REPRESENTATION_CONTEXT() REPRESENTATION_CONTEXT('2D SPACE',''
  ) );
#1666 = ADVANCED_FACE('',(#1667),#1553,.F.);
#1667 = FACE_BOUND('',#1668,.F.);
#1668 = EDGE_LOOP('',(#1669,#1670,#1693,#1721));
#1669 = ORIENTED_EDGE('',*,*,#1537,.T.);
#1670 = ORIENTED_EDGE('',*,*,#1671,.T.);
#1671 = EDGE_CURVE('',#1510,#1672,#1674,.T.);
#1672 = VERTEX_POINT('',#1673);
#1673 = CARTESIAN_POINT('',(340.,-82.,30.));
#1674 = SURFACE_CURVE('',#1675,(#1679,#1686),.PCURVE_S1.);
#1675 = LINE('',#1676,#1677);
#1676 = CARTESIAN_POINT('',(340.,-82.,0.));
#1677 = VECTOR('',#1678,1.);
#1678 = DIRECTION('',(0.,0.,1.));
#1679 = PCURVE('',#1553,#1680);
#1680 = DEFINITIONAL_REPRESENTATION('',(#1681),#1685);
#1681 = LINE('',#1682,#1683);
#1682 = CARTESIAN_POINT('',(0.,-6.));
#1683 = VECTOR('',#1684,1.);
#1684 = DIRECTION('',(1.,0.));
#1685 = ( GEOMETRIC_REPRESENTATION_CONTEXT(2) 
PARAMETRIC_REPRESENTATION_CONTEXT() REPRESENTATION_CONTEXT('2D SPACE',''
  ) );
#1686 = PCURVE('',#1525,#1687);
#1687 = DEFINITIONAL_REPRESENTATION('',(#1688),#1692);
#1688 = LINE('',#1689,#1690);
#1689 = CARTESIAN_POINT('',(160.,-99.88817771112));
#1690 = VECTOR('',#1691,1.);
#1691 = DIRECTION('',(0.,1.));
#1692 = ( GEOMETRIC_REPRESENTATION_CONTEXT(2) 
PARAMETRIC_REPRESENTATION_CONTEXT() REPRESENTATION_CONTEXT('2D SPACE',''
  ) );
#1693 = ORIENTED_EDGE('',*,*,#1694,.F.);
#1694 = EDGE_CURVE('',#1695,#1672,#1697,.T.);
#1695 = VERTEX_POINT('',#1696);
#1696 = CARTESIAN_POINT('',(340.,-76.,30.));
#1697 = SURFACE_CURVE('',#1698,(#1702,#1709),.PCURVE_S1.);
#1698 = LINE('',#1699,#1700);
#1699 = CARTESIAN_POINT('',(340.,-76.,30.));
#1700 = VECTOR('',#1701,1.);
#1701 = DIRECTION('',(0.,-1.,0.));
#1702 = PCURVE('',#1553,#1703);
#1703 = DEFINITIONAL_REPRESENTATION('',(#1704),#1708);
#1704 = LINE('',#1705,#1706);
#1705 = CARTESIAN_POINT('',(30.,0.));
#1706 = VECTOR('',#1707,1.);
#1707 = DIRECTION('',(0.,-1.));
#1708 = ( GEOMETRIC_REPRESENTATION_CONTEXT(2) 
PARAMETRIC_REPRESENTATION_CONTEXT() REPRESENTATION_CONTEXT('2D SPACE',''
  ) );
#1709 = PCURVE('',#1710,#1715);
#1710 = PLANE('',#1711);
#1711 = AXIS2_PLACEMENT_3D('',#1712,#1713,#1714);
#1712 = CARTESIAN_POINT('',(340.,-76.,30.));
#1713 = DIRECTION('',(-0.888217643156,-0.,-0.459422918874));
#1714 = DIRECTION('',(-0.459422918874,0.,0.888217643156));
#1715 = DEFINITIONAL_REPRESENTATION('',(#1716),#1720);
#1716 = LINE('',#1717,#1718);
#1717 = CARTESIAN_POINT('',(0.,0.));
#1718 = VECTOR('',#1719,1.);
#1719 = DIRECTION('',(0.,-1.));
#1720 = ( GEOMETRIC_REPRESENTATION_CONTEXT(2) 
PARAMETRIC_REPRESENTATION_CONTEXT() REPRESENTATION_CONTEXT('2D SPACE',''
  ) );
#1721 = ORIENTED_EDGE('',*,*,#1722,.F.);
#1722 = EDGE_CURVE('',#1538,#1695,#1723,.T.);
#1723 = SURFACE_CURVE('',#1724,(#1728,#1735),.PCURVE_S1.);
#1724 = LINE('',#1725,#1726);
#1725 = CARTESIAN_POINT('',(340.,-76.,0.));
#1726 = VECTOR('',#1727,1.);
#1727 = DIRECTION('',(0.,0.,1.));
#1728 = PCURVE('',#1553,#1729);
#1729 = DEFINITIONAL_REPRESENTATION('',(#1730),#1734);
#1730 = LINE('',#1731,#1732);
#1731 = CARTESIAN_POINT('',(0.,0.));
#1732 = VECTOR('',#1733,1.);
#1733 = DIRECTION('',(1.,0.));
#1734 = ( GEOMETRIC_REPRESENTATION_CONTEXT(2) 
PARAMETRIC_REPRESENTATION_CONTEXT() REPRESENTATION_CONTEXT('2D SPACE',''
  ) );
#1735 = PCURVE('',#1579,#1736);
#1736 = DEFINITIONAL_REPRESENTATION('',(#1737),#1741);
#1737 = LINE('',#1738,#1739);
#1738 = CARTESIAN_POINT('',(160.,-99.88817771112));
#1739 = VECTOR('',#1740,1.);
#1740 = DIRECTION('',(0.,1.));
#1741 = ( GEOMETRIC_REPRESENTATION_CONTEXT(2) 
PARAMETRIC_REPRESENTATION_CONTEXT() REPRESENTATION_CONTEXT('2D SPACE',''
  ) );
#1742 = ADVANCED_FACE('',(#1743,#1820,#1851,#1882,#1913,#1944,#2024,
    #2055,#2086),#1579,.F.);
#1743 = FACE_BOUND('',#1744,.F.);
#1744 = EDGE_LOOP('',(#1745,#1746,#1747,#1770,#1798,#1819));
#1745 = ORIENTED_EDGE('',*,*,#1565,.T.);
#1746 = ORIENTED_EDGE('',*,*,#1722,.T.);
#1747 = ORIENTED_EDGE('',*,*,#1748,.T.);
#1748 = EDGE_CURVE('',#1695,#1749,#1751,.T.);
#1749 = VERTEX_POINT('',#1750);
#1750 = CARTESIAN_POINT('',(220.,-76.,262.));
#1751 = SURFACE_CURVE('',#1752,(#1756,#1763),.PCURVE_S1.);
#1752 = LINE('',#1753,#1754);
#1753 = CARTESIAN_POINT('',(340.,-76.,30.));
#1754 = VECTOR('',#1755,1.);
#1755 = DIRECTION('',(-0.459422918874,0.,0.888217643156));
#1756 = PCURVE('',#1579,#1757);
#1757 = DEFINITIONAL_REPRESENTATION('',(#1758),#1762);
#1758 = LINE('',#1759,#1760);
#1759 = CARTESIAN_POINT('',(160.,-69.88817771112));
#1760 = VECTOR('',#1761,1.);
#1761 = DIRECTION('',(-0.459422918874,0.888217643156));
#1762 = ( GEOMETRIC_REPRESENTATION_CONTEXT(2) 
PARAMETRIC_REPRESENTATION_CONTEXT() REPRESENTATION_CONTEXT('2D SPACE',''
  ) );
#1763 = PCURVE('',#1710,#1764);
#1764 = DEFINITIONAL_REPRESENTATION('',(#1765),#1769);
#1765 = LINE('',#1766,#1767);
#1766 = CARTESIAN_POINT('',(0.,0.));
#1767 = VECTOR('',#1768,1.);
#1768 = DIRECTION('',(1.,0.));
#1769 = ( GEOMETRIC_REPRESENTATION_CONTEXT(2) 
PARAMETRIC_REPRESENTATION_CONTEXT() REPRESENTATION_CONTEXT('2D SPACE',''
  ) );
#1770 = ORIENTED_EDGE('',*,*,#1771,.T.);
#1771 = EDGE_CURVE('',#1749,#1772,#1774,.T.);
#1772 = VERTEX_POINT('',#1773);
#1773 = CARTESIAN_POINT('',(140.,-76.,262.));
#1774 = SURFACE_CURVE('',#1775,(#1779,#1786),.PCURVE_S1.);
#1775 = LINE('',#1776,#1777);
#1776 = CARTESIAN_POINT('',(220.,-76.,262.));
#1777 = VECTOR('',#1778,1.);
#1778 = DIRECTION('',(-1.,0.,0.));
#1779 = PCURVE('',#1579,#1780);
#1780 = DEFINITIONAL_REPRESENTATION('',(#1781),#1785);
#1781 = LINE('',#1782,#1783);
#1782 = CARTESIAN_POINT('',(40.,162.11182228887));
#1783 = VECTOR('',#1784,1.);
#1784 = DIRECTION('',(-1.,0.));
#1785 = ( GEOMETRIC_REPRESENTATION_CONTEXT(2) 
PARAMETRIC_REPRESENTATION_CONTEXT() REPRESENTATION_CONTEXT('2D SPACE',''
  ) );
#1786 = PCURVE('',#1787,#1792);
#1787 = PLANE('',#1788);
#1788 = AXIS2_PLACEMENT_3D('',#1789,#1790,#1791);
#1789 = CARTESIAN_POINT('',(220.,-76.,262.));
#1790 = DIRECTION('',(-0.,-0.,-1.));
#1791 = DIRECTION('',(-1.,0.,0.));
#1792 = DEFINITIONAL_REPRESENTATION('',(#1793),#1797);
#1793 = LINE('',#1794,#1795);
#1794 = CARTESIAN_POINT('',(0.,0.));
#1795 = VECTOR('',#1796,1.);
#1796 = DIRECTION('',(1.,0.));
#1797 = ( GEOMETRIC_REPRESENTATION_CONTEXT(2) 
PARAMETRIC_REPRESENTATION_CONTEXT() REPRESENTATION_CONTEXT('2D SPACE',''
  ) );
#1798 = ORIENTED_EDGE('',*,*,#1799,.T.);
#1799 = EDGE_CURVE('',#1772,#1595,#1800,.T.);
#1800 = SURFACE_CURVE('',#1801,(#1805,#1812),.PCURVE_S1.);
#1801 = LINE('',#1802,#1803);
#1802 = CARTESIAN_POINT('',(140.,-76.,262.));
#1803 = VECTOR('',#1804,1.);
#1804 = DIRECTION('',(-0.459422918874,-0.,-0.888217643156));
#1805 = PCURVE('',#1579,#1806);
#1806 = DEFINITIONAL_REPRESENTATION('',(#1807),#1811);
#1807 = LINE('',#1808,#1809);
#1808 = CARTESIAN_POINT('',(-40.,162.11182228887));
#1809 = VECTOR('',#1810,1.);
#1810 = DIRECTION('',(-0.459422918874,-0.888217643156));
#1811 = ( GEOMETRIC_REPRESENTATION_CONTEXT(2) 
PARAMETRIC_REPRESENTATION_CONTEXT() REPRESENTATION_CONTEXT('2D SPACE',''
  ) );
#1812 = PCURVE('',#1612,#1813);
#1813 = DEFINITIONAL_REPRESENTATION('',(#1814),#1818);
#1814 = LINE('',#1815,#1816);
#1815 = CARTESIAN_POINT('',(-0.,0.));
#1816 = VECTOR('',#1817,1.);
#1817 = DIRECTION('',(1.,0.));
#1818 = ( GEOMETRIC_REPRESENTATION_CONTEXT(2) 
PARAMETRIC_REPRESENTATION_CONTEXT() REPRESENTATION_CONTEXT('2D SPACE',''
  ) );
#1819 = ORIENTED_EDGE('',*,*,#1646,.T.);
#1820 = FACE_BOUND('',#1821,.F.);
#1821 = EDGE_LOOP('',(#1822));
#1822 = ORIENTED_EDGE('',*,*,#1823,.F.);
#1823 = EDGE_CURVE('',#1824,#1824,#1826,.T.);
#1824 = VERTEX_POINT('',#1825);
#1825 = CARTESIAN_POINT('',(53.2,-76.,18.));
#1826 = SURFACE_CURVE('',#1827,(#1832,#1839),.PCURVE_S1.);
#1827 = CIRCLE('',#1828,3.2);
#1828 = AXIS2_PLACEMENT_3D('',#1829,#1830,#1831);
#1829 = CARTESIAN_POINT('',(50.,-76.,18.));
#1830 = DIRECTION('',(0.,-1.,2.22044604925E-16));
#1831 = DIRECTION('',(1.,0.,0.));
#1832 = PCURVE('',#1579,#1833);
#1833 = DEFINITIONAL_REPRESENTATION('',(#1834),#1838);
#1834 = CIRCLE('',#1835,3.2);
#1835 = AXIS2_PLACEMENT_2D('',#1836,#1837);
#1836 = CARTESIAN_POINT('',(-130.,-81.88817771112));
#1837 = DIRECTION('',(1.,0.));
#1838 = ( GEOMETRIC_REPRESENTATION_CONTEXT(2) 
PARAMETRIC_REPRESENTATION_CONTEXT() REPRESENTATION_CONTEXT('2D SPACE',''
  ) );
#1839 = PCURVE('',#1840,#1845);
#1840 = CYLINDRICAL_SURFACE('',#1841,3.2);
#1841 = AXIS2_PLACEMENT_3D('',#1842,#1843,#1844);
#1842 = CARTESIAN_POINT('',(50.,-75.,18.));
#1843 = DIRECTION('',(0.,-1.,2.22044604925E-16));
#1844 = DIRECTION('',(1.,0.,0.));
#1845 = DEFINITIONAL_REPRESENTATION('',(#1846),#1850);
#1846 = LINE('',#1847,#1848);
#1847 = CARTESIAN_POINT('',(0.,1.));
#1848 = VECTOR('',#1849,1.);
#1849 = DIRECTION('',(1.,0.));
#1850 = ( GEOMETRIC_REPRESENTATION_CONTEXT(2) 
PARAMETRIC_REPRESENTATION_CONTEXT() REPRESENTATION_CONTEXT('2D SPACE',''
  ) );
#1851 = FACE_BOUND('',#1852,.F.);
#1852 = EDGE_LOOP('',(#1853));
#1853 = ORIENTED_EDGE('',*,*,#1854,.F.);
#1854 = EDGE_CURVE('',#1855,#1855,#1857,.T.);
#1855 = VERTEX_POINT('',#1856);
#1856 = CARTESIAN_POINT('',(84.,-76.,130.));
#1857 = SURFACE_CURVE('',#1858,(#1863,#1870),.PCURVE_S1.);
#1858 = CIRCLE('',#1859,4.);
#1859 = AXIS2_PLACEMENT_3D('',#1860,#1861,#1862);
#1860 = CARTESIAN_POINT('',(80.,-76.,130.));
#1861 = DIRECTION('',(0.,-1.,2.22044604925E-16));
#1862 = DIRECTION('',(1.,0.,0.));
#1863 = PCURVE('',#1579,#1864);
#1864 = DEFINITIONAL_REPRESENTATION('',(#1865),#1869);
#1865 = CIRCLE('',#1866,4.);
#1866 = AXIS2_PLACEMENT_2D('',#1867,#1868);
#1867 = CARTESIAN_POINT('',(-100.,30.111822288879));
#1868 = DIRECTION('',(1.,0.));
#1869 = ( GEOMETRIC_REPRESENTATION_CONTEXT(2) 
PARAMETRIC_REPRESENTATION_CONTEXT() REPRESENTATION_CONTEXT('2D SPACE',''
  ) );
#1870 = PCURVE('',#1871,#1876);
#1871 = CYLINDRICAL_SURFACE('',#1872,4.);
#1872 = AXIS2_PLACEMENT_3D('',#1873,#1874,#1875);
#1873 = CARTESIAN_POINT('',(80.,-75.,130.));
#1874 = DIRECTION('',(0.,-1.,2.22044604925E-16));
#1875 = DIRECTION('',(1.,0.,0.));
#1876 = DEFINITIONAL_REPRESENTATION('',(#1877),#1881);
#1877 = LINE('',#1878,#1879);
#1878 = CARTESIAN_POINT('',(0.,1.));
#1879 = VECTOR('',#1880,1.);
#1880 = DIRECTION('',(1.,0.));
#1881 = ( GEOMETRIC_REPRESENTATION_CONTEXT(2) 
PARAMETRIC_REPRESENTATION_CONTEXT() REPRESENTATION_CONTEXT('2D SPACE',''
  ) );
#1882 = FACE_BOUND('',#1883,.F.);
#1883 = EDGE_LOOP('',(#1884));
#1884 = ORIENTED_EDGE('',*,*,#1885,.F.);
#1885 = EDGE_CURVE('',#1886,#1886,#1888,.T.);
#1886 = VERTEX_POINT('',#1887);
#1887 = CARTESIAN_POINT('',(183.2,-76.,30.));
#1888 = SURFACE_CURVE('',#1889,(#1894,#1901),.PCURVE_S1.);
#1889 = CIRCLE('',#1890,3.2);
#1890 = AXIS2_PLACEMENT_3D('',#1891,#1892,#1893);
#1891 = CARTESIAN_POINT('',(180.,-76.,30.));
#1892 = DIRECTION('',(0.,-1.,2.22044604925E-16));
#1893 = DIRECTION('',(1.,0.,0.));
#1894 = PCURVE('',#1579,#1895);
#1895 = DEFINITIONAL_REPRESENTATION('',(#1896),#1900);
#1896 = CIRCLE('',#1897,3.2);
#1897 = AXIS2_PLACEMENT_2D('',#1898,#1899);
#1898 = CARTESIAN_POINT('',(0.,-69.88817771112));
#1899 = DIRECTION('',(1.,0.));
#1900 = ( GEOMETRIC_REPRESENTATION_CONTEXT(2) 
PARAMETRIC_REPRESENTATION_CONTEXT() REPRESENTATION_CONTEXT('2D SPACE',''
  ) );
#1901 = PCURVE('',#1902,#1907);
#1902 = CYLINDRICAL_SURFACE('',#1903,3.2);
#1903 = AXIS2_PLACEMENT_3D('',#1904,#1905,#1906);
#1904 = CARTESIAN_POINT('',(180.,-75.,30.));
#1905 = DIRECTION('',(0.,-1.,2.22044604925E-16));
#1906 = DIRECTION('',(1.,0.,0.));
#1907 = DEFINITIONAL_REPRESENTATION('',(#1908),#1912);
#1908 = LINE('',#1909,#1910);
#1909 = CARTESIAN_POINT('',(0.,1.));
#1910 = VECTOR('',#1911,1.);
#1911 = DIRECTION('',(1.,0.));
#1912 = ( GEOMETRIC_REPRESENTATION_CONTEXT(2) 
PARAMETRIC_REPRESENTATION_CONTEXT() REPRESENTATION_CONTEXT('2D SPACE',''
  ) );
#1913 = FACE_BOUND('',#1914,.F.);
#1914 = EDGE_LOOP('',(#1915));
#1915 = ORIENTED_EDGE('',*,*,#1916,.F.);
#1916 = EDGE_CURVE('',#1917,#1917,#1919,.T.);
#1917 = VERTEX_POINT('',#1918);
#1918 = CARTESIAN_POINT('',(313.2,-76.,18.));
#1919 = SURFACE_CURVE('',#1920,(#1925,#1932),.PCURVE_S1.);
#1920 = CIRCLE('',#1921,3.2);
#1921 = AXIS2_PLACEMENT_3D('',#1922,#1923,#1924);
#1922 = CARTESIAN_POINT('',(310.,-76.,18.));
#1923 = DIRECTION('',(0.,-1.,2.22044604925E-16));
#1924 = DIRECTION('',(1.,0.,0.));
#1925 = PCURVE('',#1579,#1926);
#1926 = DEFINITIONAL_REPRESENTATION('',(#1927),#1931);
#1927 = CIRCLE('',#1928,3.2);
#1928 = AXIS2_PLACEMENT_2D('',#1929,#1930);
#1929 = CARTESIAN_POINT('',(130.,-81.88817771112));
#1930 = DIRECTION('',(1.,0.));
#1931 = ( GEOMETRIC_REPRESENTATION_CONTEXT(2) 
PARAMETRIC_REPRESENTATION_CONTEXT() REPRESENTATION_CONTEXT('2D SPACE',''
  ) );
#1932 = PCURVE('',#1933,#1938);
#1933 = CYLINDRICAL_SURFACE('',#1934,3.2);
#1934 = AXIS2_PLACEMENT_3D('',#1935,#1936,#1937);
#1935 = CARTESIAN_POINT('',(310.,-75.,18.));
#1936 = DIRECTION('',(0.,-1.,2.22044604925E-16));
#1937 = DIRECTION('',(1.,0.,0.));
#1938 = DEFINITIONAL_REPRESENTATION('',(#1939),#1943);
#1939 = LINE('',#1940,#1941);
#1940 = CARTESIAN_POINT('',(0.,1.));
#1941 = VECTOR('',#1942,1.);
#1942 = DIRECTION('',(1.,0.));
#1943 = ( GEOMETRIC_REPRESENTATION_CONTEXT(2) 
PARAMETRIC_REPRESENTATION_CONTEXT() REPRESENTATION_CONTEXT('2D SPACE',''
  ) );
#1944 = FACE_BOUND('',#1945,.F.);
#1945 = EDGE_LOOP('',(#1946,#1974,#2000));
#1946 = ORIENTED_EDGE('',*,*,#1947,.T.);
#1947 = EDGE_CURVE('',#1948,#1950,#1952,.T.);
#1948 = VERTEX_POINT('',#1949);
#1949 = CARTESIAN_POINT('',(180.,-76.,155.));
#1950 = VERTEX_POINT('',#1951);
#1951 = CARTESIAN_POINT('',(275.,-76.,45.));
#1952 = SURFACE_CURVE('',#1953,(#1957,#1963),.PCURVE_S1.);
#1953 = LINE('',#1954,#1955);
#1954 = CARTESIAN_POINT('',(241.13120811642,-76.,84.216495865197));
#1955 = VECTOR('',#1956,1.);
#1956 = DIRECTION('',(0.653619870346,0.,-0.756823007769));
#1957 = PCURVE('',#1579,#1958);
#1958 = DEFINITIONAL_REPRESENTATION('',(#1959),#1962);
#1959 = B_SPLINE_CURVE_WITH_KNOTS('',1,(#1960,#1961),.UNSPECIFIED.,.F.,
  .F.,(2,2),(-93.52715682289,51.817261714589),.PIECEWISE_BEZIER_KNOTS.);
#1960 = CARTESIAN_POINT('',(1.42108547152E-14,55.111822288879));
#1961 = CARTESIAN_POINT('',(95.,-54.88817771112));
#1962 = ( GEOMETRIC_REPRESENTATION_CONTEXT(2) 
PARAMETRIC_REPRESENTATION_CONTEXT() REPRESENTATION_CONTEXT('2D SPACE',''
  ) );
#1963 = PCURVE('',#1964,#1969);
#1964 = PLANE('',#1965);
#1965 = AXIS2_PLACEMENT_3D('',#1966,#1967,#1968);
#1966 = CARTESIAN_POINT('',(275.,-75.,45.));
#1967 = DIRECTION('',(-0.756823007769,-0.,-0.653619870346));
#1968 = DIRECTION('',(-0.653619870346,0.,0.756823007769));
#1969 = DEFINITIONAL_REPRESENTATION('',(#1970),#1973);
#1970 = B_SPLINE_CURVE_WITH_KNOTS('',1,(#1971,#1972),.UNSPECIFIED.,.F.,
  .F.,(2,2),(-93.52715682289,51.817261714589),.PIECEWISE_BEZIER_KNOTS.);
#1971 = CARTESIAN_POINT('',(145.34441853748,-1.));
#1972 = CARTESIAN_POINT('',(0.,-1.));
#1973 = ( GEOMETRIC_REPRESENTATION_CONTEXT(2) 
PARAMETRIC_REPRESENTATION_CONTEXT() REPRESENTATION_CONTEXT('2D SPACE',''
  ) );
#1974 = ORIENTED_EDGE('',*,*,#1975,.T.);
#1975 = EDGE_CURVE('',#1950,#1976,#1978,.T.);
#1976 = VERTEX_POINT('',#1977);
#1977 = CARTESIAN_POINT('',(85.,-76.,45.));
#1978 = SURFACE_CURVE('',#1979,(#1983,#1989),.PCURVE_S1.);
#1979 = LINE('',#1980,#1981);
#1980 = CARTESIAN_POINT('',(132.5,-76.,45.));
#1981 = VECTOR('',#1982,1.);
#1982 = DIRECTION('',(-1.,-0.,0.));
#1983 = PCURVE('',#1579,#1984);
#1984 = DEFINITIONAL_REPRESENTATION('',(#1985),#1988);
#1985 = B_SPLINE_CURVE_WITH_KNOTS('',1,(#1986,#1987),.UNSPECIFIED.,.F.,
  .F.,(2,2),(-142.5,47.5),.PIECEWISE_BEZIER_KNOTS.);
#1986 = CARTESIAN_POINT('',(95.,-54.88817771112));
#1987 = CARTESIAN_POINT('',(-95.,-54.88817771112));
#1988 = ( GEOMETRIC_REPRESENTATION_CONTEXT(2) 
PARAMETRIC_REPRESENTATION_CONTEXT() REPRESENTATION_CONTEXT('2D SPACE',''
  ) );
#1989 = PCURVE('',#1990,#1995);
#1990 = PLANE('',#1991);
#1991 = AXIS2_PLACEMENT_3D('',#1992,#1993,#1994);
#1992 = CARTESIAN_POINT('',(85.,-75.,45.));
#1993 = DIRECTION('',(-0.,0.,1.));
#1994 = DIRECTION('',(1.,0.,0.));
#1995 = DEFINITIONAL_REPRESENTATION('',(#1996),#1999);
#1996 = B_SPLINE_CURVE_WITH_KNOTS('',1,(#1997,#1998),.UNSPECIFIED.,.F.,
  .F.,(2,2),(-142.5,47.5),.PIECEWISE_BEZIER_KNOTS.);
#1997 = CARTESIAN_POINT('',(190.,-1.));
#1998 = CARTESIAN_POINT('',(0.,-1.));
#1999 = ( GEOMETRIC_REPRESENTATION_CONTEXT(2) 
PARAMETRIC_REPRESENTATION_CONTEXT() REPRESENTATION_CONTEXT('2D SPACE',''
  ) );
#2000 = ORIENTED_EDGE('',*,*,#2001,.T.);
#2001 = EDGE_CURVE('',#1976,#1948,#2002,.T.);
#2002 = SURFACE_CURVE('',#2003,(#2007,#2013),.PCURVE_S1.);
#2003 = LINE('',#2004,#2005);
#2004 = CARTESIAN_POINT('',(166.36879188357,-76.,139.21649586519));
#2005 = VECTOR('',#2006,1.);
#2006 = DIRECTION('',(0.653619870346,0.,0.756823007769));
#2007 = PCURVE('',#1579,#2008);
#2008 = DEFINITIONAL_REPRESENTATION('',(#2009),#2012);
#2009 = B_SPLINE_CURVE_WITH_KNOTS('',1,(#2010,#2011),.UNSPECIFIED.,.F.,
  .F.,(2,2),(-124.4894709833,20.854947554154),.PIECEWISE_BEZIER_KNOTS.);
#2010 = CARTESIAN_POINT('',(-95.,-54.88817771112));
#2011 = CARTESIAN_POINT('',(-8.881784197001E-15,55.111822288879));
#2012 = ( GEOMETRIC_REPRESENTATION_CONTEXT(2) 
PARAMETRIC_REPRESENTATION_CONTEXT() REPRESENTATION_CONTEXT('2D SPACE',''
  ) );
#2013 = PCURVE('',#2014,#2019);
#2014 = PLANE('',#2015);
#2015 = AXIS2_PLACEMENT_3D('',#2016,#2017,#2018);
#2016 = CARTESIAN_POINT('',(180.,-75.,155.));
#2017 = DIRECTION('',(0.756823007769,0.,-0.653619870346));
#2018 = DIRECTION('',(-0.653619870346,-0.,-0.756823007769));
#2019 = DEFINITIONAL_REPRESENTATION('',(#2020),#2023);
#2020 = B_SPLINE_CURVE_WITH_KNOTS('',1,(#2021,#2022),.UNSPECIFIED.,.F.,
  .F.,(2,2),(-124.4894709833,20.854947554154),.PIECEWISE_BEZIER_KNOTS.);
#2021 = CARTESIAN_POINT('',(145.34441853748,-1.));
#2022 = CARTESIAN_POINT('',(0.,-1.));
#2023 = ( GEOMETRIC_REPRESENTATION_CONTEXT(2) 
PARAMETRIC_REPRESENTATION_CONTEXT() REPRESENTATION_CONTEXT('2D SPACE',''
  ) );
#2024 = FACE_BOUND('',#2025,.F.);
#2025 = EDGE_LOOP('',(#2026));
#2026 = ORIENTED_EDGE('',*,*,#2027,.F.);
#2027 = EDGE_CURVE('',#2028,#2028,#2030,.T.);
#2028 = VERTEX_POINT('',#2029);
#2029 = CARTESIAN_POINT('',(184.2,-76.,203.));
#2030 = SURFACE_CURVE('',#2031,(#2036,#2043),.PCURVE_S1.);
#2031 = CIRCLE('',#2032,4.2);
#2032 = AXIS2_PLACEMENT_3D('',#2033,#2034,#2035);
#2033 = CARTESIAN_POINT('',(180.,-76.,203.));
#2034 = DIRECTION('',(0.,-1.,2.22044604925E-16));
#2035 = DIRECTION('',(1.,0.,0.));
#2036 = PCURVE('',#1579,#2037);
#2037 = DEFINITIONAL_REPRESENTATION('',(#2038),#2042);
#2038 = CIRCLE('',#2039,4.2);
#2039 = AXIS2_PLACEMENT_2D('',#2040,#2041);
#2040 = CARTESIAN_POINT('',(0.,103.11182228887));
#2041 = DIRECTION('',(1.,0.));
#2042 = ( GEOMETRIC_REPRESENTATION_CONTEXT(2) 
PARAMETRIC_REPRESENTATION_CONTEXT() REPRESENTATION_CONTEXT('2D SPACE',''
  ) );
#2043 = PCURVE('',#2044,#2049);
#2044 = CYLINDRICAL_SURFACE('',#2045,4.2);
#2045 = AXIS2_PLACEMENT_3D('',#2046,#2047,#2048);
#2046 = CARTESIAN_POINT('',(180.,-75.,203.));
#2047 = DIRECTION('',(0.,-1.,2.22044604925E-16));
#2048 = DIRECTION('',(1.,0.,0.));
#2049 = DEFINITIONAL_REPRESENTATION('',(#2050),#2054);
#2050 = LINE('',#2051,#2052);
#2051 = CARTESIAN_POINT('',(0.,1.));
#2052 = VECTOR('',#2053,1.);
#2053 = DIRECTION('',(1.,0.));
#2054 = ( GEOMETRIC_REPRESENTATION_CONTEXT(2) 
PARAMETRIC_REPRESENTATION_CONTEXT() REPRESENTATION_CONTEXT('2D SPACE',''
  ) );
#2055 = FACE_BOUND('',#2056,.F.);
#2056 = EDGE_LOOP('',(#2057));
#2057 = ORIENTED_EDGE('',*,*,#2058,.F.);
#2058 = EDGE_CURVE('',#2059,#2059,#2061,.T.);
#2059 = VERTEX_POINT('',#2060);
#2060 = CARTESIAN_POINT('',(190.5,-76.,230.));
#2061 = SURFACE_CURVE('',#2062,(#2067,#2074),.PCURVE_S1.);
#2062 = CIRCLE('',#2063,10.5);
#2063 = AXIS2_PLACEMENT_3D('',#2064,#2065,#2066);
#2064 = CARTESIAN_POINT('',(180.,-76.,230.));
#2065 = DIRECTION('',(0.,-1.,2.22044604925E-16));
#2066 = DIRECTION('',(1.,0.,0.));
#2067 = PCURVE('',#1579,#2068);
#2068 = DEFINITIONAL_REPRESENTATION('',(#2069),#2073);
#2069 = CIRCLE('',#2070,10.5);
#2070 = AXIS2_PLACEMENT_2D('',#2071,#2072);
#2071 = CARTESIAN_POINT('',(0.,130.11182228887));
#2072 = DIRECTION('',(1.,0.));
#2073 = ( GEOMETRIC_REPRESENTATION_CONTEXT(2) 
PARAMETRIC_REPRESENTATION_CONTEXT() REPRESENTATION_CONTEXT('2D SPACE',''
  ) );
#2074 = PCURVE('',#2075,#2080);
#2075 = CYLINDRICAL_SURFACE('',#2076,10.5);
#2076 = AXIS2_PLACEMENT_3D('',#2077,#2078,#2079);
#2077 = CARTESIAN_POINT('',(180.,-75.,230.));
#2078 = DIRECTION('',(0.,-1.,2.22044604925E-16));
#2079 = DIRECTION('',(1.,0.,0.));
#2080 = DEFINITIONAL_REPRESENTATION('',(#2081),#2085);
#2081 = LINE('',#2082,#2083);
#2082 = CARTESIAN_POINT('',(0.,1.));
#2083 = VECTOR('',#2084,1.);
#2084 = DIRECTION('',(1.,0.));
#2085 = ( GEOMETRIC_REPRESENTATION_CONTEXT(2) 
PARAMETRIC_REPRESENTATION_CONTEXT() REPRESENTATION_CONTEXT('2D SPACE',''
  ) );
#2086 = FACE_BOUND('',#2087,.F.);
#2087 = EDGE_LOOP('',(#2088));
#2088 = ORIENTED_EDGE('',*,*,#2089,.F.);
#2089 = EDGE_CURVE('',#2090,#2090,#2092,.T.);
#2090 = VERTEX_POINT('',#2091);
#2091 = CARTESIAN_POINT('',(184.2,-76.,257.));
#2092 = SURFACE_CURVE('',#2093,(#2098,#2105),.PCURVE_S1.);
#2093 = CIRCLE('',#2094,4.2);
#2094 = AXIS2_PLACEMENT_3D('',#2095,#2096,#2097);
#2095 = CARTESIAN_POINT('',(180.,-76.,257.));
#2096 = DIRECTION('',(0.,-1.,2.22044604925E-16));
#2097 = DIRECTION('',(1.,0.,0.));
#2098 = PCURVE('',#1579,#2099);
#2099 = DEFINITIONAL_REPRESENTATION('',(#2100),#2104);
#2100 = CIRCLE('',#2101,4.2);
#2101 = AXIS2_PLACEMENT_2D('',#2102,#2103);
#2102 = CARTESIAN_POINT('',(0.,157.11182228887));
#2103 = DIRECTION('',(1.,0.));
#2104 = ( GEOMETRIC_REPRESENTATION_CONTEXT(2) 
PARAMETRIC_REPRESENTATION_CONTEXT() REPRESENTATION_CONTEXT('2D SPACE',''
  ) );
#2105 = PCURVE('',#2106,#2111);
#2106 = CYLINDRICAL_SURFACE('',#2107,4.2);
#2107 = AXIS2_PLACEMENT_3D('',#2108,#2109,#2110);
#2108 = CARTESIAN_POINT('',(180.,-75.,257.));
#2109 = DIRECTION('',(0.,-1.,2.22044604925E-16));
#2110 = DIRECTION('',(1.,0.,0.));
#2111 = DEFINITIONAL_REPRESENTATION('',(#2112),#2116);
#2112 = LINE('',#2113,#2114);
#2113 = CARTESIAN_POINT('',(0.,1.));
#2114 = VECTOR('',#2115,1.);
#2115 = DIRECTION('',(1.,0.));
#2116 = ( GEOMETRIC_REPRESENTATION_CONTEXT(2) 
PARAMETRIC_REPRESENTATION_CONTEXT() REPRESENTATION_CONTEXT('2D SPACE',''
  ) );
#2117 = ADVANCED_FACE('',(#2118,#2190,#2216,#2242,#2268,#2294,#2359,
    #2385,#2411),#1525,.T.);
#2118 = FACE_BOUND('',#2119,.T.);
#2119 = EDGE_LOOP('',(#2120,#2121,#2122,#2145,#2168,#2189));
#2120 = ORIENTED_EDGE('',*,*,#1509,.T.);
#2121 = ORIENTED_EDGE('',*,*,#1671,.T.);
#2122 = ORIENTED_EDGE('',*,*,#2123,.T.);
#2123 = EDGE_CURVE('',#1672,#2124,#2126,.T.);
#2124 = VERTEX_POINT('',#2125);
#2125 = CARTESIAN_POINT('',(220.,-82.,262.));
#2126 = SURFACE_CURVE('',#2127,(#2131,#2138),.PCURVE_S1.);
#2127 = LINE('',#2128,#2129);
#2128 = CARTESIAN_POINT('',(340.,-82.,30.));
#2129 = VECTOR('',#2130,1.);
#2130 = DIRECTION('',(-0.459422918874,0.,0.888217643156));
#2131 = PCURVE('',#1525,#2132);
#2132 = DEFINITIONAL_REPRESENTATION('',(#2133),#2137);
#2133 = LINE('',#2134,#2135);
#2134 = CARTESIAN_POINT('',(160.,-69.88817771112));
#2135 = VECTOR('',#2136,1.);
#2136 = DIRECTION('',(-0.459422918874,0.888217643156));
#2137 = ( GEOMETRIC_REPRESENTATION_CONTEXT(2) 
PARAMETRIC_REPRESENTATION_CONTEXT() REPRESENTATION_CONTEXT('2D SPACE',''
  ) );
#2138 = PCURVE('',#1710,#2139);
#2139 = DEFINITIONAL_REPRESENTATION('',(#2140),#2144);
#2140 = LINE('',#2141,#2142);
#2141 = CARTESIAN_POINT('',(0.,-6.));
#2142 = VECTOR('',#2143,1.);
#2143 = DIRECTION('',(1.,0.));
#2144 = ( GEOMETRIC_REPRESENTATION_CONTEXT(2) 
PARAMETRIC_REPRESENTATION_CONTEXT() REPRESENTATION_CONTEXT('2D SPACE',''
  ) );
#2145 = ORIENTED_EDGE('',*,*,#2146,.T.);
#2146 = EDGE_CURVE('',#2124,#2147,#2149,.T.);
#2147 = VERTEX_POINT('',#2148);
#2148 = CARTESIAN_POINT('',(140.,-82.,262.));
#2149 = SURFACE_CURVE('',#2150,(#2154,#2161),.PCURVE_S1.);
#2150 = LINE('',#2151,#2152);
#2151 = CARTESIAN_POINT('',(220.,-82.,262.));
#2152 = VECTOR('',#2153,1.);
#2153 = DIRECTION('',(-1.,0.,0.));
#2154 = PCURVE('',#1525,#2155);
#2155 = DEFINITIONAL_REPRESENTATION('',(#2156),#2160);
#2156 = LINE('',#2157,#2158);
#2157 = CARTESIAN_POINT('',(40.,162.11182228887));
#2158 = VECTOR('',#2159,1.);
#2159 = DIRECTION('',(-1.,0.));
#2160 = ( GEOMETRIC_REPRESENTATION_CONTEXT(2) 
PARAMETRIC_REPRESENTATION_CONTEXT() REPRESENTATION_CONTEXT('2D SPACE',''
  ) );
#2161 = PCURVE('',#1787,#2162);
#2162 = DEFINITIONAL_REPRESENTATION('',(#2163),#2167);
#2163 = LINE('',#2164,#2165);
#2164 = CARTESIAN_POINT('',(0.,-6.));
#2165 = VECTOR('',#2166,1.);
#2166 = DIRECTION('',(1.,0.));
#2167 = ( GEOMETRIC_REPRESENTATION_CONTEXT(2) 
PARAMETRIC_REPRESENTATION_CONTEXT() REPRESENTATION_CONTEXT('2D SPACE',''
  ) );
#2168 = ORIENTED_EDGE('',*,*,#2169,.T.);
#2169 = EDGE_CURVE('',#2147,#1597,#2170,.T.);
#2170 = SURFACE_CURVE('',#2171,(#2175,#2182),.PCURVE_S1.);
#2171 = LINE('',#2172,#2173);
#2172 = CARTESIAN_POINT('',(140.,-82.,262.));
#2173 = VECTOR('',#2174,1.);
#2174 = DIRECTION('',(-0.459422918874,-0.,-0.888217643156));
#2175 = PCURVE('',#1525,#2176);
#2176 = DEFINITIONAL_REPRESENTATION('',(#2177),#2181);
#2177 = LINE('',#2178,#2179);
#2178 = CARTESIAN_POINT('',(-40.,162.11182228887));
#2179 = VECTOR('',#2180,1.);
#2180 = DIRECTION('',(-0.459422918874,-0.888217643156));
#2181 = ( GEOMETRIC_REPRESENTATION_CONTEXT(2) 
PARAMETRIC_REPRESENTATION_CONTEXT() REPRESENTATION_CONTEXT('2D SPACE',''
  ) );
#2182 = PCURVE('',#1612,#2183);
#2183 = DEFINITIONAL_REPRESENTATION('',(#2184),#2188);
#2184 = LINE('',#2185,#2186);
#2185 = CARTESIAN_POINT('',(0.,-6.));
#2186 = VECTOR('',#2187,1.);
#2187 = DIRECTION('',(1.,0.));
#2188 = ( GEOMETRIC_REPRESENTATION_CONTEXT(2) 
PARAMETRIC_REPRESENTATION_CONTEXT() REPRESENTATION_CONTEXT('2D SPACE',''
  ) );
#2189 = ORIENTED_EDGE('',*,*,#1624,.T.);
#2190 = FACE_BOUND('',#2191,.T.);
#2191 = EDGE_LOOP('',(#2192));
#2192 = ORIENTED_EDGE('',*,*,#2193,.F.);
#2193 = EDGE_CURVE('',#2194,#2194,#2196,.T.);
#2194 = VERTEX_POINT('',#2195);
#2195 = CARTESIAN_POINT('',(53.2,-82.,18.));
#2196 = SURFACE_CURVE('',#2197,(#2202,#2209),.PCURVE_S1.);
#2197 = CIRCLE('',#2198,3.2);
#2198 = AXIS2_PLACEMENT_3D('',#2199,#2200,#2201);
#2199 = CARTESIAN_POINT('',(50.,-82.,18.));
#2200 = DIRECTION('',(0.,-1.,2.22044604925E-16));
#2201 = DIRECTION('',(1.,0.,0.));
#2202 = PCURVE('',#1525,#2203);
#2203 = DEFINITIONAL_REPRESENTATION('',(#2204),#2208);
#2204 = CIRCLE('',#2205,3.2);
#2205 = AXIS2_PLACEMENT_2D('',#2206,#2207);
#2206 = CARTESIAN_POINT('',(-130.,-81.88817771112));
#2207 = DIRECTION('',(1.,0.));
#2208 = ( GEOMETRIC_REPRESENTATION_CONTEXT(2) 
PARAMETRIC_REPRESENTATION_CONTEXT() REPRESENTATION_CONTEXT('2D SPACE',''
  ) );
#2209 = PCURVE('',#1840,#2210);
#2210 = DEFINITIONAL_REPRESENTATION('',(#2211),#2215);
#2211 = LINE('',#2212,#2213);
#2212 = CARTESIAN_POINT('',(0.,7.));
#2213 = VECTOR('',#2214,1.);
#2214 = DIRECTION('',(1.,0.));
#2215 = ( GEOMETRIC_REPRESENTATION_CONTEXT(2) 
PARAMETRIC_REPRESENTATION_CONTEXT() REPRESENTATION_CONTEXT('2D SPACE',''
  ) );
#2216 = FACE_BOUND('',#2217,.T.);
#2217 = EDGE_LOOP('',(#2218));
#2218 = ORIENTED_EDGE('',*,*,#2219,.F.);
#2219 = EDGE_CURVE('',#2220,#2220,#2222,.T.);
#2220 = VERTEX_POINT('',#2221);
#2221 = CARTESIAN_POINT('',(84.,-82.,130.));
#2222 = SURFACE_CURVE('',#2223,(#2228,#2235),.PCURVE_S1.);
#2223 = CIRCLE('',#2224,4.);
#2224 = AXIS2_PLACEMENT_3D('',#2225,#2226,#2227);
#2225 = CARTESIAN_POINT('',(80.,-82.,130.));
#2226 = DIRECTION('',(0.,-1.,2.22044604925E-16));
#2227 = DIRECTION('',(1.,0.,0.));
#2228 = PCURVE('',#1525,#2229);
#2229 = DEFINITIONAL_REPRESENTATION('',(#2230),#2234);
#2230 = CIRCLE('',#2231,4.);
#2231 = AXIS2_PLACEMENT_2D('',#2232,#2233);
#2232 = CARTESIAN_POINT('',(-100.,30.111822288879));
#2233 = DIRECTION('',(1.,0.));
#2234 = ( GEOMETRIC_REPRESENTATION_CONTEXT(2) 
PARAMETRIC_REPRESENTATION_CONTEXT() REPRESENTATION_CONTEXT('2D SPACE',''
  ) );
#2235 = PCURVE('',#1871,#2236);
#2236 = DEFINITIONAL_REPRESENTATION('',(#2237),#2241);
#2237 = LINE('',#2238,#2239);
#2238 = CARTESIAN_POINT('',(0.,7.));
#2239 = VECTOR('',#2240,1.);
#2240 = DIRECTION('',(1.,0.));
#2241 = ( GEOMETRIC_REPRESENTATION_CONTEXT(2) 
PARAMETRIC_REPRESENTATION_CONTEXT() REPRESENTATION_CONTEXT('2D SPACE',''
  ) );
#2242 = FACE_BOUND('',#2243,.T.);
#2243 = EDGE_LOOP('',(#2244));
#2244 = ORIENTED_EDGE('',*,*,#2245,.F.);
#2245 = EDGE_CURVE('',#2246,#2246,#2248,.T.);
#2246 = VERTEX_POINT('',#2247);
#2247 = CARTESIAN_POINT('',(183.2,-82.,30.));
#2248 = SURFACE_CURVE('',#2249,(#2254,#2261),.PCURVE_S1.);
#2249 = CIRCLE('',#2250,3.2);
#2250 = AXIS2_PLACEMENT_3D('',#2251,#2252,#2253);
#2251 = CARTESIAN_POINT('',(180.,-82.,30.));
#2252 = DIRECTION('',(0.,-1.,2.22044604925E-16));
#2253 = DIRECTION('',(1.,0.,0.));
#2254 = PCURVE('',#1525,#2255);
#2255 = DEFINITIONAL_REPRESENTATION('',(#2256),#2260);
#2256 = CIRCLE('',#2257,3.2);
#2257 = AXIS2_PLACEMENT_2D('',#2258,#2259);
#2258 = CARTESIAN_POINT('',(0.,-69.88817771112));
#2259 = DIRECTION('',(1.,0.));
#2260 = ( GEOMETRIC_REPRESENTATION_CONTEXT(2) 
PARAMETRIC_REPRESENTATION_CONTEXT() REPRESENTATION_CONTEXT('2D SPACE',''
  ) );
#2261 = PCURVE('',#1902,#2262);
#2262 = DEFINITIONAL_REPRESENTATION('',(#2263),#2267);
#2263 = LINE('',#2264,#2265);
#2264 = CARTESIAN_POINT('',(0.,7.));
#2265 = VECTOR('',#2266,1.);
#2266 = DIRECTION('',(1.,0.));
#2267 = ( GEOMETRIC_REPRESENTATION_CONTEXT(2) 
PARAMETRIC_REPRESENTATION_CONTEXT() REPRESENTATION_CONTEXT('2D SPACE',''
  ) );
#2268 = FACE_BOUND('',#2269,.T.);
#2269 = EDGE_LOOP('',(#2270));
#2270 = ORIENTED_EDGE('',*,*,#2271,.F.);
#2271 = EDGE_CURVE('',#2272,#2272,#2274,.T.);
#2272 = VERTEX_POINT('',#2273);
#2273 = CARTESIAN_POINT('',(313.2,-82.,18.));
#2274 = SURFACE_CURVE('',#2275,(#2280,#2287),.PCURVE_S1.);
#2275 = CIRCLE('',#2276,3.2);
#2276 = AXIS2_PLACEMENT_3D('',#2277,#2278,#2279);
#2277 = CARTESIAN_POINT('',(310.,-82.,18.));
#2278 = DIRECTION('',(0.,-1.,2.22044604925E-16));
#2279 = DIRECTION('',(1.,0.,0.));
#2280 = PCURVE('',#1525,#2281);
#2281 = DEFINITIONAL_REPRESENTATION('',(#2282),#2286);
#2282 = CIRCLE('',#2283,3.2);
#2283 = AXIS2_PLACEMENT_2D('',#2284,#2285);
#2284 = CARTESIAN_POINT('',(130.,-81.88817771112));
#2285 = DIRECTION('',(1.,0.));
#2286 = ( GEOMETRIC_REPRESENTATION_CONTEXT(2) 
PARAMETRIC_REPRESENTATION_CONTEXT() REPRESENTATION_CONTEXT('2D SPACE',''
  ) );
#2287 = PCURVE('',#1933,#2288);
#2288 = DEFINITIONAL_REPRESENTATION('',(#2289),#2293);
#2289 = LINE('',#2290,#2291);
#2290 = CARTESIAN_POINT('',(0.,7.));
#2291 = VECTOR('',#2292,1.);
#2292 = DIRECTION('',(1.,0.));
#2293 = ( GEOMETRIC_REPRESENTATION_CONTEXT(2) 
PARAMETRIC_REPRESENTATION_CONTEXT() REPRESENTATION_CONTEXT('2D SPACE',''
  ) );
#2294 = FACE_BOUND('',#2295,.T.);
#2295 = EDGE_LOOP('',(#2296,#2319,#2340));
#2296 = ORIENTED_EDGE('',*,*,#2297,.T.);
#2297 = EDGE_CURVE('',#2298,#2300,#2302,.T.);
#2298 = VERTEX_POINT('',#2299);
#2299 = CARTESIAN_POINT('',(180.,-82.,155.));
#2300 = VERTEX_POINT('',#2301);
#2301 = CARTESIAN_POINT('',(275.,-82.,45.));
#2302 = SURFACE_CURVE('',#2303,(#2307,#2313),.PCURVE_S1.);
#2303 = LINE('',#2304,#2305);
#2304 = CARTESIAN_POINT('',(241.13120811642,-82.,84.216495865197));
#2305 = VECTOR('',#2306,1.);
#2306 = DIRECTION('',(0.653619870346,0.,-0.756823007769));
#2307 = PCURVE('',#1525,#2308);
#2308 = DEFINITIONAL_REPRESENTATION('',(#2309),#2312);
#2309 = B_SPLINE_CURVE_WITH_KNOTS('',1,(#2310,#2311),.UNSPECIFIED.,.F.,
  .F.,(2,2),(-93.52715682289,51.817261714589),.PIECEWISE_BEZIER_KNOTS.);
#2310 = CARTESIAN_POINT('',(1.42108547152E-14,55.111822288879));
#2311 = CARTESIAN_POINT('',(95.,-54.88817771112));
#2312 = ( GEOMETRIC_REPRESENTATION_CONTEXT(2) 
PARAMETRIC_REPRESENTATION_CONTEXT() REPRESENTATION_CONTEXT('2D SPACE',''
  ) );
#2313 = PCURVE('',#1964,#2314);
#2314 = DEFINITIONAL_REPRESENTATION('',(#2315),#2318);
#2315 = B_SPLINE_CURVE_WITH_KNOTS('',1,(#2316,#2317),.UNSPECIFIED.,.F.,
  .F.,(2,2),(-93.52715682289,51.817261714589),.PIECEWISE_BEZIER_KNOTS.);
#2316 = CARTESIAN_POINT('',(145.34441853748,-7.));
#2317 = CARTESIAN_POINT('',(0.,-7.));
#2318 = ( GEOMETRIC_REPRESENTATION_CONTEXT(2) 
PARAMETRIC_REPRESENTATION_CONTEXT() REPRESENTATION_CONTEXT('2D SPACE',''
  ) );
#2319 = ORIENTED_EDGE('',*,*,#2320,.T.);
#2320 = EDGE_CURVE('',#2300,#2321,#2323,.T.);
#2321 = VERTEX_POINT('',#2322);
#2322 = CARTESIAN_POINT('',(85.,-82.,45.));
#2323 = SURFACE_CURVE('',#2324,(#2328,#2334),.PCURVE_S1.);
#2324 = LINE('',#2325,#2326);
#2325 = CARTESIAN_POINT('',(132.5,-82.,45.));
#2326 = VECTOR('',#2327,1.);
#2327 = DIRECTION('',(-1.,-0.,0.));
#2328 = PCURVE('',#1525,#2329);
#2329 = DEFINITIONAL_REPRESENTATION('',(#2330),#2333);
#2330 = B_SPLINE_CURVE_WITH_KNOTS('',1,(#2331,#2332),.UNSPECIFIED.,.F.,
  .F.,(2,2),(-142.5,47.5),.PIECEWISE_BEZIER_KNOTS.);
#2331 = CARTESIAN_POINT('',(95.,-54.88817771112));
#2332 = CARTESIAN_POINT('',(-95.,-54.88817771112));
#2333 = ( GEOMETRIC_REPRESENTATION_CONTEXT(2) 
PARAMETRIC_REPRESENTATION_CONTEXT() REPRESENTATION_CONTEXT('2D SPACE',''
  ) );
#2334 = PCURVE('',#1990,#2335);
#2335 = DEFINITIONAL_REPRESENTATION('',(#2336),#2339);
#2336 = B_SPLINE_CURVE_WITH_KNOTS('',1,(#2337,#2338),.UNSPECIFIED.,.F.,
  .F.,(2,2),(-142.5,47.5),.PIECEWISE_BEZIER_KNOTS.);
#2337 = CARTESIAN_POINT('',(190.,-7.));
#2338 = CARTESIAN_POINT('',(0.,-7.));
#2339 = ( GEOMETRIC_REPRESENTATION_CONTEXT(2) 
PARAMETRIC_REPRESENTATION_CONTEXT() REPRESENTATION_CONTEXT('2D SPACE',''
  ) );
#2340 = ORIENTED_EDGE('',*,*,#2341,.T.);
#2341 = EDGE_CURVE('',#2321,#2298,#2342,.T.);
#2342 = SURFACE_CURVE('',#2343,(#2347,#2353),.PCURVE_S1.);
#2343 = LINE('',#2344,#2345);
#2344 = CARTESIAN_POINT('',(166.36879188357,-82.,139.21649586519));
#2345 = VECTOR('',#2346,1.);
#2346 = DIRECTION('',(0.653619870346,0.,0.756823007769));
#2347 = PCURVE('',#1525,#2348);
#2348 = DEFINITIONAL_REPRESENTATION('',(#2349),#2352);
#2349 = B_SPLINE_CURVE_WITH_KNOTS('',1,(#2350,#2351),.UNSPECIFIED.,.F.,
  .F.,(2,2),(-124.4894709833,20.854947554154),.PIECEWISE_BEZIER_KNOTS.);
#2350 = CARTESIAN_POINT('',(-95.,-54.88817771112));
#2351 = CARTESIAN_POINT('',(-8.881784197001E-15,55.111822288879));
#2352 = ( GEOMETRIC_REPRESENTATION_CONTEXT(2) 
PARAMETRIC_REPRESENTATION_CONTEXT() REPRESENTATION_CONTEXT('2D SPACE',''
  ) );
#2353 = PCURVE('',#2014,#2354);
#2354 = DEFINITIONAL_REPRESENTATION('',(#2355),#2358);
#2355 = B_SPLINE_CURVE_WITH_KNOTS('',1,(#2356,#2357),.UNSPECIFIED.,.F.,
  .F.,(2,2),(-124.4894709833,20.854947554154),.PIECEWISE_BEZIER_KNOTS.);
#2356 = CARTESIAN_POINT('',(145.34441853748,-7.));
#2357 = CARTESIAN_POINT('',(0.,-7.));
#2358 = ( GEOMETRIC_REPRESENTATION_CONTEXT(2) 
PARAMETRIC_REPRESENTATION_CONTEXT() REPRESENTATION_CONTEXT('2D SPACE',''
  ) );
#2359 = FACE_BOUND('',#2360,.T.);
#2360 = EDGE_LOOP('',(#2361));
#2361 = ORIENTED_EDGE('',*,*,#2362,.F.);
#2362 = EDGE_CURVE('',#2363,#2363,#2365,.T.);
#2363 = VERTEX_POINT('',#2364);
#2364 = CARTESIAN_POINT('',(184.2,-82.,203.));
#2365 = SURFACE_CURVE('',#2366,(#2371,#2378),.PCURVE_S1.);
#2366 = CIRCLE('',#2367,4.2);
#2367 = AXIS2_PLACEMENT_3D('',#2368,#2369,#2370);
#2368 = CARTESIAN_POINT('',(180.,-82.,203.));
#2369 = DIRECTION('',(0.,-1.,2.22044604925E-16));
#2370 = DIRECTION('',(1.,0.,0.));
#2371 = PCURVE('',#1525,#2372);
#2372 = DEFINITIONAL_REPRESENTATION('',(#2373),#2377);
#2373 = CIRCLE('',#2374,4.2);
#2374 = AXIS2_PLACEMENT_2D('',#2375,#2376);
#2375 = CARTESIAN_POINT('',(0.,103.11182228887));
#2376 = DIRECTION('',(1.,0.));
#2377 = ( GEOMETRIC_REPRESENTATION_CONTEXT(2) 
PARAMETRIC_REPRESENTATION_CONTEXT() REPRESENTATION_CONTEXT('2D SPACE',''
  ) );
#2378 = PCURVE('',#2044,#2379);
#2379 = DEFINITIONAL_REPRESENTATION('',(#2380),#2384);
#2380 = LINE('',#2381,#2382);
#2381 = CARTESIAN_POINT('',(0.,7.));
#2382 = VECTOR('',#2383,1.);
#2383 = DIRECTION('',(1.,0.));
#2384 = ( GEOMETRIC_REPRESENTATION_CONTEXT(2) 
PARAMETRIC_REPRESENTATION_CONTEXT() REPRESENTATION_CONTEXT('2D SPACE',''
  ) );
#2385 = FACE_BOUND('',#2386,.T.);
#2386 = EDGE_LOOP('',(#2387));
#2387 = ORIENTED_EDGE('',*,*,#2388,.F.);
#2388 = EDGE_CURVE('',#2389,#2389,#2391,.T.);
#2389 = VERTEX_POINT('',#2390);
#2390 = CARTESIAN_POINT('',(190.5,-82.,230.));
#2391 = SURFACE_CURVE('',#2392,(#2397,#2404),.PCURVE_S1.);
#2392 = CIRCLE('',#2393,10.5);
#2393 = AXIS2_PLACEMENT_3D('',#2394,#2395,#2396);
#2394 = CARTESIAN_POINT('',(180.,-82.,230.));
#2395 = DIRECTION('',(0.,-1.,2.22044604925E-16));
#2396 = DIRECTION('',(1.,0.,0.));
#2397 = PCURVE('',#1525,#2398);
#2398 = DEFINITIONAL_REPRESENTATION('',(#2399),#2403);
#2399 = CIRCLE('',#2400,10.5);
#2400 = AXIS2_PLACEMENT_2D('',#2401,#2402);
#2401 = CARTESIAN_POINT('',(0.,130.11182228887));
#2402 = DIRECTION('',(1.,0.));
#2403 = ( GEOMETRIC_REPRESENTATION_CONTEXT(2) 
PARAMETRIC_REPRESENTATION_CONTEXT() REPRESENTATION_CONTEXT('2D SPACE',''
  ) );
#2404 = PCURVE('',#2075,#2405);
#2405 = DEFINITIONAL_REPRESENTATION('',(#2406),#2410);
#2406 = LINE('',#2407,#2408);
#2407 = CARTESIAN_POINT('',(0.,7.));
#2408 = VECTOR('',#2409,1.);
#2409 = DIRECTION('',(1.,0.));
#2410 = ( GEOMETRIC_REPRESENTATION_CONTEXT(2) 
PARAMETRIC_REPRESENTATION_CONTEXT() REPRESENTATION_CONTEXT('2D SPACE',''
  ) );
#2411 = FACE_BOUND('',#2412,.T.);
#2412 = EDGE_LOOP('',(#2413));
#2413 = ORIENTED_EDGE('',*,*,#2414,.F.);
#2414 = EDGE_CURVE('',#2415,#2415,#2417,.T.);
#2415 = VERTEX_POINT('',#2416);
#2416 = CARTESIAN_POINT('',(184.2,-82.,257.));
#2417 = SURFACE_CURVE('',#2418,(#2423,#2430),.PCURVE_S1.);
#2418 = CIRCLE('',#2419,4.2);
#2419 = AXIS2_PLACEMENT_3D('',#2420,#2421,#2422);
#2420 = CARTESIAN_POINT('',(180.,-82.,257.));
#2421 = DIRECTION('',(0.,-1.,2.22044604925E-16));
#2422 = DIRECTION('',(1.,0.,0.));
#2423 = PCURVE('',#1525,#2424);
#2424 = DEFINITIONAL_REPRESENTATION('',(#2425),#2429);
#2425 = CIRCLE('',#2426,4.2);
#2426 = AXIS2_PLACEMENT_2D('',#2427,#2428);
#2427 = CARTESIAN_POINT('',(0.,157.11182228887));
#2428 = DIRECTION('',(1.,0.));
#2429 = ( GEOMETRIC_REPRESENTATION_CONTEXT(2) 
PARAMETRIC_REPRESENTATION_CONTEXT() REPRESENTATION_CONTEXT('2D SPACE',''
  ) );
#2430 = PCURVE('',#2106,#2431);
#2431 = DEFINITIONAL_REPRESENTATION('',(#2432),#2436);
#2432 = LINE('',#2433,#2434);
#2433 = CARTESIAN_POINT('',(0.,7.));
#2434 = VECTOR('',#2435,1.);
#2435 = DIRECTION('',(1.,0.));
#2436 = ( GEOMETRIC_REPRESENTATION_CONTEXT(2) 
PARAMETRIC_REPRESENTATION_CONTEXT() REPRESENTATION_CONTEXT('2D SPACE',''
  ) );
#2437 = ADVANCED_FACE('',(#2438),#1612,.F.);
#2438 = FACE_BOUND('',#2439,.F.);
#2439 = EDGE_LOOP('',(#2440,#2461,#2462,#2463));
#2440 = ORIENTED_EDGE('',*,*,#2441,.T.);
#2441 = EDGE_CURVE('',#1772,#2147,#2442,.T.);
#2442 = SURFACE_CURVE('',#2443,(#2447,#2454),.PCURVE_S1.);
#2443 = LINE('',#2444,#2445);
#2444 = CARTESIAN_POINT('',(140.,-76.,262.));
#2445 = VECTOR('',#2446,1.);
#2446 = DIRECTION('',(0.,-1.,0.));
#2447 = PCURVE('',#1612,#2448);
#2448 = DEFINITIONAL_REPRESENTATION('',(#2449),#2453);
#2449 = LINE('',#2450,#2451);
#2450 = CARTESIAN_POINT('',(-0.,0.));
#2451 = VECTOR('',#2452,1.);
#2452 = DIRECTION('',(0.,-1.));
#2453 = ( GEOMETRIC_REPRESENTATION_CONTEXT(2) 
PARAMETRIC_REPRESENTATION_CONTEXT() REPRESENTATION_CONTEXT('2D SPACE',''
  ) );
#2454 = PCURVE('',#1787,#2455);
#2455 = DEFINITIONAL_REPRESENTATION('',(#2456),#2460);
#2456 = LINE('',#2457,#2458);
#2457 = CARTESIAN_POINT('',(80.,0.));
#2458 = VECTOR('',#2459,1.);
#2459 = DIRECTION('',(0.,-1.));
#2460 = ( GEOMETRIC_REPRESENTATION_CONTEXT(2) 
PARAMETRIC_REPRESENTATION_CONTEXT() REPRESENTATION_CONTEXT('2D SPACE',''
  ) );
#2461 = ORIENTED_EDGE('',*,*,#2169,.T.);
#2462 = ORIENTED_EDGE('',*,*,#1594,.F.);
#2463 = ORIENTED_EDGE('',*,*,#1799,.F.);
#2464 = ADVANCED_FACE('',(#2465),#1710,.F.);
#2465 = FACE_BOUND('',#2466,.F.);
#2466 = EDGE_LOOP('',(#2467,#2468,#2469,#2490));
#2467 = ORIENTED_EDGE('',*,*,#1694,.T.);
#2468 = ORIENTED_EDGE('',*,*,#2123,.T.);
#2469 = ORIENTED_EDGE('',*,*,#2470,.F.);
#2470 = EDGE_CURVE('',#1749,#2124,#2471,.T.);
#2471 = SURFACE_CURVE('',#2472,(#2476,#2483),.PCURVE_S1.);
#2472 = LINE('',#2473,#2474);
#2473 = CARTESIAN_POINT('',(220.,-76.,262.));
#2474 = VECTOR('',#2475,1.);
#2475 = DIRECTION('',(0.,-1.,0.));
#2476 = PCURVE('',#1710,#2477);
#2477 = DEFINITIONAL_REPRESENTATION('',(#2478),#2482);
#2478 = LINE('',#2479,#2480);
#2479 = CARTESIAN_POINT('',(261.19724347703,0.));
#2480 = VECTOR('',#2481,1.);
#2481 = DIRECTION('',(0.,-1.));
#2482 = ( GEOMETRIC_REPRESENTATION_CONTEXT(2) 
PARAMETRIC_REPRESENTATION_CONTEXT() REPRESENTATION_CONTEXT('2D SPACE',''
  ) );
#2483 = PCURVE('',#1787,#2484);
#2484 = DEFINITIONAL_REPRESENTATION('',(#2485),#2489);
#2485 = LINE('',#2486,#2487);
#2486 = CARTESIAN_POINT('',(0.,0.));
#2487 = VECTOR('',#2488,1.);
#2488 = DIRECTION('',(0.,-1.));
#2489 = ( GEOMETRIC_REPRESENTATION_CONTEXT(2) 
PARAMETRIC_REPRESENTATION_CONTEXT() REPRESENTATION_CONTEXT('2D SPACE',''
  ) );
#2490 = ORIENTED_EDGE('',*,*,#1748,.F.);
#2491 = ADVANCED_FACE('',(#2492),#1787,.F.);
#2492 = FACE_BOUND('',#2493,.F.);
#2493 = EDGE_LOOP('',(#2494,#2495,#2496,#2497));
#2494 = ORIENTED_EDGE('',*,*,#2470,.T.);
#2495 = ORIENTED_EDGE('',*,*,#2146,.T.);
#2496 = ORIENTED_EDGE('',*,*,#2441,.F.);
#2497 = ORIENTED_EDGE('',*,*,#1771,.F.);
#2498 = ADVANCED_FACE('',(#2499),#1840,.F.);
#2499 = FACE_BOUND('',#2500,.F.);
#2500 = EDGE_LOOP('',(#2501,#2502,#2523,#2524));
#2501 = ORIENTED_EDGE('',*,*,#2193,.F.);
#2502 = ORIENTED_EDGE('',*,*,#2503,.F.);
#2503 = EDGE_CURVE('',#1824,#2194,#2504,.T.);
#2504 = SEAM_CURVE('',#2505,(#2509,#2516),.PCURVE_S1.);
#2505 = LINE('',#2506,#2507);
#2506 = CARTESIAN_POINT('',(53.2,-75.,18.));
#2507 = VECTOR('',#2508,1.);
#2508 = DIRECTION('',(0.,-1.,2.22044604925E-16));
#2509 = PCURVE('',#1840,#2510);
#2510 = DEFINITIONAL_REPRESENTATION('',(#2511),#2515);
#2511 = LINE('',#2512,#2513);
#2512 = CARTESIAN_POINT('',(6.28318530718,-0.));
#2513 = VECTOR('',#2514,1.);
#2514 = DIRECTION('',(0.,1.));
#2515 = ( GEOMETRIC_REPRESENTATION_CONTEXT(2) 
PARAMETRIC_REPRESENTATION_CONTEXT() REPRESENTATION_CONTEXT('2D SPACE',''
  ) );
#2516 = PCURVE('',#1840,#2517);
#2517 = DEFINITIONAL_REPRESENTATION('',(#2518),#2522);
#2518 = LINE('',#2519,#2520);
#2519 = CARTESIAN_POINT('',(0.,-0.));
#2520 = VECTOR('',#2521,1.);
#2521 = DIRECTION('',(0.,1.));
#2522 = ( GEOMETRIC_REPRESENTATION_CONTEXT(2) 
PARAMETRIC_REPRESENTATION_CONTEXT() REPRESENTATION_CONTEXT('2D SPACE',''
  ) );
#2523 = ORIENTED_EDGE('',*,*,#1823,.T.);
#2524 = ORIENTED_EDGE('',*,*,#2503,.T.);
#2525 = ADVANCED_FACE('',(#2526),#1871,.F.);
#2526 = FACE_BOUND('',#2527,.F.);
#2527 = EDGE_LOOP('',(#2528,#2529,#2550,#2551));
#2528 = ORIENTED_EDGE('',*,*,#2219,.F.);
#2529 = ORIENTED_EDGE('',*,*,#2530,.F.);
#2530 = EDGE_CURVE('',#1855,#2220,#2531,.T.);
#2531 = SEAM_CURVE('',#2532,(#2536,#2543),.PCURVE_S1.);
#2532 = LINE('',#2533,#2534);
#2533 = CARTESIAN_POINT('',(84.,-75.,130.));
#2534 = VECTOR('',#2535,1.);
#2535 = DIRECTION('',(0.,-1.,2.22044604925E-16));
#2536 = PCURVE('',#1871,#2537);
#2537 = DEFINITIONAL_REPRESENTATION('',(#2538),#2542);
#2538 = LINE('',#2539,#2540);
#2539 = CARTESIAN_POINT('',(6.28318530718,-0.));
#2540 = VECTOR('',#2541,1.);
#2541 = DIRECTION('',(0.,1.));
#2542 = ( GEOMETRIC_REPRESENTATION_CONTEXT(2) 
PARAMETRIC_REPRESENTATION_CONTEXT() REPRESENTATION_CONTEXT('2D SPACE',''
  ) );
#2543 = PCURVE('',#1871,#2544);
#2544 = DEFINITIONAL_REPRESENTATION('',(#2545),#2549);
#2545 = LINE('',#2546,#2547);
#2546 = CARTESIAN_POINT('',(0.,-0.));
#2547 = VECTOR('',#2548,1.);
#2548 = DIRECTION('',(0.,1.));
#2549 = ( GEOMETRIC_REPRESENTATION_CONTEXT(2) 
PARAMETRIC_REPRESENTATION_CONTEXT() REPRESENTATION_CONTEXT('2D SPACE',''
  ) );
#2550 = ORIENTED_EDGE('',*,*,#1854,.T.);
#2551 = ORIENTED_EDGE('',*,*,#2530,.T.);
#2552 = ADVANCED_FACE('',(#2553),#1902,.F.);
#2553 = FACE_BOUND('',#2554,.F.);
#2554 = EDGE_LOOP('',(#2555,#2556,#2577,#2578));
#2555 = ORIENTED_EDGE('',*,*,#2245,.F.);
#2556 = ORIENTED_EDGE('',*,*,#2557,.F.);
#2557 = EDGE_CURVE('',#1886,#2246,#2558,.T.);
#2558 = SEAM_CURVE('',#2559,(#2563,#2570),.PCURVE_S1.);
#2559 = LINE('',#2560,#2561);
#2560 = CARTESIAN_POINT('',(183.2,-75.,30.));
#2561 = VECTOR('',#2562,1.);
#2562 = DIRECTION('',(0.,-1.,2.22044604925E-16));
#2563 = PCURVE('',#1902,#2564);
#2564 = DEFINITIONAL_REPRESENTATION('',(#2565),#2569);
#2565 = LINE('',#2566,#2567);
#2566 = CARTESIAN_POINT('',(6.28318530718,-0.));
#2567 = VECTOR('',#2568,1.);
#2568 = DIRECTION('',(0.,1.));
#2569 = ( GEOMETRIC_REPRESENTATION_CONTEXT(2) 
PARAMETRIC_REPRESENTATION_CONTEXT() REPRESENTATION_CONTEXT('2D SPACE',''
  ) );
#2570 = PCURVE('',#1902,#2571);
#2571 = DEFINITIONAL_REPRESENTATION('',(#2572),#2576);
#2572 = LINE('',#2573,#2574);
#2573 = CARTESIAN_POINT('',(0.,-0.));
#2574 = VECTOR('',#2575,1.);
#2575 = DIRECTION('',(0.,1.));
#2576 = ( GEOMETRIC_REPRESENTATION_CONTEXT(2) 
PARAMETRIC_REPRESENTATION_CONTEXT() REPRESENTATION_CONTEXT('2D SPACE',''
  ) );
#2577 = ORIENTED_EDGE('',*,*,#1885,.T.);
#2578 = ORIENTED_EDGE('',*,*,#2557,.T.);
#2579 = ADVANCED_FACE('',(#2580),#1933,.F.);
#2580 = FACE_BOUND('',#2581,.F.);
#2581 = EDGE_LOOP('',(#2582,#2583,#2604,#2605));
#2582 = ORIENTED_EDGE('',*,*,#2271,.F.);
#2583 = ORIENTED_EDGE('',*,*,#2584,.F.);
#2584 = EDGE_CURVE('',#1917,#2272,#2585,.T.);
#2585 = SEAM_CURVE('',#2586,(#2590,#2597),.PCURVE_S1.);
#2586 = LINE('',#2587,#2588);
#2587 = CARTESIAN_POINT('',(313.2,-75.,18.));
#2588 = VECTOR('',#2589,1.);
#2589 = DIRECTION('',(0.,-1.,2.22044604925E-16));
#2590 = PCURVE('',#1933,#2591);
#2591 = DEFINITIONAL_REPRESENTATION('',(#2592),#2596);
#2592 = LINE('',#2593,#2594);
#2593 = CARTESIAN_POINT('',(6.28318530718,-0.));
#2594 = VECTOR('',#2595,1.);
#2595 = DIRECTION('',(0.,1.));
#2596 = ( GEOMETRIC_REPRESENTATION_CONTEXT(2) 
PARAMETRIC_REPRESENTATION_CONTEXT() REPRESENTATION_CONTEXT('2D SPACE',''
  ) );
#2597 = PCURVE('',#1933,#2598);
#2598 = DEFINITIONAL_REPRESENTATION('',(#2599),#2603);
#2599 = LINE('',#2600,#2601);
#2600 = CARTESIAN_POINT('',(0.,-0.));
#2601 = VECTOR('',#2602,1.);
#2602 = DIRECTION('',(0.,1.));
#2603 = ( GEOMETRIC_REPRESENTATION_CONTEXT(2) 
PARAMETRIC_REPRESENTATION_CONTEXT() REPRESENTATION_CONTEXT('2D SPACE',''
  ) );
#2604 = ORIENTED_EDGE('',*,*,#1916,.T.);
#2605 = ORIENTED_EDGE('',*,*,#2584,.T.);
#2606 = ADVANCED_FACE('',(#2607),#1964,.T.);
#2607 = FACE_BOUND('',#2608,.T.);
#2608 = EDGE_LOOP('',(#2609,#2610,#2631,#2632));
#2609 = ORIENTED_EDGE('',*,*,#1947,.T.);
#2610 = ORIENTED_EDGE('',*,*,#2611,.T.);
#2611 = EDGE_CURVE('',#1950,#2300,#2612,.T.);
#2612 = SURFACE_CURVE('',#2613,(#2617,#2624),.PCURVE_S1.);
#2613 = LINE('',#2614,#2615);
#2614 = CARTESIAN_POINT('',(275.,-75.,45.));
#2615 = VECTOR('',#2616,1.);
#2616 = DIRECTION('',(0.,-1.,0.));
#2617 = PCURVE('',#1964,#2618);
#2618 = DEFINITIONAL_REPRESENTATION('',(#2619),#2623);
#2619 = LINE('',#2620,#2621);
#2620 = CARTESIAN_POINT('',(0.,0.));
#2621 = VECTOR('',#2622,1.);
#2622 = DIRECTION('',(0.,-1.));
#2623 = ( GEOMETRIC_REPRESENTATION_CONTEXT(2) 
PARAMETRIC_REPRESENTATION_CONTEXT() REPRESENTATION_CONTEXT('2D SPACE',''
  ) );
#2624 = PCURVE('',#1990,#2625);
#2625 = DEFINITIONAL_REPRESENTATION('',(#2626),#2630);
#2626 = LINE('',#2627,#2628);
#2627 = CARTESIAN_POINT('',(190.,0.));
#2628 = VECTOR('',#2629,1.);
#2629 = DIRECTION('',(0.,-1.));
#2630 = ( GEOMETRIC_REPRESENTATION_CONTEXT(2) 
PARAMETRIC_REPRESENTATION_CONTEXT() REPRESENTATION_CONTEXT('2D SPACE',''
  ) );
#2631 = ORIENTED_EDGE('',*,*,#2297,.F.);
#2632 = ORIENTED_EDGE('',*,*,#2633,.F.);
#2633 = EDGE_CURVE('',#1948,#2298,#2634,.T.);
#2634 = SURFACE_CURVE('',#2635,(#2639,#2646),.PCURVE_S1.);
#2635 = LINE('',#2636,#2637);
#2636 = CARTESIAN_POINT('',(180.,-75.,155.));
#2637 = VECTOR('',#2638,1.);
#2638 = DIRECTION('',(0.,-1.,0.));
#2639 = PCURVE('',#1964,#2640);
#2640 = DEFINITIONAL_REPRESENTATION('',(#2641),#2645);
#2641 = LINE('',#2642,#2643);
#2642 = CARTESIAN_POINT('',(145.34441853748,0.));
#2643 = VECTOR('',#2644,1.);
#2644 = DIRECTION('',(0.,-1.));
#2645 = ( GEOMETRIC_REPRESENTATION_CONTEXT(2) 
PARAMETRIC_REPRESENTATION_CONTEXT() REPRESENTATION_CONTEXT('2D SPACE',''
  ) );
#2646 = PCURVE('',#2014,#2647);
#2647 = DEFINITIONAL_REPRESENTATION('',(#2648),#2652);
#2648 = LINE('',#2649,#2650);
#2649 = CARTESIAN_POINT('',(-0.,0.));
#2650 = VECTOR('',#2651,1.);
#2651 = DIRECTION('',(0.,-1.));
#2652 = ( GEOMETRIC_REPRESENTATION_CONTEXT(2) 
PARAMETRIC_REPRESENTATION_CONTEXT() REPRESENTATION_CONTEXT('2D SPACE',''
  ) );
#2653 = ADVANCED_FACE('',(#2654),#2014,.T.);
#2654 = FACE_BOUND('',#2655,.T.);
#2655 = EDGE_LOOP('',(#2656,#2657,#2658,#2659));
#2656 = ORIENTED_EDGE('',*,*,#2001,.T.);
#2657 = ORIENTED_EDGE('',*,*,#2633,.T.);
#2658 = ORIENTED_EDGE('',*,*,#2341,.F.);
#2659 = ORIENTED_EDGE('',*,*,#2660,.F.);
#2660 = EDGE_CURVE('',#1976,#2321,#2661,.T.);
#2661 = SURFACE_CURVE('',#2662,(#2666,#2673),.PCURVE_S1.);
#2662 = LINE('',#2663,#2664);
#2663 = CARTESIAN_POINT('',(85.,-75.,45.));
#2664 = VECTOR('',#2665,1.);
#2665 = DIRECTION('',(0.,-1.,0.));
#2666 = PCURVE('',#2014,#2667);
#2667 = DEFINITIONAL_REPRESENTATION('',(#2668),#2672);
#2668 = LINE('',#2669,#2670);
#2669 = CARTESIAN_POINT('',(145.34441853748,0.));
#2670 = VECTOR('',#2671,1.);
#2671 = DIRECTION('',(0.,-1.));
#2672 = ( GEOMETRIC_REPRESENTATION_CONTEXT(2) 
PARAMETRIC_REPRESENTATION_CONTEXT() REPRESENTATION_CONTEXT('2D SPACE',''
  ) );
#2673 = PCURVE('',#1990,#2674);
#2674 = DEFINITIONAL_REPRESENTATION('',(#2675),#2679);
#2675 = LINE('',#2676,#2677);
#2676 = CARTESIAN_POINT('',(0.,0.));
#2677 = VECTOR('',#2678,1.);
#2678 = DIRECTION('',(0.,-1.));
#2679 = ( GEOMETRIC_REPRESENTATION_CONTEXT(2) 
PARAMETRIC_REPRESENTATION_CONTEXT() REPRESENTATION_CONTEXT('2D SPACE',''
  ) );
#2680 = ADVANCED_FACE('',(#2681),#1990,.T.);
#2681 = FACE_BOUND('',#2682,.T.);
#2682 = EDGE_LOOP('',(#2683,#2684,#2685,#2686));
#2683 = ORIENTED_EDGE('',*,*,#1975,.T.);
#2684 = ORIENTED_EDGE('',*,*,#2660,.T.);
#2685 = ORIENTED_EDGE('',*,*,#2320,.F.);
#2686 = ORIENTED_EDGE('',*,*,#2611,.F.);
#2687 = ADVANCED_FACE('',(#2688),#2044,.F.);
#2688 = FACE_BOUND('',#2689,.F.);
#2689 = EDGE_LOOP('',(#2690,#2691,#2712,#2713));
#2690 = ORIENTED_EDGE('',*,*,#2362,.F.);
#2691 = ORIENTED_EDGE('',*,*,#2692,.F.);
#2692 = EDGE_CURVE('',#2028,#2363,#2693,.T.);
#2693 = SEAM_CURVE('',#2694,(#2698,#2705),.PCURVE_S1.);
#2694 = LINE('',#2695,#2696);
#2695 = CARTESIAN_POINT('',(184.2,-75.,203.));
#2696 = VECTOR('',#2697,1.);
#2697 = DIRECTION('',(0.,-1.,2.22044604925E-16));
#2698 = PCURVE('',#2044,#2699);
#2699 = DEFINITIONAL_REPRESENTATION('',(#2700),#2704);
#2700 = LINE('',#2701,#2702);
#2701 = CARTESIAN_POINT('',(6.28318530718,-0.));
#2702 = VECTOR('',#2703,1.);
#2703 = DIRECTION('',(0.,1.));
#2704 = ( GEOMETRIC_REPRESENTATION_CONTEXT(2) 
PARAMETRIC_REPRESENTATION_CONTEXT() REPRESENTATION_CONTEXT('2D SPACE',''
  ) );
#2705 = PCURVE('',#2044,#2706);
#2706 = DEFINITIONAL_REPRESENTATION('',(#2707),#2711);
#2707 = LINE('',#2708,#2709);
#2708 = CARTESIAN_POINT('',(0.,-0.));
#2709 = VECTOR('',#2710,1.);
#2710 = DIRECTION('',(0.,1.));
#2711 = ( GEOMETRIC_REPRESENTATION_CONTEXT(2) 
PARAMETRIC_REPRESENTATION_CONTEXT() REPRESENTATION_CONTEXT('2D SPACE',''
  ) );
#2712 = ORIENTED_EDGE('',*,*,#2027,.T.);
#2713 = ORIENTED_EDGE('',*,*,#2692,.T.);
#2714 = ADVANCED_FACE('',(#2715),#2075,.F.);
#2715 = FACE_BOUND('',#2716,.F.);
#2716 = EDGE_LOOP('',(#2717,#2718,#2739,#2740));
#2717 = ORIENTED_EDGE('',*,*,#2388,.F.);
#2718 = ORIENTED_EDGE('',*,*,#2719,.F.);
#2719 = EDGE_CURVE('',#2059,#2389,#2720,.T.);
#2720 = SEAM_CURVE('',#2721,(#2725,#2732),.PCURVE_S1.);
#2721 = LINE('',#2722,#2723);
#2722 = CARTESIAN_POINT('',(190.5,-75.,230.));
#2723 = VECTOR('',#2724,1.);
#2724 = DIRECTION('',(0.,-1.,2.22044604925E-16));
#2725 = PCURVE('',#2075,#2726);
#2726 = DEFINITIONAL_REPRESENTATION('',(#2727),#2731);
#2727 = LINE('',#2728,#2729);
#2728 = CARTESIAN_POINT('',(6.28318530718,-0.));
#2729 = VECTOR('',#2730,1.);
#2730 = DIRECTION('',(0.,1.));
#2731 = ( GEOMETRIC_REPRESENTATION_CONTEXT(2) 
PARAMETRIC_REPRESENTATION_CONTEXT() REPRESENTATION_CONTEXT('2D SPACE',''
  ) );
#2732 = PCURVE('',#2075,#2733);
#2733 = DEFINITIONAL_REPRESENTATION('',(#2734),#2738);
#2734 = LINE('',#2735,#2736);
#2735 = CARTESIAN_POINT('',(0.,-0.));
#2736 = VECTOR('',#2737,1.);
#2737 = DIRECTION('',(0.,1.));
#2738 = ( GEOMETRIC_REPRESENTATION_CONTEXT(2) 
PARAMETRIC_REPRESENTATION_CONTEXT() REPRESENTATION_CONTEXT('2D SPACE',''
  ) );
#2739 = ORIENTED_EDGE('',*,*,#2058,.T.);
#2740 = ORIENTED_EDGE('',*,*,#2719,.T.);
#2741 = ADVANCED_FACE('',(#2742),#2106,.F.);
#2742 = FACE_BOUND('',#2743,.F.);
#2743 = EDGE_LOOP('',(#2744,#2745,#2766,#2767));
#2744 = ORIENTED_EDGE('',*,*,#2414,.F.);
#2745 = ORIENTED_EDGE('',*,*,#2746,.F.);
#2746 = EDGE_CURVE('',#2090,#2415,#2747,.T.);
#2747 = SEAM_CURVE('',#2748,(#2752,#2759),.PCURVE_S1.);
#2748 = LINE('',#2749,#2750);
#2749 = CARTESIAN_POINT('',(184.2,-75.,257.));
#2750 = VECTOR('',#2751,1.);
#2751 = DIRECTION('',(0.,-1.,2.22044604925E-16));
#2752 = PCURVE('',#2106,#2753);
#2753 = DEFINITIONAL_REPRESENTATION('',(#2754),#2758);
#2754 = LINE('',#2755,#2756);
#2755 = CARTESIAN_POINT('',(6.28318530718,-0.));
#2756 = VECTOR('',#2757,1.);
#2757 = DIRECTION('',(0.,1.));
#2758 = ( GEOMETRIC_REPRESENTATION_CONTEXT(2) 
PARAMETRIC_REPRESENTATION_CONTEXT() REPRESENTATION_CONTEXT('2D SPACE',''
  ) );
#2759 = PCURVE('',#2106,#2760);
#2760 = DEFINITIONAL_REPRESENTATION('',(#2761),#2765);
#2761 = LINE('',#2762,#2763);
#2762 = CARTESIAN_POINT('',(0.,-0.));
#2763 = VECTOR('',#2764,1.);
#2764 = DIRECTION('',(0.,1.));
#2765 = ( GEOMETRIC_REPRESENTATION_CONTEXT(2) 
PARAMETRIC_REPRESENTATION_CONTEXT() REPRESENTATION_CONTEXT('2D SPACE',''
  ) );
#2766 = ORIENTED_EDGE('',*,*,#2089,.T.);
#2767 = ORIENTED_EDGE('',*,*,#2746,.T.);
#2768 = ( GEOMETRIC_REPRESENTATION_CONTEXT(3) 
GLOBAL_UNCERTAINTY_ASSIGNED_CONTEXT((#2772)) 
GLOBAL_UNIT_ASSIGNED_CONTEXT((#2769,#2770,#2771)) REPRESENTATION_CONTEXT
('Context #1','3D Context with UNIT and UNCERTAINTY') );
#2769 = ( LENGTH_UNIT() NAMED_UNIT(*) SI_UNIT(.MILLI.,.METRE.) );
#2770 = ( NAMED_UNIT(*) PLANE_ANGLE_UNIT() SI_UNIT($,.RADIAN.) );
#2771 = ( NAMED_UNIT(*) SI_UNIT($,.STERADIAN.) SOLID_ANGLE_UNIT() );
#2772 = UNCERTAINTY_MEASURE_WITH_UNIT(LENGTH_MEASURE(1.E-07),#2769,
  'distance_accuracy_value','confusion accuracy');
#2773 = CONTEXT_DEPENDENT_SHAPE_REPRESENTATION(#2774,#2776);
#2774 = ( REPRESENTATION_RELATIONSHIP('','',#1467,#10) 
REPRESENTATION_RELATIONSHIP_WITH_TRANSFORMATION(#2775) 
SHAPE_REPRESENTATION_RELATIONSHIP() );
#2775 = ITEM_DEFINED_TRANSFORMATION('','',#11,#19);
#2776 = PRODUCT_DEFINITION_SHAPE('Placement','Placement of an item',
  #2777);
#2777 = NEXT_ASSEMBLY_USAGE_OCCURRENCE('38','=>[0:1:1:3]','',#5,#1462,$
  );
#2778 = PRODUCT_RELATED_PRODUCT_CATEGORY('part',$,(#1464));
#2779 = SHAPE_DEFINITION_REPRESENTATION(#2780,#2786);
#2780 = PRODUCT_DEFINITION_SHAPE('','',#2781);
#2781 = PRODUCT_DEFINITION('design','',#2782,#2785);
#2782 = PRODUCT_DEFINITION_FORMATION('','',#2783);
#2783 = PRODUCT('COMPOUND','COMPOUND','',(#2784));
#2784 = PRODUCT_CONTEXT('',#2,'mechanical');
#2785 = PRODUCT_DEFINITION_CONTEXT('part definition',#2,'design');
#2786 = SHAPE_REPRESENTATION('',(#11,#2787,#2969,#3151,#3333),#3515);
#2787 = MANIFOLD_SOLID_BREP('',#2788);
#2788 = CLOSED_SHELL('',(#2789,#2877,#2912,#2942));
#2789 = ADVANCED_FACE('',(#2790),#2803,.T.);
#2790 = FACE_BOUND('',#2791,.T.);
#2791 = EDGE_LOOP('',(#2792,#2826,#2849,#2876));
#2792 = ORIENTED_EDGE('',*,*,#2793,.F.);
#2793 = EDGE_CURVE('',#2794,#2794,#2796,.T.);
#2794 = VERTEX_POINT('',#2795);
#2795 = CARTESIAN_POINT('',(320.,-76.,18.));
#2796 = SURFACE_CURVE('',#2797,(#2802,#2814),.PCURVE_S1.);
#2797 = CIRCLE('',#2798,10.);
#2798 = AXIS2_PLACEMENT_3D('',#2799,#2800,#2801);
#2799 = CARTESIAN_POINT('',(310.,-76.,18.));
#2800 = DIRECTION('',(0.,-1.,2.22044604925E-16));
#2801 = DIRECTION('',(1.,0.,0.));
#2802 = PCURVE('',#2803,#2808);
#2803 = CYLINDRICAL_SURFACE('',#2804,10.);
#2804 = AXIS2_PLACEMENT_3D('',#2805,#2806,#2807);
#2805 = CARTESIAN_POINT('',(310.,76.,18.));
#2806 = DIRECTION('',(0.,-1.,2.22044604925E-16));
#2807 = DIRECTION('',(1.,0.,0.));
#2808 = DEFINITIONAL_REPRESENTATION('',(#2809),#2813);
#2809 = LINE('',#2810,#2811);
#2810 = CARTESIAN_POINT('',(0.,152.));
#2811 = VECTOR('',#2812,1.);
#2812 = DIRECTION('',(1.,0.));
#2813 = ( GEOMETRIC_REPRESENTATION_CONTEXT(2) 
PARAMETRIC_REPRESENTATION_CONTEXT() REPRESENTATION_CONTEXT('2D SPACE',''
  ) );
#2814 = PCURVE('',#2815,#2820);
#2815 = PLANE('',#2816);
#2816 = AXIS2_PLACEMENT_3D('',#2817,#2818,#2819);
#2817 = CARTESIAN_POINT('',(310.,-76.,18.));
#2818 = DIRECTION('',(0.,-1.,2.22044604925E-16));
#2819 = DIRECTION('',(1.,0.,0.));
#2820 = DEFINITIONAL_REPRESENTATION('',(#2821),#2825);
#2821 = CIRCLE('',#2822,10.);
#2822 = AXIS2_PLACEMENT_2D('',#2823,#2824);
#2823 = CARTESIAN_POINT('',(0.,0.));
#2824 = DIRECTION('',(1.,0.));
#2825 = ( GEOMETRIC_REPRESENTATION_CONTEXT(2) 
PARAMETRIC_REPRESENTATION_CONTEXT() REPRESENTATION_CONTEXT('2D SPACE',''
  ) );
#2826 = ORIENTED_EDGE('',*,*,#2827,.F.);
#2827 = EDGE_CURVE('',#2828,#2794,#2830,.T.);
#2828 = VERTEX_POINT('',#2829);
#2829 = CARTESIAN_POINT('',(320.,76.,18.));
#2830 = SEAM_CURVE('',#2831,(#2835,#2842),.PCURVE_S1.);
#2831 = LINE('',#2832,#2833);
#2832 = CARTESIAN_POINT('',(320.,76.,18.));
#2833 = VECTOR('',#2834,1.);
#2834 = DIRECTION('',(0.,-1.,2.22044604925E-16));
#2835 = PCURVE('',#2803,#2836);
#2836 = DEFINITIONAL_REPRESENTATION('',(#2837),#2841);
#2837 = LINE('',#2838,#2839);
#2838 = CARTESIAN_POINT('',(6.28318530718,-0.));
#2839 = VECTOR('',#2840,1.);
#2840 = DIRECTION('',(0.,1.));
#2841 = ( GEOMETRIC_REPRESENTATION_CONTEXT(2) 
PARAMETRIC_REPRESENTATION_CONTEXT() REPRESENTATION_CONTEXT('2D SPACE',''
  ) );
#2842 = PCURVE('',#2803,#2843);
#2843 = DEFINITIONAL_REPRESENTATION('',(#2844),#2848);
#2844 = LINE('',#2845,#2846);
#2845 = CARTESIAN_POINT('',(0.,-0.));
#2846 = VECTOR('',#2847,1.);
#2847 = DIRECTION('',(0.,1.));
#2848 = ( GEOMETRIC_REPRESENTATION_CONTEXT(2) 
PARAMETRIC_REPRESENTATION_CONTEXT() REPRESENTATION_CONTEXT('2D SPACE',''
  ) );
#2849 = ORIENTED_EDGE('',*,*,#2850,.T.);
#2850 = EDGE_CURVE('',#2828,#2828,#2851,.T.);
#2851 = SURFACE_CURVE('',#2852,(#2857,#2864),.PCURVE_S1.);
#2852 = CIRCLE('',#2853,10.);
#2853 = AXIS2_PLACEMENT_3D('',#2854,#2855,#2856);
#2854 = CARTESIAN_POINT('',(310.,76.,18.));
#2855 = DIRECTION('',(0.,-1.,2.22044604925E-16));
#2856 = DIRECTION('',(1.,0.,0.));
#2857 = PCURVE('',#2803,#2858);
#2858 = DEFINITIONAL_REPRESENTATION('',(#2859),#2863);
#2859 = LINE('',#2860,#2861);
#2860 = CARTESIAN_POINT('',(0.,0.));
#2861 = VECTOR('',#2862,1.);
#2862 = DIRECTION('',(1.,0.));
#2863 = ( GEOMETRIC_REPRESENTATION_CONTEXT(2) 
PARAMETRIC_REPRESENTATION_CONTEXT() REPRESENTATION_CONTEXT('2D SPACE',''
  ) );
#2864 = PCURVE('',#2865,#2870);
#2865 = PLANE('',#2866);
#2866 = AXIS2_PLACEMENT_3D('',#2867,#2868,#2869);
#2867 = CARTESIAN_POINT('',(310.,76.,18.));
#2868 = DIRECTION('',(0.,-1.,2.22044604925E-16));
#2869 = DIRECTION('',(1.,0.,0.));
#2870 = DEFINITIONAL_REPRESENTATION('',(#2871),#2875);
#2871 = CIRCLE('',#2872,10.);
#2872 = AXIS2_PLACEMENT_2D('',#2873,#2874);
#2873 = CARTESIAN_POINT('',(0.,0.));
#2874 = DIRECTION('',(1.,0.));
#2875 = ( GEOMETRIC_REPRESENTATION_CONTEXT(2) 
PARAMETRIC_REPRESENTATION_CONTEXT() REPRESENTATION_CONTEXT('2D SPACE',''
  ) );
#2876 = ORIENTED_EDGE('',*,*,#2827,.T.);
#2877 = ADVANCED_FACE('',(#2878,#2881),#2815,.T.);
#2878 = FACE_BOUND('',#2879,.T.);
#2879 = EDGE_LOOP('',(#2880));
#2880 = ORIENTED_EDGE('',*,*,#2793,.T.);
#2881 = FACE_BOUND('',#2882,.T.);
#2882 = EDGE_LOOP('',(#2883));
#2883 = ORIENTED_EDGE('',*,*,#2884,.F.);
#2884 = EDGE_CURVE('',#2885,#2885,#2887,.T.);
#2885 = VERTEX_POINT('',#2886);
#2886 = CARTESIAN_POINT('',(313.2,-76.,18.));
#2887 = SURFACE_CURVE('',#2888,(#2893,#2900),.PCURVE_S1.);
#2888 = CIRCLE('',#2889,3.2);
#2889 = AXIS2_PLACEMENT_3D('',#2890,#2891,#2892);
#2890 = CARTESIAN_POINT('',(310.,-76.,18.));
#2891 = DIRECTION('',(0.,-1.,2.22044604925E-16));
#2892 = DIRECTION('',(1.,0.,0.));
#2893 = PCURVE('',#2815,#2894);
#2894 = DEFINITIONAL_REPRESENTATION('',(#2895),#2899);
#2895 = CIRCLE('',#2896,3.2);
#2896 = AXIS2_PLACEMENT_2D('',#2897,#2898);
#2897 = CARTESIAN_POINT('',(0.,3.552713678801E-15));
#2898 = DIRECTION('',(1.,0.));
#2899 = ( GEOMETRIC_REPRESENTATION_CONTEXT(2) 
PARAMETRIC_REPRESENTATION_CONTEXT() REPRESENTATION_CONTEXT('2D SPACE',''
  ) );
#2900 = PCURVE('',#2901,#2906);
#2901 = CYLINDRICAL_SURFACE('',#2902,3.2);
#2902 = AXIS2_PLACEMENT_3D('',#2903,#2904,#2905);
#2903 = CARTESIAN_POINT('',(310.,77.,18.));
#2904 = DIRECTION('',(0.,-1.,2.22044604925E-16));
#2905 = DIRECTION('',(1.,0.,0.));
#2906 = DEFINITIONAL_REPRESENTATION('',(#2907),#2911);
#2907 = LINE('',#2908,#2909);
#2908 = CARTESIAN_POINT('',(0.,153.));
#2909 = VECTOR('',#2910,1.);
#2910 = DIRECTION('',(1.,0.));
#2911 = ( GEOMETRIC_REPRESENTATION_CONTEXT(2) 
PARAMETRIC_REPRESENTATION_CONTEXT() REPRESENTATION_CONTEXT('2D SPACE',''
  ) );
#2912 = ADVANCED_FACE('',(#2913,#2916),#2865,.F.);
#2913 = FACE_BOUND('',#2914,.F.);
#2914 = EDGE_LOOP('',(#2915));
#2915 = ORIENTED_EDGE('',*,*,#2850,.T.);
#2916 = FACE_BOUND('',#2917,.F.);
#2917 = EDGE_LOOP('',(#2918));
#2918 = ORIENTED_EDGE('',*,*,#2919,.F.);
#2919 = EDGE_CURVE('',#2920,#2920,#2922,.T.);
#2920 = VERTEX_POINT('',#2921);
#2921 = CARTESIAN_POINT('',(313.2,76.,18.));
#2922 = SURFACE_CURVE('',#2923,(#2928,#2935),.PCURVE_S1.);
#2923 = CIRCLE('',#2924,3.2);
#2924 = AXIS2_PLACEMENT_3D('',#2925,#2926,#2927);
#2925 = CARTESIAN_POINT('',(310.,76.,18.));
#2926 = DIRECTION('',(0.,-1.,2.22044604925E-16));
#2927 = DIRECTION('',(1.,0.,0.));
#2928 = PCURVE('',#2865,#2929);
#2929 = DEFINITIONAL_REPRESENTATION('',(#2930),#2934);
#2930 = CIRCLE('',#2931,3.2);
#2931 = AXIS2_PLACEMENT_2D('',#2932,#2933);
#2932 = CARTESIAN_POINT('',(0.,0.));
#2933 = DIRECTION('',(1.,0.));
#2934 = ( GEOMETRIC_REPRESENTATION_CONTEXT(2) 
PARAMETRIC_REPRESENTATION_CONTEXT() REPRESENTATION_CONTEXT('2D SPACE',''
  ) );
#2935 = PCURVE('',#2901,#2936);
#2936 = DEFINITIONAL_REPRESENTATION('',(#2937),#2941);
#2937 = LINE('',#2938,#2939);
#2938 = CARTESIAN_POINT('',(0.,1.));
#2939 = VECTOR('',#2940,1.);
#2940 = DIRECTION('',(1.,0.));
#2941 = ( GEOMETRIC_REPRESENTATION_CONTEXT(2) 
PARAMETRIC_REPRESENTATION_CONTEXT() REPRESENTATION_CONTEXT('2D SPACE',''
  ) );
#2942 = ADVANCED_FACE('',(#2943),#2901,.F.);
#2943 = FACE_BOUND('',#2944,.F.);
#2944 = EDGE_LOOP('',(#2945,#2946,#2967,#2968));
#2945 = ORIENTED_EDGE('',*,*,#2884,.F.);
#2946 = ORIENTED_EDGE('',*,*,#2947,.F.);
#2947 = EDGE_CURVE('',#2920,#2885,#2948,.T.);
#2948 = SEAM_CURVE('',#2949,(#2953,#2960),.PCURVE_S1.);
#2949 = LINE('',#2950,#2951);
#2950 = CARTESIAN_POINT('',(313.2,77.,18.));
#2951 = VECTOR('',#2952,1.);
#2952 = DIRECTION('',(0.,-1.,2.22044604925E-16));
#2953 = PCURVE('',#2901,#2954);
#2954 = DEFINITIONAL_REPRESENTATION('',(#2955),#2959);
#2955 = LINE('',#2956,#2957);
#2956 = CARTESIAN_POINT('',(6.28318530718,-0.));
#2957 = VECTOR('',#2958,1.);
#2958 = DIRECTION('',(0.,1.));
#2959 = ( GEOMETRIC_REPRESENTATION_CONTEXT(2) 
PARAMETRIC_REPRESENTATION_CONTEXT() REPRESENTATION_CONTEXT('2D SPACE',''
  ) );
#2960 = PCURVE('',#2901,#2961);
#2961 = DEFINITIONAL_REPRESENTATION('',(#2962),#2966);
#2962 = LINE('',#2963,#2964);
#2963 = CARTESIAN_POINT('',(0.,-0.));
#2964 = VECTOR('',#2965,1.);
#2965 = DIRECTION('',(0.,1.));
#2966 = ( GEOMETRIC_REPRESENTATION_CONTEXT(2) 
PARAMETRIC_REPRESENTATION_CONTEXT() REPRESENTATION_CONTEXT('2D SPACE',''
  ) );
#2967 = ORIENTED_EDGE('',*,*,#2919,.T.);
#2968 = ORIENTED_EDGE('',*,*,#2947,.T.);
#2969 = MANIFOLD_SOLID_BREP('',#2970);
#2970 = CLOSED_SHELL('',(#2971,#3059,#3094,#3124));
#2971 = ADVANCED_FACE('',(#2972),#2985,.T.);
#2972 = FACE_BOUND('',#2973,.T.);
#2973 = EDGE_LOOP('',(#2974,#3008,#3031,#3058));
#2974 = ORIENTED_EDGE('',*,*,#2975,.F.);
#2975 = EDGE_CURVE('',#2976,#2976,#2978,.T.);
#2976 = VERTEX_POINT('',#2977);
#2977 = CARTESIAN_POINT('',(190.,-76.,30.));
#2978 = SURFACE_CURVE('',#2979,(#2984,#2996),.PCURVE_S1.);
#2979 = CIRCLE('',#2980,10.);
#2980 = AXIS2_PLACEMENT_3D('',#2981,#2982,#2983);
#2981 = CARTESIAN_POINT('',(180.,-76.,30.));
#2982 = DIRECTION('',(0.,-1.,2.22044604925E-16));
#2983 = DIRECTION('',(1.,0.,0.));
#2984 = PCURVE('',#2985,#2990);
#2985 = CYLINDRICAL_SURFACE('',#2986,10.);
#2986 = AXIS2_PLACEMENT_3D('',#2987,#2988,#2989);
#2987 = CARTESIAN_POINT('',(180.,76.,30.));
#2988 = DIRECTION('',(0.,-1.,2.22044604925E-16));
#2989 = DIRECTION('',(1.,0.,0.));
#2990 = DEFINITIONAL_REPRESENTATION('',(#2991),#2995);
#2991 = LINE('',#2992,#2993);
#2992 = CARTESIAN_POINT('',(0.,152.));
#2993 = VECTOR('',#2994,1.);
#2994 = DIRECTION('',(1.,0.));
#2995 = ( GEOMETRIC_REPRESENTATION_CONTEXT(2) 
PARAMETRIC_REPRESENTATION_CONTEXT() REPRESENTATION_CONTEXT('2D SPACE',''
  ) );
#2996 = PCURVE('',#2997,#3002);
#2997 = PLANE('',#2998);
#2998 = AXIS2_PLACEMENT_3D('',#2999,#3000,#3001);
#2999 = CARTESIAN_POINT('',(180.,-76.,30.));
#3000 = DIRECTION('',(0.,-1.,2.22044604925E-16));
#3001 = DIRECTION('',(1.,0.,0.));
#3002 = DEFINITIONAL_REPRESENTATION('',(#3003),#3007);
#3003 = CIRCLE('',#3004,10.);
#3004 = AXIS2_PLACEMENT_2D('',#3005,#3006);
#3005 = CARTESIAN_POINT('',(0.,0.));
#3006 = DIRECTION('',(1.,0.));
#3007 = ( GEOMETRIC_REPRESENTATION_CONTEXT(2) 
PARAMETRIC_REPRESENTATION_CONTEXT() REPRESENTATION_CONTEXT('2D SPACE',''
  ) );
#3008 = ORIENTED_EDGE('',*,*,#3009,.F.);
#3009 = EDGE_CURVE('',#3010,#2976,#3012,.T.);
#3010 = VERTEX_POINT('',#3011);
#3011 = CARTESIAN_POINT('',(190.,76.,30.));
#3012 = SEAM_CURVE('',#3013,(#3017,#3024),.PCURVE_S1.);
#3013 = LINE('',#3014,#3015);
#3014 = CARTESIAN_POINT('',(190.,76.,30.));
#3015 = VECTOR('',#3016,1.);
#3016 = DIRECTION('',(0.,-1.,2.22044604925E-16));
#3017 = PCURVE('',#2985,#3018);
#3018 = DEFINITIONAL_REPRESENTATION('',(#3019),#3023);
#3019 = LINE('',#3020,#3021);
#3020 = CARTESIAN_POINT('',(6.28318530718,-0.));
#3021 = VECTOR('',#3022,1.);
#3022 = DIRECTION('',(0.,1.));
#3023 = ( GEOMETRIC_REPRESENTATION_CONTEXT(2) 
PARAMETRIC_REPRESENTATION_CONTEXT() REPRESENTATION_CONTEXT('2D SPACE',''
  ) );
#3024 = PCURVE('',#2985,#3025);
#3025 = DEFINITIONAL_REPRESENTATION('',(#3026),#3030);
#3026 = LINE('',#3027,#3028);
#3027 = CARTESIAN_POINT('',(0.,-0.));
#3028 = VECTOR('',#3029,1.);
#3029 = DIRECTION('',(0.,1.));
#3030 = ( GEOMETRIC_REPRESENTATION_CONTEXT(2) 
PARAMETRIC_REPRESENTATION_CONTEXT() REPRESENTATION_CONTEXT('2D SPACE',''
  ) );
#3031 = ORIENTED_EDGE('',*,*,#3032,.T.);
#3032 = EDGE_CURVE('',#3010,#3010,#3033,.T.);
#3033 = SURFACE_CURVE('',#3034,(#3039,#3046),.PCURVE_S1.);
#3034 = CIRCLE('',#3035,10.);
#3035 = AXIS2_PLACEMENT_3D('',#3036,#3037,#3038);
#3036 = CARTESIAN_POINT('',(180.,76.,30.));
#3037 = DIRECTION('',(0.,-1.,2.22044604925E-16));
#3038 = DIRECTION('',(1.,0.,0.));
#3039 = PCURVE('',#2985,#3040);
#3040 = DEFINITIONAL_REPRESENTATION('',(#3041),#3045);
#3041 = LINE('',#3042,#3043);
#3042 = CARTESIAN_POINT('',(0.,0.));
#3043 = VECTOR('',#3044,1.);
#3044 = DIRECTION('',(1.,0.));
#3045 = ( GEOMETRIC_REPRESENTATION_CONTEXT(2) 
PARAMETRIC_REPRESENTATION_CONTEXT() REPRESENTATION_CONTEXT('2D SPACE',''
  ) );
#3046 = PCURVE('',#3047,#3052);
#3047 = PLANE('',#3048);
#3048 = AXIS2_PLACEMENT_3D('',#3049,#3050,#3051);
#3049 = CARTESIAN_POINT('',(180.,76.,30.));
#3050 = DIRECTION('',(0.,-1.,2.22044604925E-16));
#3051 = DIRECTION('',(1.,0.,0.));
#3052 = DEFINITIONAL_REPRESENTATION('',(#3053),#3057);
#3053 = CIRCLE('',#3054,10.);
#3054 = AXIS2_PLACEMENT_2D('',#3055,#3056);
#3055 = CARTESIAN_POINT('',(0.,0.));
#3056 = DIRECTION('',(1.,0.));
#3057 = ( GEOMETRIC_REPRESENTATION_CONTEXT(2) 
PARAMETRIC_REPRESENTATION_CONTEXT() REPRESENTATION_CONTEXT('2D SPACE',''
  ) );
#3058 = ORIENTED_EDGE('',*,*,#3009,.T.);
#3059 = ADVANCED_FACE('',(#3060,#3063),#2997,.T.);
#3060 = FACE_BOUND('',#3061,.T.);
#3061 = EDGE_LOOP('',(#3062));
#3062 = ORIENTED_EDGE('',*,*,#2975,.T.);
#3063 = FACE_BOUND('',#3064,.T.);
#3064 = EDGE_LOOP('',(#3065));
#3065 = ORIENTED_EDGE('',*,*,#3066,.F.);
#3066 = EDGE_CURVE('',#3067,#3067,#3069,.T.);
#3067 = VERTEX_POINT('',#3068);
#3068 = CARTESIAN_POINT('',(183.2,-76.,30.));
#3069 = SURFACE_CURVE('',#3070,(#3075,#3082),.PCURVE_S1.);
#3070 = CIRCLE('',#3071,3.2);
#3071 = AXIS2_PLACEMENT_3D('',#3072,#3073,#3074);
#3072 = CARTESIAN_POINT('',(180.,-76.,30.));
#3073 = DIRECTION('',(0.,-1.,2.22044604925E-16));
#3074 = DIRECTION('',(1.,0.,0.));
#3075 = PCURVE('',#2997,#3076);
#3076 = DEFINITIONAL_REPRESENTATION('',(#3077),#3081);
#3077 = CIRCLE('',#3078,3.2);
#3078 = AXIS2_PLACEMENT_2D('',#3079,#3080);
#3079 = CARTESIAN_POINT('',(0.,3.552713678801E-15));
#3080 = DIRECTION('',(1.,0.));
#3081 = ( GEOMETRIC_REPRESENTATION_CONTEXT(2) 
PARAMETRIC_REPRESENTATION_CONTEXT() REPRESENTATION_CONTEXT('2D SPACE',''
  ) );
#3082 = PCURVE('',#3083,#3088);
#3083 = CYLINDRICAL_SURFACE('',#3084,3.2);
#3084 = AXIS2_PLACEMENT_3D('',#3085,#3086,#3087);
#3085 = CARTESIAN_POINT('',(180.,77.,30.));
#3086 = DIRECTION('',(0.,-1.,2.22044604925E-16));
#3087 = DIRECTION('',(1.,0.,0.));
#3088 = DEFINITIONAL_REPRESENTATION('',(#3089),#3093);
#3089 = LINE('',#3090,#3091);
#3090 = CARTESIAN_POINT('',(0.,153.));
#3091 = VECTOR('',#3092,1.);
#3092 = DIRECTION('',(1.,0.));
#3093 = ( GEOMETRIC_REPRESENTATION_CONTEXT(2) 
PARAMETRIC_REPRESENTATION_CONTEXT() REPRESENTATION_CONTEXT('2D SPACE',''
  ) );
#3094 = ADVANCED_FACE('',(#3095,#3098),#3047,.F.);
#3095 = FACE_BOUND('',#3096,.F.);
#3096 = EDGE_LOOP('',(#3097));
#3097 = ORIENTED_EDGE('',*,*,#3032,.T.);
#3098 = FACE_BOUND('',#3099,.F.);
#3099 = EDGE_LOOP('',(#3100));
#3100 = ORIENTED_EDGE('',*,*,#3101,.F.);
#3101 = EDGE_CURVE('',#3102,#3102,#3104,.T.);
#3102 = VERTEX_POINT('',#3103);
#3103 = CARTESIAN_POINT('',(183.2,76.,30.));
#3104 = SURFACE_CURVE('',#3105,(#3110,#3117),.PCURVE_S1.);
#3105 = CIRCLE('',#3106,3.2);
#3106 = AXIS2_PLACEMENT_3D('',#3107,#3108,#3109);
#3107 = CARTESIAN_POINT('',(180.,76.,30.));
#3108 = DIRECTION('',(0.,-1.,2.22044604925E-16));
#3109 = DIRECTION('',(1.,0.,0.));
#3110 = PCURVE('',#3047,#3111);
#3111 = DEFINITIONAL_REPRESENTATION('',(#3112),#3116);
#3112 = CIRCLE('',#3113,3.2);
#3113 = AXIS2_PLACEMENT_2D('',#3114,#3115);
#3114 = CARTESIAN_POINT('',(0.,0.));
#3115 = DIRECTION('',(1.,0.));
#3116 = ( GEOMETRIC_REPRESENTATION_CONTEXT(2) 
PARAMETRIC_REPRESENTATION_CONTEXT() REPRESENTATION_CONTEXT('2D SPACE',''
  ) );
#3117 = PCURVE('',#3083,#3118);
#3118 = DEFINITIONAL_REPRESENTATION('',(#3119),#3123);
#3119 = LINE('',#3120,#3121);
#3120 = CARTESIAN_POINT('',(0.,1.));
#3121 = VECTOR('',#3122,1.);
#3122 = DIRECTION('',(1.,0.));
#3123 = ( GEOMETRIC_REPRESENTATION_CONTEXT(2) 
PARAMETRIC_REPRESENTATION_CONTEXT() REPRESENTATION_CONTEXT('2D SPACE',''
  ) );
#3124 = ADVANCED_FACE('',(#3125),#3083,.F.);
#3125 = FACE_BOUND('',#3126,.F.);
#3126 = EDGE_LOOP('',(#3127,#3128,#3149,#3150));
#3127 = ORIENTED_EDGE('',*,*,#3066,.F.);
#3128 = ORIENTED_EDGE('',*,*,#3129,.F.);
#3129 = EDGE_CURVE('',#3102,#3067,#3130,.T.);
#3130 = SEAM_CURVE('',#3131,(#3135,#3142),.PCURVE_S1.);
#3131 = LINE('',#3132,#3133);
#3132 = CARTESIAN_POINT('',(183.2,77.,30.));
#3133 = VECTOR('',#3134,1.);
#3134 = DIRECTION('',(0.,-1.,2.22044604925E-16));
#3135 = PCURVE('',#3083,#3136);
#3136 = DEFINITIONAL_REPRESENTATION('',(#3137),#3141);
#3137 = LINE('',#3138,#3139);
#3138 = CARTESIAN_POINT('',(6.28318530718,-0.));
#3139 = VECTOR('',#3140,1.);
#3140 = DIRECTION('',(0.,1.));
#3141 = ( GEOMETRIC_REPRESENTATION_CONTEXT(2) 
PARAMETRIC_REPRESENTATION_CONTEXT() REPRESENTATION_CONTEXT('2D SPACE',''
  ) );
#3142 = PCURVE('',#3083,#3143);
#3143 = DEFINITIONAL_REPRESENTATION('',(#3144),#3148);
#3144 = LINE('',#3145,#3146);
#3145 = CARTESIAN_POINT('',(0.,-0.));
#3146 = VECTOR('',#3147,1.);
#3147 = DIRECTION('',(0.,1.));
#3148 = ( GEOMETRIC_REPRESENTATION_CONTEXT(2) 
PARAMETRIC_REPRESENTATION_CONTEXT() REPRESENTATION_CONTEXT('2D SPACE',''
  ) );
#3149 = ORIENTED_EDGE('',*,*,#3101,.T.);
#3150 = ORIENTED_EDGE('',*,*,#3129,.T.);
#3151 = MANIFOLD_SOLID_BREP('',#3152);
#3152 = CLOSED_SHELL('',(#3153,#3241,#3276,#3306));
#3153 = ADVANCED_FACE('',(#3154),#3167,.T.);
#3154 = FACE_BOUND('',#3155,.T.);
#3155 = EDGE_LOOP('',(#3156,#3190,#3213,#3240));
#3156 = ORIENTED_EDGE('',*,*,#3157,.F.);
#3157 = EDGE_CURVE('',#3158,#3158,#3160,.T.);
#3158 = VERTEX_POINT('',#3159);
#3159 = CARTESIAN_POINT('',(60.,-76.,18.));
#3160 = SURFACE_CURVE('',#3161,(#3166,#3178),.PCURVE_S1.);
#3161 = CIRCLE('',#3162,10.);
#3162 = AXIS2_PLACEMENT_3D('',#3163,#3164,#3165);
#3163 = CARTESIAN_POINT('',(50.,-76.,18.));
#3164 = DIRECTION('',(0.,-1.,2.22044604925E-16));
#3165 = DIRECTION('',(1.,0.,0.));
#3166 = PCURVE('',#3167,#3172);
#3167 = CYLINDRICAL_SURFACE('',#3168,10.);
#3168 = AXIS2_PLACEMENT_3D('',#3169,#3170,#3171);
#3169 = CARTESIAN_POINT('',(50.,-12.5,18.));
#3170 = DIRECTION('',(0.,-1.,2.22044604925E-16));
#3171 = DIRECTION('',(1.,0.,0.));
#3172 = DEFINITIONAL_REPRESENTATION('',(#3173),#3177);
#3173 = LINE('',#3174,#3175);
#3174 = CARTESIAN_POINT('',(0.,63.5));
#3175 = VECTOR('',#3176,1.);
#3176 = DIRECTION('',(1.,0.));
#3177 = ( GEOMETRIC_REPRESENTATION_CONTEXT(2) 
PARAMETRIC_REPRESENTATION_CONTEXT() REPRESENTATION_CONTEXT('2D SPACE',''
  ) );
#3178 = PCURVE('',#3179,#3184);
#3179 = PLANE('',#3180);
#3180 = AXIS2_PLACEMENT_3D('',#3181,#3182,#3183);
#3181 = CARTESIAN_POINT('',(50.,-76.,18.));
#3182 = DIRECTION('',(0.,-1.,2.22044604925E-16));
#3183 = DIRECTION('',(1.,0.,0.));
#3184 = DEFINITIONAL_REPRESENTATION('',(#3185),#3189);
#3185 = CIRCLE('',#3186,10.);
#3186 = AXIS2_PLACEMENT_2D('',#3187,#3188);
#3187 = CARTESIAN_POINT('',(0.,0.));
#3188 = DIRECTION('',(1.,0.));
#3189 = ( GEOMETRIC_REPRESENTATION_CONTEXT(2) 
PARAMETRIC_REPRESENTATION_CONTEXT() REPRESENTATION_CONTEXT('2D SPACE',''
  ) );
#3190 = ORIENTED_EDGE('',*,*,#3191,.F.);
#3191 = EDGE_CURVE('',#3192,#3158,#3194,.T.);
#3192 = VERTEX_POINT('',#3193);
#3193 = CARTESIAN_POINT('',(60.,-12.5,18.));
#3194 = SEAM_CURVE('',#3195,(#3199,#3206),.PCURVE_S1.);
#3195 = LINE('',#3196,#3197);
#3196 = CARTESIAN_POINT('',(60.,-12.5,18.));
#3197 = VECTOR('',#3198,1.);
#3198 = DIRECTION('',(0.,-1.,2.22044604925E-16));
#3199 = PCURVE('',#3167,#3200);
#3200 = DEFINITIONAL_REPRESENTATION('',(#3201),#3205);
#3201 = LINE('',#3202,#3203);
#3202 = CARTESIAN_POINT('',(6.28318530718,-0.));
#3203 = VECTOR('',#3204,1.);
#3204 = DIRECTION('',(0.,1.));
#3205 = ( GEOMETRIC_REPRESENTATION_CONTEXT(2) 
PARAMETRIC_REPRESENTATION_CONTEXT() REPRESENTATION_CONTEXT('2D SPACE',''
  ) );
#3206 = PCURVE('',#3167,#3207);
#3207 = DEFINITIONAL_REPRESENTATION('',(#3208),#3212);
#3208 = LINE('',#3209,#3210);
#3209 = CARTESIAN_POINT('',(0.,-0.));
#3210 = VECTOR('',#3211,1.);
#3211 = DIRECTION('',(0.,1.));
#3212 = ( GEOMETRIC_REPRESENTATION_CONTEXT(2) 
PARAMETRIC_REPRESENTATION_CONTEXT() REPRESENTATION_CONTEXT('2D SPACE',''
  ) );
#3213 = ORIENTED_EDGE('',*,*,#3214,.T.);
#3214 = EDGE_CURVE('',#3192,#3192,#3215,.T.);
#3215 = SURFACE_CURVE('',#3216,(#3221,#3228),.PCURVE_S1.);
#3216 = CIRCLE('',#3217,10.);
#3217 = AXIS2_PLACEMENT_3D('',#3218,#3219,#3220);
#3218 = CARTESIAN_POINT('',(50.,-12.5,18.));
#3219 = DIRECTION('',(0.,-1.,2.22044604925E-16));
#3220 = DIRECTION('',(1.,0.,0.));
#3221 = PCURVE('',#3167,#3222);
#3222 = DEFINITIONAL_REPRESENTATION('',(#3223),#3227);
#3223 = LINE('',#3224,#3225);
#3224 = CARTESIAN_POINT('',(0.,0.));
#3225 = VECTOR('',#3226,1.);
#3226 = DIRECTION('',(1.,0.));
#3227 = ( GEOMETRIC_REPRESENTATION_CONTEXT(2) 
PARAMETRIC_REPRESENTATION_CONTEXT() REPRESENTATION_CONTEXT('2D SPACE',''
  ) );
#3228 = PCURVE('',#3229,#3234);
#3229 = PLANE('',#3230);
#3230 = AXIS2_PLACEMENT_3D('',#3231,#3232,#3233);
#3231 = CARTESIAN_POINT('',(50.,-12.5,18.));
#3232 = DIRECTION('',(0.,-1.,2.22044604925E-16));
#3233 = DIRECTION('',(1.,0.,0.));
#3234 = DEFINITIONAL_REPRESENTATION('',(#3235),#3239);
#3235 = CIRCLE('',#3236,10.);
#3236 = AXIS2_PLACEMENT_2D('',#3237,#3238);
#3237 = CARTESIAN_POINT('',(0.,0.));
#3238 = DIRECTION('',(1.,0.));
#3239 = ( GEOMETRIC_REPRESENTATION_CONTEXT(2) 
PARAMETRIC_REPRESENTATION_CONTEXT() REPRESENTATION_CONTEXT('2D SPACE',''
  ) );
#3240 = ORIENTED_EDGE('',*,*,#3191,.T.);
#3241 = ADVANCED_FACE('',(#3242,#3245),#3179,.T.);
#3242 = FACE_BOUND('',#3243,.T.);
#3243 = EDGE_LOOP('',(#3244));
#3244 = ORIENTED_EDGE('',*,*,#3157,.T.);
#3245 = FACE_BOUND('',#3246,.T.);
#3246 = EDGE_LOOP('',(#3247));
#3247 = ORIENTED_EDGE('',*,*,#3248,.F.);
#3248 = EDGE_CURVE('',#3249,#3249,#3251,.T.);
#3249 = VERTEX_POINT('',#3250);
#3250 = CARTESIAN_POINT('',(53.2,-76.,18.));
#3251 = SURFACE_CURVE('',#3252,(#3257,#3264),.PCURVE_S1.);
#3252 = CIRCLE('',#3253,3.2);
#3253 = AXIS2_PLACEMENT_3D('',#3254,#3255,#3256);
#3254 = CARTESIAN_POINT('',(50.,-76.,18.));
#3255 = DIRECTION('',(0.,-1.,2.22044604925E-16));
#3256 = DIRECTION('',(1.,0.,0.));
#3257 = PCURVE('',#3179,#3258);
#3258 = DEFINITIONAL_REPRESENTATION('',(#3259),#3263);
#3259 = CIRCLE('',#3260,3.2);
#3260 = AXIS2_PLACEMENT_2D('',#3261,#3262);
#3261 = CARTESIAN_POINT('',(0.,3.552713678801E-15));
#3262 = DIRECTION('',(1.,0.));
#3263 = ( GEOMETRIC_REPRESENTATION_CONTEXT(2) 
PARAMETRIC_REPRESENTATION_CONTEXT() REPRESENTATION_CONTEXT('2D SPACE',''
  ) );
#3264 = PCURVE('',#3265,#3270);
#3265 = CYLINDRICAL_SURFACE('',#3266,3.2);
#3266 = AXIS2_PLACEMENT_3D('',#3267,#3268,#3269);
#3267 = CARTESIAN_POINT('',(50.,0.,18.));
#3268 = DIRECTION('',(0.,-1.,2.22044604925E-16));
#3269 = DIRECTION('',(1.,0.,0.));
#3270 = DEFINITIONAL_REPRESENTATION('',(#3271),#3275);
#3271 = LINE('',#3272,#3273);
#3272 = CARTESIAN_POINT('',(0.,76.));
#3273 = VECTOR('',#3274,1.);
#3274 = DIRECTION('',(1.,0.));
#3275 = ( GEOMETRIC_REPRESENTATION_CONTEXT(2) 
PARAMETRIC_REPRESENTATION_CONTEXT() REPRESENTATION_CONTEXT('2D SPACE',''
  ) );
#3276 = ADVANCED_FACE('',(#3277,#3280),#3229,.F.);
#3277 = FACE_BOUND('',#3278,.F.);
#3278 = EDGE_LOOP('',(#3279));
#3279 = ORIENTED_EDGE('',*,*,#3214,.T.);
#3280 = FACE_BOUND('',#3281,.F.);
#3281 = EDGE_LOOP('',(#3282));
#3282 = ORIENTED_EDGE('',*,*,#3283,.F.);
#3283 = EDGE_CURVE('',#3284,#3284,#3286,.T.);
#3284 = VERTEX_POINT('',#3285);
#3285 = CARTESIAN_POINT('',(53.2,-12.5,18.));
#3286 = SURFACE_CURVE('',#3287,(#3292,#3299),.PCURVE_S1.);
#3287 = CIRCLE('',#3288,3.2);
#3288 = AXIS2_PLACEMENT_3D('',#3289,#3290,#3291);
#3289 = CARTESIAN_POINT('',(50.,-12.5,18.));
#3290 = DIRECTION('',(0.,-1.,2.22044604925E-16));
#3291 = DIRECTION('',(1.,0.,0.));
#3292 = PCURVE('',#3229,#3293);
#3293 = DEFINITIONAL_REPRESENTATION('',(#3294),#3298);
#3294 = CIRCLE('',#3295,3.2);
#3295 = AXIS2_PLACEMENT_2D('',#3296,#3297);
#3296 = CARTESIAN_POINT('',(0.,3.552713678801E-15));
#3297 = DIRECTION('',(1.,0.));
#3298 = ( GEOMETRIC_REPRESENTATION_CONTEXT(2) 
PARAMETRIC_REPRESENTATION_CONTEXT() REPRESENTATION_CONTEXT('2D SPACE',''
  ) );
#3299 = PCURVE('',#3265,#3300);
#3300 = DEFINITIONAL_REPRESENTATION('',(#3301),#3305);
#3301 = LINE('',#3302,#3303);
#3302 = CARTESIAN_POINT('',(0.,12.5));
#3303 = VECTOR('',#3304,1.);
#3304 = DIRECTION('',(1.,0.));
#3305 = ( GEOMETRIC_REPRESENTATION_CONTEXT(2) 
PARAMETRIC_REPRESENTATION_CONTEXT() REPRESENTATION_CONTEXT('2D SPACE',''
  ) );
#3306 = ADVANCED_FACE('',(#3307),#3265,.F.);
#3307 = FACE_BOUND('',#3308,.F.);
#3308 = EDGE_LOOP('',(#3309,#3310,#3331,#3332));
#3309 = ORIENTED_EDGE('',*,*,#3248,.F.);
#3310 = ORIENTED_EDGE('',*,*,#3311,.F.);
#3311 = EDGE_CURVE('',#3284,#3249,#3312,.T.);
#3312 = SEAM_CURVE('',#3313,(#3317,#3324),.PCURVE_S1.);
#3313 = LINE('',#3314,#3315);
#3314 = CARTESIAN_POINT('',(53.2,-1.740327774012E-31,18.));
#3315 = VECTOR('',#3316,1.);
#3316 = DIRECTION('',(0.,-1.,2.22044604925E-16));
#3317 = PCURVE('',#3265,#3318);
#3318 = DEFINITIONAL_REPRESENTATION('',(#3319),#3323);
#3319 = LINE('',#3320,#3321);
#3320 = CARTESIAN_POINT('',(6.28318530718,-0.));
#3321 = VECTOR('',#3322,1.);
#3322 = DIRECTION('',(0.,1.));
#3323 = ( GEOMETRIC_REPRESENTATION_CONTEXT(2) 
PARAMETRIC_REPRESENTATION_CONTEXT() REPRESENTATION_CONTEXT('2D SPACE',''
  ) );
#3324 = PCURVE('',#3265,#3325);
#3325 = DEFINITIONAL_REPRESENTATION('',(#3326),#3330);
#3326 = LINE('',#3327,#3328);
#3327 = CARTESIAN_POINT('',(0.,-0.));
#3328 = VECTOR('',#3329,1.);
#3329 = DIRECTION('',(0.,1.));
#3330 = ( GEOMETRIC_REPRESENTATION_CONTEXT(2) 
PARAMETRIC_REPRESENTATION_CONTEXT() REPRESENTATION_CONTEXT('2D SPACE',''
  ) );
#3331 = ORIENTED_EDGE('',*,*,#3283,.T.);
#3332 = ORIENTED_EDGE('',*,*,#3311,.T.);
#3333 = MANIFOLD_SOLID_BREP('',#3334);
#3334 = CLOSED_SHELL('',(#3335,#3423,#3458,#3488));
#3335 = ADVANCED_FACE('',(#3336),#3349,.T.);
#3336 = FACE_BOUND('',#3337,.T.);
#3337 = EDGE_LOOP('',(#3338,#3372,#3395,#3422));
#3338 = ORIENTED_EDGE('',*,*,#3339,.F.);
#3339 = EDGE_CURVE('',#3340,#3340,#3342,.T.);
#3340 = VERTEX_POINT('',#3341);
#3341 = CARTESIAN_POINT('',(60.,12.5,18.));
#3342 = SURFACE_CURVE('',#3343,(#3348,#3360),.PCURVE_S1.);
#3343 = CIRCLE('',#3344,10.);
#3344 = AXIS2_PLACEMENT_3D('',#3345,#3346,#3347);
#3345 = CARTESIAN_POINT('',(50.,12.5,18.));
#3346 = DIRECTION('',(0.,-1.,2.22044604925E-16));
#3347 = DIRECTION('',(1.,0.,0.));
#3348 = PCURVE('',#3349,#3354);
#3349 = CYLINDRICAL_SURFACE('',#3350,10.);
#3350 = AXIS2_PLACEMENT_3D('',#3351,#3352,#3353);
#3351 = CARTESIAN_POINT('',(50.,76.,18.));
#3352 = DIRECTION('',(0.,-1.,2.22044604925E-16));
#3353 = DIRECTION('',(1.,0.,0.));
#3354 = DEFINITIONAL_REPRESENTATION('',(#3355),#3359);
#3355 = LINE('',#3356,#3357);
#3356 = CARTESIAN_POINT('',(0.,63.5));
#3357 = VECTOR('',#3358,1.);
#3358 = DIRECTION('',(1.,0.));
#3359 = ( GEOMETRIC_REPRESENTATION_CONTEXT(2) 
PARAMETRIC_REPRESENTATION_CONTEXT() REPRESENTATION_CONTEXT('2D SPACE',''
  ) );
#3360 = PCURVE('',#3361,#3366);
#3361 = PLANE('',#3362);
#3362 = AXIS2_PLACEMENT_3D('',#3363,#3364,#3365);
#3363 = CARTESIAN_POINT('',(50.,12.5,18.));
#3364 = DIRECTION('',(0.,-1.,2.22044604925E-16));
#3365 = DIRECTION('',(1.,0.,0.));
#3366 = DEFINITIONAL_REPRESENTATION('',(#3367),#3371);
#3367 = CIRCLE('',#3368,10.);
#3368 = AXIS2_PLACEMENT_2D('',#3369,#3370);
#3369 = CARTESIAN_POINT('',(0.,0.));
#3370 = DIRECTION('',(1.,0.));
#3371 = ( GEOMETRIC_REPRESENTATION_CONTEXT(2) 
PARAMETRIC_REPRESENTATION_CONTEXT() REPRESENTATION_CONTEXT('2D SPACE',''
  ) );
#3372 = ORIENTED_EDGE('',*,*,#3373,.F.);
#3373 = EDGE_CURVE('',#3374,#3340,#3376,.T.);
#3374 = VERTEX_POINT('',#3375);
#3375 = CARTESIAN_POINT('',(60.,76.,18.));
#3376 = SEAM_CURVE('',#3377,(#3381,#3388),.PCURVE_S1.);
#3377 = LINE('',#3378,#3379);
#3378 = CARTESIAN_POINT('',(60.,76.,18.));
#3379 = VECTOR('',#3380,1.);
#3380 = DIRECTION('',(0.,-1.,2.22044604925E-16));
#3381 = PCURVE('',#3349,#3382);
#3382 = DEFINITIONAL_REPRESENTATION('',(#3383),#3387);
#3383 = LINE('',#3384,#3385);
#3384 = CARTESIAN_POINT('',(6.28318530718,-0.));
#3385 = VECTOR('',#3386,1.);
#3386 = DIRECTION('',(0.,1.));
#3387 = ( GEOMETRIC_REPRESENTATION_CONTEXT(2) 
PARAMETRIC_REPRESENTATION_CONTEXT() REPRESENTATION_CONTEXT('2D SPACE',''
  ) );
#3388 = PCURVE('',#3349,#3389);
#3389 = DEFINITIONAL_REPRESENTATION('',(#3390),#3394);
#3390 = LINE('',#3391,#3392);
#3391 = CARTESIAN_POINT('',(0.,-0.));
#3392 = VECTOR('',#3393,1.);
#3393 = DIRECTION('',(0.,1.));
#3394 = ( GEOMETRIC_REPRESENTATION_CONTEXT(2) 
PARAMETRIC_REPRESENTATION_CONTEXT() REPRESENTATION_CONTEXT('2D SPACE',''
  ) );
#3395 = ORIENTED_EDGE('',*,*,#3396,.T.);
#3396 = EDGE_CURVE('',#3374,#3374,#3397,.T.);
#3397 = SURFACE_CURVE('',#3398,(#3403,#3410),.PCURVE_S1.);
#3398 = CIRCLE('',#3399,10.);
#3399 = AXIS2_PLACEMENT_3D('',#3400,#3401,#3402);
#3400 = CARTESIAN_POINT('',(50.,76.,18.));
#3401 = DIRECTION('',(0.,-1.,2.22044604925E-16));
#3402 = DIRECTION('',(1.,0.,0.));
#3403 = PCURVE('',#3349,#3404);
#3404 = DEFINITIONAL_REPRESENTATION('',(#3405),#3409);
#3405 = LINE('',#3406,#3407);
#3406 = CARTESIAN_POINT('',(0.,0.));
#3407 = VECTOR('',#3408,1.);
#3408 = DIRECTION('',(1.,0.));
#3409 = ( GEOMETRIC_REPRESENTATION_CONTEXT(2) 
PARAMETRIC_REPRESENTATION_CONTEXT() REPRESENTATION_CONTEXT('2D SPACE',''
  ) );
#3410 = PCURVE('',#3411,#3416);
#3411 = PLANE('',#3412);
#3412 = AXIS2_PLACEMENT_3D('',#3413,#3414,#3415);
#3413 = CARTESIAN_POINT('',(50.,76.,18.));
#3414 = DIRECTION('',(0.,-1.,2.22044604925E-16));
#3415 = DIRECTION('',(1.,0.,0.));
#3416 = DEFINITIONAL_REPRESENTATION('',(#3417),#3421);
#3417 = CIRCLE('',#3418,10.);
#3418 = AXIS2_PLACEMENT_2D('',#3419,#3420);
#3419 = CARTESIAN_POINT('',(0.,0.));
#3420 = DIRECTION('',(1.,0.));
#3421 = ( GEOMETRIC_REPRESENTATION_CONTEXT(2) 
PARAMETRIC_REPRESENTATION_CONTEXT() REPRESENTATION_CONTEXT('2D SPACE',''
  ) );
#3422 = ORIENTED_EDGE('',*,*,#3373,.T.);
#3423 = ADVANCED_FACE('',(#3424,#3427),#3361,.T.);
#3424 = FACE_BOUND('',#3425,.T.);
#3425 = EDGE_LOOP('',(#3426));
#3426 = ORIENTED_EDGE('',*,*,#3339,.T.);
#3427 = FACE_BOUND('',#3428,.T.);
#3428 = EDGE_LOOP('',(#3429));
#3429 = ORIENTED_EDGE('',*,*,#3430,.F.);
#3430 = EDGE_CURVE('',#3431,#3431,#3433,.T.);
#3431 = VERTEX_POINT('',#3432);
#3432 = CARTESIAN_POINT('',(53.2,12.5,18.));
#3433 = SURFACE_CURVE('',#3434,(#3439,#3446),.PCURVE_S1.);
#3434 = CIRCLE('',#3435,3.2);
#3435 = AXIS2_PLACEMENT_3D('',#3436,#3437,#3438);
#3436 = CARTESIAN_POINT('',(50.,12.5,18.));
#3437 = DIRECTION('',(0.,-1.,2.22044604925E-16));
#3438 = DIRECTION('',(1.,0.,0.));
#3439 = PCURVE('',#3361,#3440);
#3440 = DEFINITIONAL_REPRESENTATION('',(#3441),#3445);
#3441 = CIRCLE('',#3442,3.2);
#3442 = AXIS2_PLACEMENT_2D('',#3443,#3444);
#3443 = CARTESIAN_POINT('',(0.,0.));
#3444 = DIRECTION('',(1.,0.));
#3445 = ( GEOMETRIC_REPRESENTATION_CONTEXT(2) 
PARAMETRIC_REPRESENTATION_CONTEXT() REPRESENTATION_CONTEXT('2D SPACE',''
  ) );
#3446 = PCURVE('',#3447,#3452);
#3447 = CYLINDRICAL_SURFACE('',#3448,3.2);
#3448 = AXIS2_PLACEMENT_3D('',#3449,#3450,#3451);
#3449 = CARTESIAN_POINT('',(50.,77.,18.));
#3450 = DIRECTION('',(0.,-1.,2.22044604925E-16));
#3451 = DIRECTION('',(1.,0.,0.));
#3452 = DEFINITIONAL_REPRESENTATION('',(#3453),#3457);
#3453 = LINE('',#3454,#3455);
#3454 = CARTESIAN_POINT('',(0.,64.5));
#3455 = VECTOR('',#3456,1.);
#3456 = DIRECTION('',(1.,0.));
#3457 = ( GEOMETRIC_REPRESENTATION_CONTEXT(2) 
PARAMETRIC_REPRESENTATION_CONTEXT() REPRESENTATION_CONTEXT('2D SPACE',''
  ) );
#3458 = ADVANCED_FACE('',(#3459,#3462),#3411,.F.);
#3459 = FACE_BOUND('',#3460,.F.);
#3460 = EDGE_LOOP('',(#3461));
#3461 = ORIENTED_EDGE('',*,*,#3396,.T.);
#3462 = FACE_BOUND('',#3463,.F.);
#3463 = EDGE_LOOP('',(#3464));
#3464 = ORIENTED_EDGE('',*,*,#3465,.F.);
#3465 = EDGE_CURVE('',#3466,#3466,#3468,.T.);
#3466 = VERTEX_POINT('',#3467);
#3467 = CARTESIAN_POINT('',(53.2,76.,18.));
#3468 = SURFACE_CURVE('',#3469,(#3474,#3481),.PCURVE_S1.);
#3469 = CIRCLE('',#3470,3.2);
#3470 = AXIS2_PLACEMENT_3D('',#3471,#3472,#3473);
#3471 = CARTESIAN_POINT('',(50.,76.,18.));
#3472 = DIRECTION('',(0.,-1.,2.22044604925E-16));
#3473 = DIRECTION('',(1.,0.,0.));
#3474 = PCURVE('',#3411,#3475);
#3475 = DEFINITIONAL_REPRESENTATION('',(#3476),#3480);
#3476 = CIRCLE('',#3477,3.2);
#3477 = AXIS2_PLACEMENT_2D('',#3478,#3479);
#3478 = CARTESIAN_POINT('',(0.,0.));
#3479 = DIRECTION('',(1.,0.));
#3480 = ( GEOMETRIC_REPRESENTATION_CONTEXT(2) 
PARAMETRIC_REPRESENTATION_CONTEXT() REPRESENTATION_CONTEXT('2D SPACE',''
  ) );
#3481 = PCURVE('',#3447,#3482);
#3482 = DEFINITIONAL_REPRESENTATION('',(#3483),#3487);
#3483 = LINE('',#3484,#3485);
#3484 = CARTESIAN_POINT('',(0.,1.));
#3485 = VECTOR('',#3486,1.);
#3486 = DIRECTION('',(1.,0.));
#3487 = ( GEOMETRIC_REPRESENTATION_CONTEXT(2) 
PARAMETRIC_REPRESENTATION_CONTEXT() REPRESENTATION_CONTEXT('2D SPACE',''
  ) );
#3488 = ADVANCED_FACE('',(#3489),#3447,.F.);
#3489 = FACE_BOUND('',#3490,.F.);
#3490 = EDGE_LOOP('',(#3491,#3492,#3513,#3514));
#3491 = ORIENTED_EDGE('',*,*,#3430,.F.);
#3492 = ORIENTED_EDGE('',*,*,#3493,.F.);
#3493 = EDGE_CURVE('',#3466,#3431,#3494,.T.);
#3494 = SEAM_CURVE('',#3495,(#3499,#3506),.PCURVE_S1.);
#3495 = LINE('',#3496,#3497);
#3496 = CARTESIAN_POINT('',(53.2,77.,18.));
#3497 = VECTOR('',#3498,1.);
#3498 = DIRECTION('',(0.,-1.,2.22044604925E-16));
#3499 = PCURVE('',#3447,#3500);
#3500 = DEFINITIONAL_REPRESENTATION('',(#3501),#3505);
#3501 = LINE('',#3502,#3503);
#3502 = CARTESIAN_POINT('',(6.28318530718,-0.));
#3503 = VECTOR('',#3504,1.);
#3504 = DIRECTION('',(0.,1.));
#3505 = ( GEOMETRIC_REPRESENTATION_CONTEXT(2) 
PARAMETRIC_REPRESENTATION_CONTEXT() REPRESENTATION_CONTEXT('2D SPACE',''
  ) );
#3506 = PCURVE('',#3447,#3507);
#3507 = DEFINITIONAL_REPRESENTATION('',(#3508),#3512);
#3508 = LINE('',#3509,#3510);
#3509 = CARTESIAN_POINT('',(0.,-0.));
#3510 = VECTOR('',#3511,1.);
#3511 = DIRECTION('',(0.,1.));
#3512 = ( GEOMETRIC_REPRESENTATION_CONTEXT(2) 
PARAMETRIC_REPRESENTATION_CONTEXT() REPRESENTATION_CONTEXT('2D SPACE',''
  ) );
#3513 = ORIENTED_EDGE('',*,*,#3465,.T.);
#3514 = ORIENTED_EDGE('',*,*,#3493,.T.);
#3515 = ( GEOMETRIC_REPRESENTATION_CONTEXT(3) 
GLOBAL_UNCERTAINTY_ASSIGNED_CONTEXT((#3519)) 
GLOBAL_UNIT_ASSIGNED_CONTEXT((#3516,#3517,#3518)) REPRESENTATION_CONTEXT
('Context #1','3D Context with UNIT and UNCERTAINTY') );
#3516 = ( LENGTH_UNIT() NAMED_UNIT(*) SI_UNIT(.MILLI.,.METRE.) );
#3517 = ( NAMED_UNIT(*) PLANE_ANGLE_UNIT() SI_UNIT($,.RADIAN.) );
#3518 = ( NAMED_UNIT(*) SI_UNIT($,.STERADIAN.) SOLID_ANGLE_UNIT() );
#3519 = UNCERTAINTY_MEASURE_WITH_UNIT(LENGTH_MEASURE(1.E-07),#3516,
  'distance_accuracy_value','confusion accuracy');
#3520 = CONTEXT_DEPENDENT_SHAPE_REPRESENTATION(#3521,#3523);
#3521 = ( REPRESENTATION_RELATIONSHIP('','',#2786,#10) 
REPRESENTATION_RELATIONSHIP_WITH_TRANSFORMATION(#3522) 
SHAPE_REPRESENTATION_RELATIONSHIP() );
#3522 = ITEM_DEFINED_TRANSFORMATION('','',#11,#23);
#3523 = PRODUCT_DEFINITION_SHAPE('Placement','Placement of an item',
  #3524);
#3524 = NEXT_ASSEMBLY_USAGE_OCCURRENCE('39','=>[0:1:1:4]','',#5,#2781,$
  );
#3525 = PRODUCT_RELATED_PRODUCT_CATEGORY('part',$,(#2783));
#3526 = SHAPE_DEFINITION_REPRESENTATION(#3527,#3533);
#3527 = PRODUCT_DEFINITION_SHAPE('','',#3528);
#3528 = PRODUCT_DEFINITION('design','',#3529,#3532);
#3529 = PRODUCT_DEFINITION_FORMATION('','',#3530);
#3530 = PRODUCT('COMPOUND','COMPOUND','',(#3531));
#3531 = PRODUCT_CONTEXT('',#2,'mechanical');
#3532 = PRODUCT_DEFINITION_CONTEXT('part definition',#2,'design');
#3533 = SHAPE_REPRESENTATION('',(#11,#3534,#3632,#3730),#3828);
#3534 = MANIFOLD_SOLID_BREP('',#3535);
#3535 = CLOSED_SHELL('',(#3536,#3624,#3628));
#3536 = ADVANCED_FACE('',(#3537),#3550,.T.);
#3537 = FACE_BOUND('',#3538,.T.);
#3538 = EDGE_LOOP('',(#3539,#3573,#3596,#3623));
#3539 = ORIENTED_EDGE('',*,*,#3540,.F.);
#3540 = EDGE_CURVE('',#3541,#3541,#3543,.T.);
#3541 = VERTEX_POINT('',#3542);
#3542 = CARTESIAN_POINT('',(313.,-88.,18.));
#3543 = SURFACE_CURVE('',#3544,(#3549,#3561),.PCURVE_S1.);
#3544 = CIRCLE('',#3545,3.);
#3545 = AXIS2_PLACEMENT_3D('',#3546,#3547,#3548);
#3546 = CARTESIAN_POINT('',(310.,-88.,18.));
#3547 = DIRECTION('',(0.,-1.,2.22044604925E-16));
#3548 = DIRECTION('',(1.,0.,0.));
#3549 = PCURVE('',#3550,#3555);
#3550 = CYLINDRICAL_SURFACE('',#3551,3.);
#3551 = AXIS2_PLACEMENT_3D('',#3552,#3553,#3554);
#3552 = CARTESIAN_POINT('',(310.,88.,18.));
#3553 = DIRECTION('',(0.,-1.,2.22044604925E-16));
#3554 = DIRECTION('',(1.,0.,0.));
#3555 = DEFINITIONAL_REPRESENTATION('',(#3556),#3560);
#3556 = LINE('',#3557,#3558);
#3557 = CARTESIAN_POINT('',(0.,176.));
#3558 = VECTOR('',#3559,1.);
#3559 = DIRECTION('',(1.,0.));
#3560 = ( GEOMETRIC_REPRESENTATION_CONTEXT(2) 
PARAMETRIC_REPRESENTATION_CONTEXT() REPRESENTATION_CONTEXT('2D SPACE',''
  ) );
#3561 = PCURVE('',#3562,#3567);
#3562 = PLANE('',#3563);
#3563 = AXIS2_PLACEMENT_3D('',#3564,#3565,#3566);
#3564 = CARTESIAN_POINT('',(310.,-88.,18.));
#3565 = DIRECTION('',(0.,-1.,2.22044604925E-16));
#3566 = DIRECTION('',(1.,0.,0.));
#3567 = DEFINITIONAL_REPRESENTATION('',(#3568),#3572);
#3568 = CIRCLE('',#3569,3.);
#3569 = AXIS2_PLACEMENT_2D('',#3570,#3571);
#3570 = CARTESIAN_POINT('',(0.,0.));
#3571 = DIRECTION('',(1.,0.));
#3572 = ( GEOMETRIC_REPRESENTATION_CONTEXT(2) 
PARAMETRIC_REPRESENTATION_CONTEXT() REPRESENTATION_CONTEXT('2D SPACE',''
  ) );
#3573 = ORIENTED_EDGE('',*,*,#3574,.F.);
#3574 = EDGE_CURVE('',#3575,#3541,#3577,.T.);
#3575 = VERTEX_POINT('',#3576);
#3576 = CARTESIAN_POINT('',(313.,88.,18.));
#3577 = SEAM_CURVE('',#3578,(#3582,#3589),.PCURVE_S1.);
#3578 = LINE('',#3579,#3580);
#3579 = CARTESIAN_POINT('',(313.,88.,18.));
#3580 = VECTOR('',#3581,1.);
#3581 = DIRECTION('',(0.,-1.,2.22044604925E-16));
#3582 = PCURVE('',#3550,#3583);
#3583 = DEFINITIONAL_REPRESENTATION('',(#3584),#3588);
#3584 = LINE('',#3585,#3586);
#3585 = CARTESIAN_POINT('',(6.28318530718,-0.));
#3586 = VECTOR('',#3587,1.);
#3587 = DIRECTION('',(0.,1.));
#3588 = ( GEOMETRIC_REPRESENTATION_CONTEXT(2) 
PARAMETRIC_REPRESENTATION_CONTEXT() REPRESENTATION_CONTEXT('2D SPACE',''
  ) );
#3589 = PCURVE('',#3550,#3590);
#3590 = DEFINITIONAL_REPRESENTATION('',(#3591),#3595);
#3591 = LINE('',#3592,#3593);
#3592 = CARTESIAN_POINT('',(0.,-0.));
#3593 = VECTOR('',#3594,1.);
#3594 = DIRECTION('',(0.,1.));
#3595 = ( GEOMETRIC_REPRESENTATION_CONTEXT(2) 
PARAMETRIC_REPRESENTATION_CONTEXT() REPRESENTATION_CONTEXT('2D SPACE',''
  ) );
#3596 = ORIENTED_EDGE('',*,*,#3597,.T.);
#3597 = EDGE_CURVE('',#3575,#3575,#3598,.T.);
#3598 = SURFACE_CURVE('',#3599,(#3604,#3611),.PCURVE_S1.);
#3599 = CIRCLE('',#3600,3.);
#3600 = AXIS2_PLACEMENT_3D('',#3601,#3602,#3603);
#3601 = CARTESIAN_POINT('',(310.,88.,18.));
#3602 = DIRECTION('',(0.,-1.,2.22044604925E-16));
#3603 = DIRECTION('',(1.,0.,0.));
#3604 = PCURVE('',#3550,#3605);
#3605 = DEFINITIONAL_REPRESENTATION('',(#3606),#3610);
#3606 = LINE('',#3607,#3608);
#3607 = CARTESIAN_POINT('',(0.,0.));
#3608 = VECTOR('',#3609,1.);
#3609 = DIRECTION('',(1.,0.));
#3610 = ( GEOMETRIC_REPRESENTATION_CONTEXT(2) 
PARAMETRIC_REPRESENTATION_CONTEXT() REPRESENTATION_CONTEXT('2D SPACE',''
  ) );
#3611 = PCURVE('',#3612,#3617);
#3612 = PLANE('',#3613);
#3613 = AXIS2_PLACEMENT_3D('',#3614,#3615,#3616);
#3614 = CARTESIAN_POINT('',(310.,88.,18.));
#3615 = DIRECTION('',(0.,-1.,2.22044604925E-16));
#3616 = DIRECTION('',(1.,0.,0.));
#3617 = DEFINITIONAL_REPRESENTATION('',(#3618),#3622);
#3618 = CIRCLE('',#3619,3.);
#3619 = AXIS2_PLACEMENT_2D('',#3620,#3621);
#3620 = CARTESIAN_POINT('',(0.,0.));
#3621 = DIRECTION('',(1.,0.));
#3622 = ( GEOMETRIC_REPRESENTATION_CONTEXT(2) 
PARAMETRIC_REPRESENTATION_CONTEXT() REPRESENTATION_CONTEXT('2D SPACE',''
  ) );
#3623 = ORIENTED_EDGE('',*,*,#3574,.T.);
#3624 = ADVANCED_FACE('',(#3625),#3562,.T.);
#3625 = FACE_BOUND('',#3626,.T.);
#3626 = EDGE_LOOP('',(#3627));
#3627 = ORIENTED_EDGE('',*,*,#3540,.T.);
#3628 = ADVANCED_FACE('',(#3629),#3612,.F.);
#3629 = FACE_BOUND('',#3630,.T.);
#3630 = EDGE_LOOP('',(#3631));
#3631 = ORIENTED_EDGE('',*,*,#3597,.F.);
#3632 = MANIFOLD_SOLID_BREP('',#3633);
#3633 = CLOSED_SHELL('',(#3634,#3722,#3726));
#3634 = ADVANCED_FACE('',(#3635),#3648,.T.);
#3635 = FACE_BOUND('',#3636,.T.);
#3636 = EDGE_LOOP('',(#3637,#3671,#3694,#3721));
#3637 = ORIENTED_EDGE('',*,*,#3638,.F.);
#3638 = EDGE_CURVE('',#3639,#3639,#3641,.T.);
#3639 = VERTEX_POINT('',#3640);
#3640 = CARTESIAN_POINT('',(183.,-88.,30.));
#3641 = SURFACE_CURVE('',#3642,(#3647,#3659),.PCURVE_S1.);
#3642 = CIRCLE('',#3643,3.);
#3643 = AXIS2_PLACEMENT_3D('',#3644,#3645,#3646);
#3644 = CARTESIAN_POINT('',(180.,-88.,30.));
#3645 = DIRECTION('',(0.,-1.,2.22044604925E-16));
#3646 = DIRECTION('',(1.,0.,0.));
#3647 = PCURVE('',#3648,#3653);
#3648 = CYLINDRICAL_SURFACE('',#3649,3.);
#3649 = AXIS2_PLACEMENT_3D('',#3650,#3651,#3652);
#3650 = CARTESIAN_POINT('',(180.,88.,30.));
#3651 = DIRECTION('',(0.,-1.,2.22044604925E-16));
#3652 = DIRECTION('',(1.,0.,0.));
#3653 = DEFINITIONAL_REPRESENTATION('',(#3654),#3658);
#3654 = LINE('',#3655,#3656);
#3655 = CARTESIAN_POINT('',(0.,176.));
#3656 = VECTOR('',#3657,1.);
#3657 = DIRECTION('',(1.,0.));
#3658 = ( GEOMETRIC_REPRESENTATION_CONTEXT(2) 
PARAMETRIC_REPRESENTATION_CONTEXT() REPRESENTATION_CONTEXT('2D SPACE',''
  ) );
#3659 = PCURVE('',#3660,#3665);
#3660 = PLANE('',#3661);
#3661 = AXIS2_PLACEMENT_3D('',#3662,#3663,#3664);
#3662 = CARTESIAN_POINT('',(180.,-88.,30.));
#3663 = DIRECTION('',(0.,-1.,2.22044604925E-16));
#3664 = DIRECTION('',(1.,0.,0.));
#3665 = DEFINITIONAL_REPRESENTATION('',(#3666),#3670);
#3666 = CIRCLE('',#3667,3.);
#3667 = AXIS2_PLACEMENT_2D('',#3668,#3669);
#3668 = CARTESIAN_POINT('',(0.,0.));
#3669 = DIRECTION('',(1.,0.));
#3670 = ( GEOMETRIC_REPRESENTATION_CONTEXT(2) 
PARAMETRIC_REPRESENTATION_CONTEXT() REPRESENTATION_CONTEXT('2D SPACE',''
  ) );
#3671 = ORIENTED_EDGE('',*,*,#3672,.F.);
#3672 = EDGE_CURVE('',#3673,#3639,#3675,.T.);
#3673 = VERTEX_POINT('',#3674);
#3674 = CARTESIAN_POINT('',(183.,88.,30.));
#3675 = SEAM_CURVE('',#3676,(#3680,#3687),.PCURVE_S1.);
#3676 = LINE('',#3677,#3678);
#3677 = CARTESIAN_POINT('',(183.,88.,30.));
#3678 = VECTOR('',#3679,1.);
#3679 = DIRECTION('',(0.,-1.,2.22044604925E-16));
#3680 = PCURVE('',#3648,#3681);
#3681 = DEFINITIONAL_REPRESENTATION('',(#3682),#3686);
#3682 = LINE('',#3683,#3684);
#3683 = CARTESIAN_POINT('',(6.28318530718,-0.));
#3684 = VECTOR('',#3685,1.);
#3685 = DIRECTION('',(0.,1.));
#3686 = ( GEOMETRIC_REPRESENTATION_CONTEXT(2) 
PARAMETRIC_REPRESENTATION_CONTEXT() REPRESENTATION_CONTEXT('2D SPACE',''
  ) );
#3687 = PCURVE('',#3648,#3688);
#3688 = DEFINITIONAL_REPRESENTATION('',(#3689),#3693);
#3689 = LINE('',#3690,#3691);
#3690 = CARTESIAN_POINT('',(0.,-0.));
#3691 = VECTOR('',#3692,1.);
#3692 = DIRECTION('',(0.,1.));
#3693 = ( GEOMETRIC_REPRESENTATION_CONTEXT(2) 
PARAMETRIC_REPRESENTATION_CONTEXT() REPRESENTATION_CONTEXT('2D SPACE',''
  ) );
#3694 = ORIENTED_EDGE('',*,*,#3695,.T.);
#3695 = EDGE_CURVE('',#3673,#3673,#3696,.T.);
#3696 = SURFACE_CURVE('',#3697,(#3702,#3709),.PCURVE_S1.);
#3697 = CIRCLE('',#3698,3.);
#3698 = AXIS2_PLACEMENT_3D('',#3699,#3700,#3701);
#3699 = CARTESIAN_POINT('',(180.,88.,30.));
#3700 = DIRECTION('',(0.,-1.,2.22044604925E-16));
#3701 = DIRECTION('',(1.,0.,0.));
#3702 = PCURVE('',#3648,#3703);
#3703 = DEFINITIONAL_REPRESENTATION('',(#3704),#3708);
#3704 = LINE('',#3705,#3706);
#3705 = CARTESIAN_POINT('',(0.,0.));
#3706 = VECTOR('',#3707,1.);
#3707 = DIRECTION('',(1.,0.));
#3708 = ( GEOMETRIC_REPRESENTATION_CONTEXT(2) 
PARAMETRIC_REPRESENTATION_CONTEXT() REPRESENTATION_CONTEXT('2D SPACE',''
  ) );
#3709 = PCURVE('',#3710,#3715);
#3710 = PLANE('',#3711);
#3711 = AXIS2_PLACEMENT_3D('',#3712,#3713,#3714);
#3712 = CARTESIAN_POINT('',(180.,88.,30.));
#3713 = DIRECTION('',(0.,-1.,2.22044604925E-16));
#3714 = DIRECTION('',(1.,0.,0.));
#3715 = DEFINITIONAL_REPRESENTATION('',(#3716),#3720);
#3716 = CIRCLE('',#3717,3.);
#3717 = AXIS2_PLACEMENT_2D('',#3718,#3719);
#3718 = CARTESIAN_POINT('',(0.,0.));
#3719 = DIRECTION('',(1.,0.));
#3720 = ( GEOMETRIC_REPRESENTATION_CONTEXT(2) 
PARAMETRIC_REPRESENTATION_CONTEXT() REPRESENTATION_CONTEXT('2D SPACE',''
  ) );
#3721 = ORIENTED_EDGE('',*,*,#3672,.T.);
#3722 = ADVANCED_FACE('',(#3723),#3660,.T.);
#3723 = FACE_BOUND('',#3724,.T.);
#3724 = EDGE_LOOP('',(#3725));
#3725 = ORIENTED_EDGE('',*,*,#3638,.T.);
#3726 = ADVANCED_FACE('',(#3727),#3710,.F.);
#3727 = FACE_BOUND('',#3728,.T.);
#3728 = EDGE_LOOP('',(#3729));
#3729 = ORIENTED_EDGE('',*,*,#3695,.F.);
#3730 = MANIFOLD_SOLID_BREP('',#3731);
#3731 = CLOSED_SHELL('',(#3732,#3820,#3824));
#3732 = ADVANCED_FACE('',(#3733),#3746,.T.);
#3733 = FACE_BOUND('',#3734,.T.);
#3734 = EDGE_LOOP('',(#3735,#3769,#3792,#3819));
#3735 = ORIENTED_EDGE('',*,*,#3736,.F.);
#3736 = EDGE_CURVE('',#3737,#3737,#3739,.T.);
#3737 = VERTEX_POINT('',#3738);
#3738 = CARTESIAN_POINT('',(53.,-88.,18.));
#3739 = SURFACE_CURVE('',#3740,(#3745,#3757),.PCURVE_S1.);
#3740 = CIRCLE('',#3741,3.);
#3741 = AXIS2_PLACEMENT_3D('',#3742,#3743,#3744);
#3742 = CARTESIAN_POINT('',(50.,-88.,18.));
#3743 = DIRECTION('',(0.,-1.,2.22044604925E-16));
#3744 = DIRECTION('',(1.,0.,0.));
#3745 = PCURVE('',#3746,#3751);
#3746 = CYLINDRICAL_SURFACE('',#3747,3.);
#3747 = AXIS2_PLACEMENT_3D('',#3748,#3749,#3750);
#3748 = CARTESIAN_POINT('',(50.,88.,18.));
#3749 = DIRECTION('',(0.,-1.,2.22044604925E-16));
#3750 = DIRECTION('',(1.,0.,0.));
#3751 = DEFINITIONAL_REPRESENTATION('',(#3752),#3756);
#3752 = LINE('',#3753,#3754);
#3753 = CARTESIAN_POINT('',(0.,176.));
#3754 = VECTOR('',#3755,1.);
#3755 = DIRECTION('',(1.,0.));
#3756 = ( GEOMETRIC_REPRESENTATION_CONTEXT(2) 
PARAMETRIC_REPRESENTATION_CONTEXT() REPRESENTATION_CONTEXT('2D SPACE',''
  ) );
#3757 = PCURVE('',#3758,#3763);
#3758 = PLANE('',#3759);
#3759 = AXIS2_PLACEMENT_3D('',#3760,#3761,#3762);
#3760 = CARTESIAN_POINT('',(50.,-88.,18.));
#3761 = DIRECTION('',(0.,-1.,2.22044604925E-16));
#3762 = DIRECTION('',(1.,0.,0.));
#3763 = DEFINITIONAL_REPRESENTATION('',(#3764),#3768);
#3764 = CIRCLE('',#3765,3.);
#3765 = AXIS2_PLACEMENT_2D('',#3766,#3767);
#3766 = CARTESIAN_POINT('',(0.,0.));
#3767 = DIRECTION('',(1.,0.));
#3768 = ( GEOMETRIC_REPRESENTATION_CONTEXT(2) 
PARAMETRIC_REPRESENTATION_CONTEXT() REPRESENTATION_CONTEXT('2D SPACE',''
  ) );
#3769 = ORIENTED_EDGE('',*,*,#3770,.F.);
#3770 = EDGE_CURVE('',#3771,#3737,#3773,.T.);
#3771 = VERTEX_POINT('',#3772);
#3772 = CARTESIAN_POINT('',(53.,88.,18.));
#3773 = SEAM_CURVE('',#3774,(#3778,#3785),.PCURVE_S1.);
#3774 = LINE('',#3775,#3776);
#3775 = CARTESIAN_POINT('',(53.,88.,18.));
#3776 = VECTOR('',#3777,1.);
#3777 = DIRECTION('',(0.,-1.,2.22044604925E-16));
#3778 = PCURVE('',#3746,#3779);
#3779 = DEFINITIONAL_REPRESENTATION('',(#3780),#3784);
#3780 = LINE('',#3781,#3782);
#3781 = CARTESIAN_POINT('',(6.28318530718,-0.));
#3782 = VECTOR('',#3783,1.);
#3783 = DIRECTION('',(0.,1.));
#3784 = ( GEOMETRIC_REPRESENTATION_CONTEXT(2) 
PARAMETRIC_REPRESENTATION_CONTEXT() REPRESENTATION_CONTEXT('2D SPACE',''
  ) );
#3785 = PCURVE('',#3746,#3786);
#3786 = DEFINITIONAL_REPRESENTATION('',(#3787),#3791);
#3787 = LINE('',#3788,#3789);
#3788 = CARTESIAN_POINT('',(0.,-0.));
#3789 = VECTOR('',#3790,1.);
#3790 = DIRECTION('',(0.,1.));
#3791 = ( GEOMETRIC_REPRESENTATION_CONTEXT(2) 
PARAMETRIC_REPRESENTATION_CONTEXT() REPRESENTATION_CONTEXT('2D SPACE',''
  ) );
#3792 = ORIENTED_EDGE('',*,*,#3793,.T.);
#3793 = EDGE_CURVE('',#3771,#3771,#3794,.T.);
#3794 = SURFACE_CURVE('',#3795,(#3800,#3807),.PCURVE_S1.);
#3795 = CIRCLE('',#3796,3.);
#3796 = AXIS2_PLACEMENT_3D('',#3797,#3798,#3799);
#3797 = CARTESIAN_POINT('',(50.,88.,18.));
#3798 = DIRECTION('',(0.,-1.,2.22044604925E-16));
#3799 = DIRECTION('',(1.,0.,0.));
#3800 = PCURVE('',#3746,#3801);
#3801 = DEFINITIONAL_REPRESENTATION('',(#3802),#3806);
#3802 = LINE('',#3803,#3804);
#3803 = CARTESIAN_POINT('',(0.,0.));
#3804 = VECTOR('',#3805,1.);
#3805 = DIRECTION('',(1.,0.));
#3806 = ( GEOMETRIC_REPRESENTATION_CONTEXT(2) 
PARAMETRIC_REPRESENTATION_CONTEXT() REPRESENTATION_CONTEXT('2D SPACE',''
  ) );
#3807 = PCURVE('',#3808,#3813);
#3808 = PLANE('',#3809);
#3809 = AXIS2_PLACEMENT_3D('',#3810,#3811,#3812);
#3810 = CARTESIAN_POINT('',(50.,88.,18.));
#3811 = DIRECTION('',(0.,-1.,2.22044604925E-16));
#3812 = DIRECTION('',(1.,0.,0.));
#3813 = DEFINITIONAL_REPRESENTATION('',(#3814),#3818);
#3814 = CIRCLE('',#3815,3.);
#3815 = AXIS2_PLACEMENT_2D('',#3816,#3817);
#3816 = CARTESIAN_POINT('',(0.,0.));
#3817 = DIRECTION('',(1.,0.));
#3818 = ( GEOMETRIC_REPRESENTATION_CONTEXT(2) 
PARAMETRIC_REPRESENTATION_CONTEXT() REPRESENTATION_CONTEXT('2D SPACE',''
  ) );
#3819 = ORIENTED_EDGE('',*,*,#3770,.T.);
#3820 = ADVANCED_FACE('',(#3821),#3758,.T.);
#3821 = FACE_BOUND('',#3822,.T.);
#3822 = EDGE_LOOP('',(#3823));
#3823 = ORIENTED_EDGE('',*,*,#3736,.T.);
#3824 = ADVANCED_FACE('',(#3825),#3808,.F.);
#3825 = FACE_BOUND('',#3826,.T.);
#3826 = EDGE_LOOP('',(#3827));
#3827 = ORIENTED_EDGE('',*,*,#3793,.F.);
#3828 = ( GEOMETRIC_REPRESENTATION_CONTEXT(3) 
GLOBAL_UNCERTAINTY_ASSIGNED_CONTEXT((#3832)) 
GLOBAL_UNIT_ASSIGNED_CONTEXT((#3829,#3830,#3831)) REPRESENTATION_CONTEXT
('Context #1','3D Context with UNIT and UNCERTAINTY') );
#3829 = ( LENGTH_UNIT() NAMED_UNIT(*) SI_UNIT(.MILLI.,.METRE.) );
#3830 = ( NAMED_UNIT(*) PLANE_ANGLE_UNIT() SI_UNIT($,.RADIAN.) );
#3831 = ( NAMED_UNIT(*) SI_UNIT($,.STERADIAN.) SOLID_ANGLE_UNIT() );
#3832 = UNCERTAINTY_MEASURE_WITH_UNIT(LENGTH_MEASURE(1.E-07),#3829,
  'distance_accuracy_value','confusion accuracy');
#3833 = CONTEXT_DEPENDENT_SHAPE_REPRESENTATION(#3834,#3836);
#3834 = ( REPRESENTATION_RELATIONSHIP('','',#3533,#10) 
REPRESENTATION_RELATIONSHIP_WITH_TRANSFORMATION(#3835) 
SHAPE_REPRESENTATION_RELATIONSHIP() );
#3835 = ITEM_DEFINED_TRANSFORMATION('','',#11,#27);
#3836 = PRODUCT_DEFINITION_SHAPE('Placement','Placement of an item',
  #3837);
#3837 = NEXT_ASSEMBLY_USAGE_OCCURRENCE('40','=>[0:1:1:5]','',#5,#3528,$
  );
#3838 = PRODUCT_RELATED_PRODUCT_CATEGORY('part',$,(#3530));
#3839 = SHAPE_DEFINITION_REPRESENTATION(#3840,#3846);
#3840 = PRODUCT_DEFINITION_SHAPE('','',#3841);
#3841 = PRODUCT_DEFINITION('design','',#3842,#3845);
#3842 = PRODUCT_DEFINITION_FORMATION('','',#3843);
#3843 = PRODUCT('COMPOUND','COMPOUND','',(#3844));
#3844 = PRODUCT_CONTEXT('',#2,'mechanical');
#3845 = PRODUCT_DEFINITION_CONTEXT('part definition',#2,'design');
#3846 = ADVANCED_BREP_SHAPE_REPRESENTATION('',(#11,#3847),#4357);
#3847 = MANIFOLD_SOLID_BREP('',#3848);
#3848 = CLOSED_SHELL('',(#3849,#4057,#4092,#4122,#4198,#4245,#4299,#4324
    ));
#3849 = ADVANCED_FACE('',(#3850,#3937),#3864,.T.);
#3850 = FACE_BOUND('',#3851,.T.);
#3851 = EDGE_LOOP('',(#3852,#3882,#3909,#3910));
#3852 = ORIENTED_EDGE('',*,*,#3853,.T.);
#3853 = EDGE_CURVE('',#3854,#3856,#3858,.T.);
#3854 = VERTEX_POINT('',#3855);
#3855 = CARTESIAN_POINT('',(292.5,52.,230.));
#3856 = VERTEX_POINT('',#3857);
#3857 = CARTESIAN_POINT('',(292.5,-52.,230.));
#3858 = SEAM_CURVE('',#3859,(#3863,#3875),.PCURVE_S1.);
#3859 = LINE('',#3860,#3861);
#3860 = CARTESIAN_POINT('',(292.5,52.,230.));
#3861 = VECTOR('',#3862,1.);
#3862 = DIRECTION('',(0.,-1.,2.22044604925E-16));
#3863 = PCURVE('',#3864,#3869);
#3864 = CYLINDRICAL_SURFACE('',#3865,112.5);
#3865 = AXIS2_PLACEMENT_3D('',#3866,#3867,#3868);
#3866 = CARTESIAN_POINT('',(180.,52.,230.));
#3867 = DIRECTION('',(0.,-1.,2.22044604925E-16));
#3868 = DIRECTION('',(1.,0.,0.));
#3869 = DEFINITIONAL_REPRESENTATION('',(#3870),#3874);
#3870 = LINE('',#3871,#3872);
#3871 = CARTESIAN_POINT('',(6.28318530718,-0.));
#3872 = VECTOR('',#3873,1.);
#3873 = DIRECTION('',(0.,1.));
#3874 = ( GEOMETRIC_REPRESENTATION_CONTEXT(2) 
PARAMETRIC_REPRESENTATION_CONTEXT() REPRESENTATION_CONTEXT('2D SPACE',''
  ) );
#3875 = PCURVE('',#3864,#3876);
#3876 = DEFINITIONAL_REPRESENTATION('',(#3877),#3881);
#3877 = LINE('',#3878,#3879);
#3878 = CARTESIAN_POINT('',(0.,-0.));
#3879 = VECTOR('',#3880,1.);
#3880 = DIRECTION('',(0.,1.));
#3881 = ( GEOMETRIC_REPRESENTATION_CONTEXT(2) 
PARAMETRIC_REPRESENTATION_CONTEXT() REPRESENTATION_CONTEXT('2D SPACE',''
  ) );
#3882 = ORIENTED_EDGE('',*,*,#3883,.F.);
#3883 = EDGE_CURVE('',#3856,#3856,#3884,.T.);
#3884 = SURFACE_CURVE('',#3885,(#3890,#3897),.PCURVE_S1.);
#3885 = CIRCLE('',#3886,112.5);
#3886 = AXIS2_PLACEMENT_3D('',#3887,#3888,#3889);
#3887 = CARTESIAN_POINT('',(180.,-52.,230.));
#3888 = DIRECTION('',(0.,-1.,2.22044604925E-16));
#3889 = DIRECTION('',(1.,0.,0.));
#3890 = PCURVE('',#3864,#3891);
#3891 = DEFINITIONAL_REPRESENTATION('',(#3892),#3896);
#3892 = LINE('',#3893,#3894);
#3893 = CARTESIAN_POINT('',(0.,104.));
#3894 = VECTOR('',#3895,1.);
#3895 = DIRECTION('',(1.,0.));
#3896 = ( GEOMETRIC_REPRESENTATION_CONTEXT(2) 
PARAMETRIC_REPRESENTATION_CONTEXT() REPRESENTATION_CONTEXT('2D SPACE',''
  ) );
#3897 = PCURVE('',#3898,#3903);
#3898 = PLANE('',#3899);
#3899 = AXIS2_PLACEMENT_3D('',#3900,#3901,#3902);
#3900 = CARTESIAN_POINT('',(180.,-52.,230.));
#3901 = DIRECTION('',(0.,-1.,2.22044604925E-16));
#3902 = DIRECTION('',(1.,0.,0.));
#3903 = DEFINITIONAL_REPRESENTATION('',(#3904),#3908);
#3904 = CIRCLE('',#3905,112.5);
#3905 = AXIS2_PLACEMENT_2D('',#3906,#3907);
#3906 = CARTESIAN_POINT('',(0.,0.));
#3907 = DIRECTION('',(1.,0.));
#3908 = ( GEOMETRIC_REPRESENTATION_CONTEXT(2) 
PARAMETRIC_REPRESENTATION_CONTEXT() REPRESENTATION_CONTEXT('2D SPACE',''
  ) );
#3909 = ORIENTED_EDGE('',*,*,#3853,.F.);
#3910 = ORIENTED_EDGE('',*,*,#3911,.T.);
#3911 = EDGE_CURVE('',#3854,#3854,#3912,.T.);
#3912 = SURFACE_CURVE('',#3913,(#3918,#3925),.PCURVE_S1.);
#3913 = CIRCLE('',#3914,112.5);
#3914 = AXIS2_PLACEMENT_3D('',#3915,#3916,#3917);
#3915 = CARTESIAN_POINT('',(180.,52.,230.));
#3916 = DIRECTION('',(0.,-1.,2.22044604925E-16));
#3917 = DIRECTION('',(1.,0.,0.));
#3918 = PCURVE('',#3864,#3919);
#3919 = DEFINITIONAL_REPRESENTATION('',(#3920),#3924);
#3920 = LINE('',#3921,#3922);
#3921 = CARTESIAN_POINT('',(0.,0.));
#3922 = VECTOR('',#3923,1.);
#3923 = DIRECTION('',(1.,0.));
#3924 = ( GEOMETRIC_REPRESENTATION_CONTEXT(2) 
PARAMETRIC_REPRESENTATION_CONTEXT() REPRESENTATION_CONTEXT('2D SPACE',''
  ) );
#3925 = PCURVE('',#3926,#3931);
#3926 = PLANE('',#3927);
#3927 = AXIS2_PLACEMENT_3D('',#3928,#3929,#3930);
#3928 = CARTESIAN_POINT('',(180.,52.,230.));
#3929 = DIRECTION('',(0.,-1.,2.22044604925E-16));
#3930 = DIRECTION('',(1.,0.,0.));
#3931 = DEFINITIONAL_REPRESENTATION('',(#3932),#3936);
#3932 = CIRCLE('',#3933,112.5);
#3933 = AXIS2_PLACEMENT_2D('',#3934,#3935);
#3934 = CARTESIAN_POINT('',(0.,0.));
#3935 = DIRECTION('',(1.,0.));
#3936 = ( GEOMETRIC_REPRESENTATION_CONTEXT(2) 
PARAMETRIC_REPRESENTATION_CONTEXT() REPRESENTATION_CONTEXT('2D SPACE',''
  ) );
#3937 = FACE_BOUND('',#3938,.T.);
#3938 = EDGE_LOOP('',(#3939,#3974,#4000,#4033));
#3939 = ORIENTED_EDGE('',*,*,#3940,.F.);
#3940 = EDGE_CURVE('',#3941,#3943,#3945,.T.);
#3941 = VERTEX_POINT('',#3942);
#3942 = CARTESIAN_POINT('',(175.,5.,117.61116603505));
#3943 = VERTEX_POINT('',#3944);
#3944 = CARTESIAN_POINT('',(185.,5.,117.61116603505));
#3945 = SURFACE_CURVE('',#3946,(#3951,#3958),.PCURVE_S1.);
#3946 = CIRCLE('',#3947,112.5);
#3947 = AXIS2_PLACEMENT_3D('',#3948,#3949,#3950);
#3948 = CARTESIAN_POINT('',(180.,5.,230.));
#3949 = DIRECTION('',(0.,-1.,2.22044604925E-16));
#3950 = DIRECTION('',(1.,0.,0.));
#3951 = PCURVE('',#3864,#3952);
#3952 = DEFINITIONAL_REPRESENTATION('',(#3953),#3957);
#3953 = LINE('',#3954,#3955);
#3954 = CARTESIAN_POINT('',(0.,47.));
#3955 = VECTOR('',#3956,1.);
#3956 = DIRECTION('',(1.,0.));
#3957 = ( GEOMETRIC_REPRESENTATION_CONTEXT(2) 
PARAMETRIC_REPRESENTATION_CONTEXT() REPRESENTATION_CONTEXT('2D SPACE',''
  ) );
#3958 = PCURVE('',#3959,#3964);
#3959 = PLANE('',#3960);
#3960 = AXIS2_PLACEMENT_3D('',#3961,#3962,#3963);
#3961 = CARTESIAN_POINT('',(175.,5.,113.5));
#3962 = DIRECTION('',(-0.,1.,0.));
#3963 = DIRECTION('',(0.,0.,1.));
#3964 = DEFINITIONAL_REPRESENTATION('',(#3965),#3973);
#3965 = ( BOUNDED_CURVE() B_SPLINE_CURVE(2,(#3966,#3967,#3968,#3969,
#3970,#3971,#3972),.UNSPECIFIED.,.T.,.F.) B_SPLINE_CURVE_WITH_KNOTS((1,2
    ,2,2,2,1),(-2.094395102393,0.,2.094395102393,4.188790204786,
6.28318530718,8.377580409573),.UNSPECIFIED.) CURVE() 
GEOMETRIC_REPRESENTATION_ITEM() RATIONAL_B_SPLINE_CURVE((1.,0.5,1.,0.5,
1.,0.5,1.)) REPRESENTATION_ITEM('') );
#3966 = CARTESIAN_POINT('',(116.5,117.5));
#3967 = CARTESIAN_POINT('',(311.35571585149,117.5));
#3968 = CARTESIAN_POINT('',(213.92785792574,-51.25));
#3969 = CARTESIAN_POINT('',(116.5,-220.));
#3970 = CARTESIAN_POINT('',(19.072142074251,-51.25));
#3971 = CARTESIAN_POINT('',(-78.35571585149,117.5));
#3972 = CARTESIAN_POINT('',(116.5,117.5));
#3973 = ( GEOMETRIC_REPRESENTATION_CONTEXT(2) 
PARAMETRIC_REPRESENTATION_CONTEXT() REPRESENTATION_CONTEXT('2D SPACE',''
  ) );
#3974 = ORIENTED_EDGE('',*,*,#3975,.T.);
#3975 = EDGE_CURVE('',#3941,#3976,#3978,.T.);
#3976 = VERTEX_POINT('',#3977);
#3977 = CARTESIAN_POINT('',(175.,-5.,117.61116603505));
#3978 = SURFACE_CURVE('',#3979,(#3983,#3989),.PCURVE_S1.);
#3979 = LINE('',#3980,#3981);
#3980 = CARTESIAN_POINT('',(175.,52.,117.61116603505));
#3981 = VECTOR('',#3982,1.);
#3982 = DIRECTION('',(0.,-1.,2.22044604925E-16));
#3983 = PCURVE('',#3864,#3984);
#3984 = DEFINITIONAL_REPRESENTATION('',(#3985),#3988);
#3985 = B_SPLINE_CURVE_WITH_KNOTS('',1,(#3986,#3987),.UNSPECIFIED.,.F.,
  .F.,(2,2),(46.,58.),.PIECEWISE_BEZIER_KNOTS.);
#3986 = CARTESIAN_POINT('',(4.667929891003,46.));
#3987 = CARTESIAN_POINT('',(4.667929891003,58.));
#3988 = ( GEOMETRIC_REPRESENTATION_CONTEXT(2) 
PARAMETRIC_REPRESENTATION_CONTEXT() REPRESENTATION_CONTEXT('2D SPACE',''
  ) );
#3989 = PCURVE('',#3990,#3995);
#3990 = PLANE('',#3991);
#3991 = AXIS2_PLACEMENT_3D('',#3992,#3993,#3994);
#3992 = CARTESIAN_POINT('',(175.,-5.,113.5));
#3993 = DIRECTION('',(1.,0.,-0.));
#3994 = DIRECTION('',(0.,0.,1.));
#3995 = DEFINITIONAL_REPRESENTATION('',(#3996),#3999);
#3996 = B_SPLINE_CURVE_WITH_KNOTS('',1,(#3997,#3998),.UNSPECIFIED.,.F.,
  .F.,(2,2),(46.,58.),.PIECEWISE_BEZIER_KNOTS.);
#3997 = CARTESIAN_POINT('',(4.111166035055,-11.));
#3998 = CARTESIAN_POINT('',(4.111166035055,1.));
#3999 = ( GEOMETRIC_REPRESENTATION_CONTEXT(2) 
PARAMETRIC_REPRESENTATION_CONTEXT() REPRESENTATION_CONTEXT('2D SPACE',''
  ) );
#4000 = ORIENTED_EDGE('',*,*,#4001,.T.);
#4001 = EDGE_CURVE('',#3976,#4002,#4004,.T.);
#4002 = VERTEX_POINT('',#4003);
#4003 = CARTESIAN_POINT('',(185.,-5.,117.61116603505));
#4004 = SURFACE_CURVE('',#4005,(#4010,#4017),.PCURVE_S1.);
#4005 = CIRCLE('',#4006,112.5);
#4006 = AXIS2_PLACEMENT_3D('',#4007,#4008,#4009);
#4007 = CARTESIAN_POINT('',(180.,-5.,230.));
#4008 = DIRECTION('',(0.,-1.,2.22044604925E-16));
#4009 = DIRECTION('',(1.,0.,0.));
#4010 = PCURVE('',#3864,#4011);
#4011 = DEFINITIONAL_REPRESENTATION('',(#4012),#4016);
#4012 = LINE('',#4013,#4014);
#4013 = CARTESIAN_POINT('',(0.,57.));
#4014 = VECTOR('',#4015,1.);
#4015 = DIRECTION('',(1.,0.));
#4016 = ( GEOMETRIC_REPRESENTATION_CONTEXT(2) 
PARAMETRIC_REPRESENTATION_CONTEXT() REPRESENTATION_CONTEXT('2D SPACE',''
  ) );
#4017 = PCURVE('',#4018,#4023);
#4018 = PLANE('',#4019);
#4019 = AXIS2_PLACEMENT_3D('',#4020,#4021,#4022);
#4020 = CARTESIAN_POINT('',(175.,-5.,113.5));
#4021 = DIRECTION('',(-0.,1.,0.));
#4022 = DIRECTION('',(0.,0.,1.));
#4023 = DEFINITIONAL_REPRESENTATION('',(#4024),#4032);
#4024 = ( BOUNDED_CURVE() B_SPLINE_CURVE(2,(#4025,#4026,#4027,#4028,
#4029,#4030,#4031),.UNSPECIFIED.,.T.,.F.) B_SPLINE_CURVE_WITH_KNOTS((1,2
    ,2,2,2,1),(-2.094395102393,0.,2.094395102393,4.188790204786,
6.28318530718,8.377580409573),.UNSPECIFIED.) CURVE() 
GEOMETRIC_REPRESENTATION_ITEM() RATIONAL_B_SPLINE_CURVE((1.,0.5,1.,0.5,
1.,0.5,1.)) REPRESENTATION_ITEM('') );
#4025 = CARTESIAN_POINT('',(116.5,117.5));
#4026 = CARTESIAN_POINT('',(311.35571585149,117.5));
#4027 = CARTESIAN_POINT('',(213.92785792574,-51.25));
#4028 = CARTESIAN_POINT('',(116.5,-220.));
#4029 = CARTESIAN_POINT('',(19.072142074251,-51.25));
#4030 = CARTESIAN_POINT('',(-78.35571585149,117.5));
#4031 = CARTESIAN_POINT('',(116.5,117.5));
#4032 = ( GEOMETRIC_REPRESENTATION_CONTEXT(2) 
PARAMETRIC_REPRESENTATION_CONTEXT() REPRESENTATION_CONTEXT('2D SPACE',''
  ) );
#4033 = ORIENTED_EDGE('',*,*,#4034,.F.);
#4034 = EDGE_CURVE('',#3943,#4002,#4035,.T.);
#4035 = SURFACE_CURVE('',#4036,(#4040,#4046),.PCURVE_S1.);
#4036 = LINE('',#4037,#4038);
#4037 = CARTESIAN_POINT('',(185.,52.,117.61116603505));
#4038 = VECTOR('',#4039,1.);
#4039 = DIRECTION('',(0.,-1.,2.22044604925E-16));
#4040 = PCURVE('',#3864,#4041);
#4041 = DEFINITIONAL_REPRESENTATION('',(#4042),#4045);
#4042 = B_SPLINE_CURVE_WITH_KNOTS('',1,(#4043,#4044),.UNSPECIFIED.,.F.,
  .F.,(2,2),(46.,58.),.PIECEWISE_BEZIER_KNOTS.);
#4043 = CARTESIAN_POINT('',(4.756848069766,46.));
#4044 = CARTESIAN_POINT('',(4.756848069766,58.));
#4045 = ( GEOMETRIC_REPRESENTATION_CONTEXT(2) 
PARAMETRIC_REPRESENTATION_CONTEXT() REPRESENTATION_CONTEXT('2D SPACE',''
  ) );
#4046 = PCURVE('',#4047,#4052);
#4047 = PLANE('',#4048);
#4048 = AXIS2_PLACEMENT_3D('',#4049,#4050,#4051);
#4049 = CARTESIAN_POINT('',(185.,-5.,113.5));
#4050 = DIRECTION('',(1.,0.,-0.));
#4051 = DIRECTION('',(0.,0.,1.));
#4052 = DEFINITIONAL_REPRESENTATION('',(#4053),#4056);
#4053 = B_SPLINE_CURVE_WITH_KNOTS('',1,(#4054,#4055),.UNSPECIFIED.,.F.,
  .F.,(2,2),(46.,58.),.PIECEWISE_BEZIER_KNOTS.);
#4054 = CARTESIAN_POINT('',(4.111166035055,-11.));
#4055 = CARTESIAN_POINT('',(4.111166035055,1.));
#4056 = ( GEOMETRIC_REPRESENTATION_CONTEXT(2) 
PARAMETRIC_REPRESENTATION_CONTEXT() REPRESENTATION_CONTEXT('2D SPACE',''
  ) );
#4057 = ADVANCED_FACE('',(#4058,#4061),#3926,.F.);
#4058 = FACE_BOUND('',#4059,.F.);
#4059 = EDGE_LOOP('',(#4060));
#4060 = ORIENTED_EDGE('',*,*,#3911,.T.);
#4061 = FACE_BOUND('',#4062,.F.);
#4062 = EDGE_LOOP('',(#4063));
#4063 = ORIENTED_EDGE('',*,*,#4064,.F.);
#4064 = EDGE_CURVE('',#4065,#4065,#4067,.T.);
#4065 = VERTEX_POINT('',#4066);
#4066 = CARTESIAN_POINT('',(287.,52.,230.));
#4067 = SURFACE_CURVE('',#4068,(#4073,#4080),.PCURVE_S1.);
#4068 = CIRCLE('',#4069,107.);
#4069 = AXIS2_PLACEMENT_3D('',#4070,#4071,#4072);
#4070 = CARTESIAN_POINT('',(180.,52.,230.));
#4071 = DIRECTION('',(0.,-1.,2.22044604925E-16));
#4072 = DIRECTION('',(1.,0.,0.));
#4073 = PCURVE('',#3926,#4074);
#4074 = DEFINITIONAL_REPRESENTATION('',(#4075),#4079);
#4075 = CIRCLE('',#4076,107.);
#4076 = AXIS2_PLACEMENT_2D('',#4077,#4078);
#4077 = CARTESIAN_POINT('',(0.,0.));
#4078 = DIRECTION('',(1.,0.));
#4079 = ( GEOMETRIC_REPRESENTATION_CONTEXT(2) 
PARAMETRIC_REPRESENTATION_CONTEXT() REPRESENTATION_CONTEXT('2D SPACE',''
  ) );
#4080 = PCURVE('',#4081,#4086);
#4081 = CYLINDRICAL_SURFACE('',#4082,107.);
#4082 = AXIS2_PLACEMENT_3D('',#4083,#4084,#4085);
#4083 = CARTESIAN_POINT('',(180.,55.,230.));
#4084 = DIRECTION('',(0.,-1.,2.22044604925E-16));
#4085 = DIRECTION('',(1.,0.,0.));
#4086 = DEFINITIONAL_REPRESENTATION('',(#4087),#4091);
#4087 = LINE('',#4088,#4089);
#4088 = CARTESIAN_POINT('',(0.,3.));
#4089 = VECTOR('',#4090,1.);
#4090 = DIRECTION('',(1.,0.));
#4091 = ( GEOMETRIC_REPRESENTATION_CONTEXT(2) 
PARAMETRIC_REPRESENTATION_CONTEXT() REPRESENTATION_CONTEXT('2D SPACE',''
  ) );
#4092 = ADVANCED_FACE('',(#4093,#4096),#3898,.T.);
#4093 = FACE_BOUND('',#4094,.T.);
#4094 = EDGE_LOOP('',(#4095));
#4095 = ORIENTED_EDGE('',*,*,#3883,.T.);
#4096 = FACE_BOUND('',#4097,.T.);
#4097 = EDGE_LOOP('',(#4098));
#4098 = ORIENTED_EDGE('',*,*,#4099,.F.);
#4099 = EDGE_CURVE('',#4100,#4100,#4102,.T.);
#4100 = VERTEX_POINT('',#4101);
#4101 = CARTESIAN_POINT('',(287.,-52.,230.));
#4102 = SURFACE_CURVE('',#4103,(#4108,#4115),.PCURVE_S1.);
#4103 = CIRCLE('',#4104,107.);
#4104 = AXIS2_PLACEMENT_3D('',#4105,#4106,#4107);
#4105 = CARTESIAN_POINT('',(180.,-52.,230.));
#4106 = DIRECTION('',(0.,-1.,2.22044604925E-16));
#4107 = DIRECTION('',(1.,0.,0.));
#4108 = PCURVE('',#3898,#4109);
#4109 = DEFINITIONAL_REPRESENTATION('',(#4110),#4114);
#4110 = CIRCLE('',#4111,107.);
#4111 = AXIS2_PLACEMENT_2D('',#4112,#4113);
#4112 = CARTESIAN_POINT('',(0.,0.));
#4113 = DIRECTION('',(1.,0.));
#4114 = ( GEOMETRIC_REPRESENTATION_CONTEXT(2) 
PARAMETRIC_REPRESENTATION_CONTEXT() REPRESENTATION_CONTEXT('2D SPACE',''
  ) );
#4115 = PCURVE('',#4081,#4116);
#4116 = DEFINITIONAL_REPRESENTATION('',(#4117),#4121);
#4117 = LINE('',#4118,#4119);
#4118 = CARTESIAN_POINT('',(0.,107.));
#4119 = VECTOR('',#4120,1.);
#4120 = DIRECTION('',(1.,0.));
#4121 = ( GEOMETRIC_REPRESENTATION_CONTEXT(2) 
PARAMETRIC_REPRESENTATION_CONTEXT() REPRESENTATION_CONTEXT('2D SPACE',''
  ) );
#4122 = ADVANCED_FACE('',(#4123),#3959,.F.);
#4123 = FACE_BOUND('',#4124,.F.);
#4124 = EDGE_LOOP('',(#4125,#4148,#4149,#4172));
#4125 = ORIENTED_EDGE('',*,*,#4126,.F.);
#4126 = EDGE_CURVE('',#3943,#4127,#4129,.T.);
#4127 = VERTEX_POINT('',#4128);
#4128 = CARTESIAN_POINT('',(185.,5.,123.1168862729));
#4129 = SURFACE_CURVE('',#4130,(#4134,#4141),.PCURVE_S1.);
#4130 = LINE('',#4131,#4132);
#4131 = CARTESIAN_POINT('',(185.,5.,113.5));
#4132 = VECTOR('',#4133,1.);
#4133 = DIRECTION('',(0.,0.,1.));
#4134 = PCURVE('',#3959,#4135);
#4135 = DEFINITIONAL_REPRESENTATION('',(#4136),#4140);
#4136 = LINE('',#4137,#4138);
#4137 = CARTESIAN_POINT('',(0.,10.));
#4138 = VECTOR('',#4139,1.);
#4139 = DIRECTION('',(1.,0.));
#4140 = ( GEOMETRIC_REPRESENTATION_CONTEXT(2) 
PARAMETRIC_REPRESENTATION_CONTEXT() REPRESENTATION_CONTEXT('2D SPACE',''
  ) );
#4141 = PCURVE('',#4047,#4142);
#4142 = DEFINITIONAL_REPRESENTATION('',(#4143),#4147);
#4143 = LINE('',#4144,#4145);
#4144 = CARTESIAN_POINT('',(0.,-10.));
#4145 = VECTOR('',#4146,1.);
#4146 = DIRECTION('',(1.,0.));
#4147 = ( GEOMETRIC_REPRESENTATION_CONTEXT(2) 
PARAMETRIC_REPRESENTATION_CONTEXT() REPRESENTATION_CONTEXT('2D SPACE',''
  ) );
#4148 = ORIENTED_EDGE('',*,*,#3940,.F.);
#4149 = ORIENTED_EDGE('',*,*,#4150,.T.);
#4150 = EDGE_CURVE('',#3941,#4151,#4153,.T.);
#4151 = VERTEX_POINT('',#4152);
#4152 = CARTESIAN_POINT('',(175.,5.,123.1168862729));
#4153 = SURFACE_CURVE('',#4154,(#4158,#4165),.PCURVE_S1.);
#4154 = LINE('',#4155,#4156);
#4155 = CARTESIAN_POINT('',(175.,5.,113.5));
#4156 = VECTOR('',#4157,1.);
#4157 = DIRECTION('',(0.,0.,1.));
#4158 = PCURVE('',#3959,#4159);
#4159 = DEFINITIONAL_REPRESENTATION('',(#4160),#4164);
#4160 = LINE('',#4161,#4162);
#4161 = CARTESIAN_POINT('',(0.,0.));
#4162 = VECTOR('',#4163,1.);
#4163 = DIRECTION('',(1.,0.));
#4164 = ( GEOMETRIC_REPRESENTATION_CONTEXT(2) 
PARAMETRIC_REPRESENTATION_CONTEXT() REPRESENTATION_CONTEXT('2D SPACE',''
  ) );
#4165 = PCURVE('',#3990,#4166);
#4166 = DEFINITIONAL_REPRESENTATION('',(#4167),#4171);
#4167 = LINE('',#4168,#4169);
#4168 = CARTESIAN_POINT('',(0.,-10.));
#4169 = VECTOR('',#4170,1.);
#4170 = DIRECTION('',(1.,0.));
#4171 = ( GEOMETRIC_REPRESENTATION_CONTEXT(2) 
PARAMETRIC_REPRESENTATION_CONTEXT() REPRESENTATION_CONTEXT('2D SPACE',''
  ) );
#4172 = ORIENTED_EDGE('',*,*,#4173,.T.);
#4173 = EDGE_CURVE('',#4151,#4127,#4174,.T.);
#4174 = SURFACE_CURVE('',#4175,(#4180,#4191),.PCURVE_S1.);
#4175 = CIRCLE('',#4176,107.);
#4176 = AXIS2_PLACEMENT_3D('',#4177,#4178,#4179);
#4177 = CARTESIAN_POINT('',(180.,5.,230.));
#4178 = DIRECTION('',(0.,-1.,2.22044604925E-16));
#4179 = DIRECTION('',(1.,0.,0.));
#4180 = PCURVE('',#3959,#4181);
#4181 = DEFINITIONAL_REPRESENTATION('',(#4182),#4190);
#4182 = ( BOUNDED_CURVE() B_SPLINE_CURVE(2,(#4183,#4184,#4185,#4186,
#4187,#4188,#4189),.UNSPECIFIED.,.T.,.F.) B_SPLINE_CURVE_WITH_KNOTS((1,2
    ,2,2,2,1),(-2.094395102393,0.,2.094395102393,4.188790204786,
6.28318530718,8.377580409573),.UNSPECIFIED.) CURVE() 
GEOMETRIC_REPRESENTATION_ITEM() RATIONAL_B_SPLINE_CURVE((1.,0.5,1.,0.5,
1.,0.5,1.)) REPRESENTATION_ITEM('') );
#4183 = CARTESIAN_POINT('',(116.5,112.));
#4184 = CARTESIAN_POINT('',(301.82943640987,112.));
#4185 = CARTESIAN_POINT('',(209.16471820493,-48.5));
#4186 = CARTESIAN_POINT('',(116.5,-209.));
#4187 = CARTESIAN_POINT('',(23.835281795065,-48.5));
#4188 = CARTESIAN_POINT('',(-68.82943640987,112.));
#4189 = CARTESIAN_POINT('',(116.5,112.));
#4190 = ( GEOMETRIC_REPRESENTATION_CONTEXT(2) 
PARAMETRIC_REPRESENTATION_CONTEXT() REPRESENTATION_CONTEXT('2D SPACE',''
  ) );
#4191 = PCURVE('',#4081,#4192);
#4192 = DEFINITIONAL_REPRESENTATION('',(#4193),#4197);
#4193 = LINE('',#4194,#4195);
#4194 = CARTESIAN_POINT('',(0.,50.));
#4195 = VECTOR('',#4196,1.);
#4196 = DIRECTION('',(1.,0.));
#4197 = ( GEOMETRIC_REPRESENTATION_CONTEXT(2) 
PARAMETRIC_REPRESENTATION_CONTEXT() REPRESENTATION_CONTEXT('2D SPACE',''
  ) );
#4198 = ADVANCED_FACE('',(#4199),#4047,.F.);
#4199 = FACE_BOUND('',#4200,.F.);
#4200 = EDGE_LOOP('',(#4201,#4224,#4225,#4226));
#4201 = ORIENTED_EDGE('',*,*,#4202,.F.);
#4202 = EDGE_CURVE('',#4002,#4203,#4205,.T.);
#4203 = VERTEX_POINT('',#4204);
#4204 = CARTESIAN_POINT('',(185.,-5.,123.1168862729));
#4205 = SURFACE_CURVE('',#4206,(#4210,#4217),.PCURVE_S1.);
#4206 = LINE('',#4207,#4208);
#4207 = CARTESIAN_POINT('',(185.,-5.,113.5));
#4208 = VECTOR('',#4209,1.);
#4209 = DIRECTION('',(0.,0.,1.));
#4210 = PCURVE('',#4047,#4211);
#4211 = DEFINITIONAL_REPRESENTATION('',(#4212),#4216);
#4212 = LINE('',#4213,#4214);
#4213 = CARTESIAN_POINT('',(0.,0.));
#4214 = VECTOR('',#4215,1.);
#4215 = DIRECTION('',(1.,0.));
#4216 = ( GEOMETRIC_REPRESENTATION_CONTEXT(2) 
PARAMETRIC_REPRESENTATION_CONTEXT() REPRESENTATION_CONTEXT('2D SPACE',''
  ) );
#4217 = PCURVE('',#4018,#4218);
#4218 = DEFINITIONAL_REPRESENTATION('',(#4219),#4223);
#4219 = LINE('',#4220,#4221);
#4220 = CARTESIAN_POINT('',(0.,10.));
#4221 = VECTOR('',#4222,1.);
#4222 = DIRECTION('',(1.,0.));
#4223 = ( GEOMETRIC_REPRESENTATION_CONTEXT(2) 
PARAMETRIC_REPRESENTATION_CONTEXT() REPRESENTATION_CONTEXT('2D SPACE',''
  ) );
#4224 = ORIENTED_EDGE('',*,*,#4034,.F.);
#4225 = ORIENTED_EDGE('',*,*,#4126,.T.);
#4226 = ORIENTED_EDGE('',*,*,#4227,.T.);
#4227 = EDGE_CURVE('',#4127,#4203,#4228,.T.);
#4228 = SURFACE_CURVE('',#4229,(#4233,#4239),.PCURVE_S1.);
#4229 = LINE('',#4230,#4231);
#4230 = CARTESIAN_POINT('',(185.,55.,123.1168862729));
#4231 = VECTOR('',#4232,1.);
#4232 = DIRECTION('',(0.,-1.,2.22044604925E-16));
#4233 = PCURVE('',#4047,#4234);
#4234 = DEFINITIONAL_REPRESENTATION('',(#4235),#4238);
#4235 = B_SPLINE_CURVE_WITH_KNOTS('',1,(#4236,#4237),.UNSPECIFIED.,.F.,
  .F.,(2,2),(49.,61.),.PIECEWISE_BEZIER_KNOTS.);
#4236 = CARTESIAN_POINT('',(9.616886272901,-11.));
#4237 = CARTESIAN_POINT('',(9.616886272901,1.));
#4238 = ( GEOMETRIC_REPRESENTATION_CONTEXT(2) 
PARAMETRIC_REPRESENTATION_CONTEXT() REPRESENTATION_CONTEXT('2D SPACE',''
  ) );
#4239 = PCURVE('',#4081,#4240);
#4240 = DEFINITIONAL_REPRESENTATION('',(#4241),#4244);
#4241 = B_SPLINE_CURVE_WITH_KNOTS('',1,(#4242,#4243),.UNSPECIFIED.,.F.,
  .F.,(2,2),(49.,61.),.PIECEWISE_BEZIER_KNOTS.);
#4242 = CARTESIAN_POINT('',(4.759134975285,49.));
#4243 = CARTESIAN_POINT('',(4.759134975285,61.));
#4244 = ( GEOMETRIC_REPRESENTATION_CONTEXT(2) 
PARAMETRIC_REPRESENTATION_CONTEXT() REPRESENTATION_CONTEXT('2D SPACE',''
  ) );
#4245 = ADVANCED_FACE('',(#4246),#4018,.T.);
#4246 = FACE_BOUND('',#4247,.T.);
#4247 = EDGE_LOOP('',(#4248,#4249,#4250,#4273));
#4248 = ORIENTED_EDGE('',*,*,#4202,.F.);
#4249 = ORIENTED_EDGE('',*,*,#4001,.F.);
#4250 = ORIENTED_EDGE('',*,*,#4251,.T.);
#4251 = EDGE_CURVE('',#3976,#4252,#4254,.T.);
#4252 = VERTEX_POINT('',#4253);
#4253 = CARTESIAN_POINT('',(175.,-5.,123.1168862729));
#4254 = SURFACE_CURVE('',#4255,(#4259,#4266),.PCURVE_S1.);
#4255 = LINE('',#4256,#4257);
#4256 = CARTESIAN_POINT('',(175.,-5.,113.5));
#4257 = VECTOR('',#4258,1.);
#4258 = DIRECTION('',(0.,0.,1.));
#4259 = PCURVE('',#4018,#4260);
#4260 = DEFINITIONAL_REPRESENTATION('',(#4261),#4265);
#4261 = LINE('',#4262,#4263);
#4262 = CARTESIAN_POINT('',(0.,0.));
#4263 = VECTOR('',#4264,1.);
#4264 = DIRECTION('',(1.,0.));
#4265 = ( GEOMETRIC_REPRESENTATION_CONTEXT(2) 
PARAMETRIC_REPRESENTATION_CONTEXT() REPRESENTATION_CONTEXT('2D SPACE',''
  ) );
#4266 = PCURVE('',#3990,#4267);
#4267 = DEFINITIONAL_REPRESENTATION('',(#4268),#4272);
#4268 = LINE('',#4269,#4270);
#4269 = CARTESIAN_POINT('',(0.,0.));
#4270 = VECTOR('',#4271,1.);
#4271 = DIRECTION('',(1.,0.));
#4272 = ( GEOMETRIC_REPRESENTATION_CONTEXT(2) 
PARAMETRIC_REPRESENTATION_CONTEXT() REPRESENTATION_CONTEXT('2D SPACE',''
  ) );
#4273 = ORIENTED_EDGE('',*,*,#4274,.T.);
#4274 = EDGE_CURVE('',#4252,#4203,#4275,.T.);
#4275 = SURFACE_CURVE('',#4276,(#4281,#4292),.PCURVE_S1.);
#4276 = CIRCLE('',#4277,107.);
#4277 = AXIS2_PLACEMENT_3D('',#4278,#4279,#4280);
#4278 = CARTESIAN_POINT('',(180.,-5.,230.));
#4279 = DIRECTION('',(0.,-1.,2.22044604925E-16));
#4280 = DIRECTION('',(1.,0.,0.));
#4281 = PCURVE('',#4018,#4282);
#4282 = DEFINITIONAL_REPRESENTATION('',(#4283),#4291);
#4283 = ( BOUNDED_CURVE() B_SPLINE_CURVE(2,(#4284,#4285,#4286,#4287,
#4288,#4289,#4290),.UNSPECIFIED.,.T.,.F.) B_SPLINE_CURVE_WITH_KNOTS((1,2
    ,2,2,2,1),(-2.094395102393,0.,2.094395102393,4.188790204786,
6.28318530718,8.377580409573),.UNSPECIFIED.) CURVE() 
GEOMETRIC_REPRESENTATION_ITEM() RATIONAL_B_SPLINE_CURVE((1.,0.5,1.,0.5,
1.,0.5,1.)) REPRESENTATION_ITEM('') );
#4284 = CARTESIAN_POINT('',(116.5,112.));
#4285 = CARTESIAN_POINT('',(301.82943640987,112.));
#4286 = CARTESIAN_POINT('',(209.16471820493,-48.5));
#4287 = CARTESIAN_POINT('',(116.5,-209.));
#4288 = CARTESIAN_POINT('',(23.835281795065,-48.5));
#4289 = CARTESIAN_POINT('',(-68.82943640987,112.));
#4290 = CARTESIAN_POINT('',(116.5,112.));
#4291 = ( GEOMETRIC_REPRESENTATION_CONTEXT(2) 
PARAMETRIC_REPRESENTATION_CONTEXT() REPRESENTATION_CONTEXT('2D SPACE',''
  ) );
#4292 = PCURVE('',#4081,#4293);
#4293 = DEFINITIONAL_REPRESENTATION('',(#4294),#4298);
#4294 = LINE('',#4295,#4296);
#4295 = CARTESIAN_POINT('',(0.,60.));
#4296 = VECTOR('',#4297,1.);
#4297 = DIRECTION('',(1.,0.));
#4298 = ( GEOMETRIC_REPRESENTATION_CONTEXT(2) 
PARAMETRIC_REPRESENTATION_CONTEXT() REPRESENTATION_CONTEXT('2D SPACE',''
  ) );
#4299 = ADVANCED_FACE('',(#4300),#3990,.T.);
#4300 = FACE_BOUND('',#4301,.T.);
#4301 = EDGE_LOOP('',(#4302,#4303,#4304,#4305));
#4302 = ORIENTED_EDGE('',*,*,#4251,.F.);
#4303 = ORIENTED_EDGE('',*,*,#3975,.F.);
#4304 = ORIENTED_EDGE('',*,*,#4150,.T.);
#4305 = ORIENTED_EDGE('',*,*,#4306,.T.);
#4306 = EDGE_CURVE('',#4151,#4252,#4307,.T.);
#4307 = SURFACE_CURVE('',#4308,(#4312,#4318),.PCURVE_S1.);
#4308 = LINE('',#4309,#4310);
#4309 = CARTESIAN_POINT('',(175.,55.,123.1168862729));
#4310 = VECTOR('',#4311,1.);
#4311 = DIRECTION('',(0.,-1.,2.22044604925E-16));
#4312 = PCURVE('',#3990,#4313);
#4313 = DEFINITIONAL_REPRESENTATION('',(#4314),#4317);
#4314 = B_SPLINE_CURVE_WITH_KNOTS('',1,(#4315,#4316),.UNSPECIFIED.,.F.,
  .F.,(2,2),(49.,61.),.PIECEWISE_BEZIER_KNOTS.);
#4315 = CARTESIAN_POINT('',(9.616886272901,-11.));
#4316 = CARTESIAN_POINT('',(9.616886272901,1.));
#4317 = ( GEOMETRIC_REPRESENTATION_CONTEXT(2) 
PARAMETRIC_REPRESENTATION_CONTEXT() REPRESENTATION_CONTEXT('2D SPACE',''
  ) );
#4318 = PCURVE('',#4081,#4319);
#4319 = DEFINITIONAL_REPRESENTATION('',(#4320),#4323);
#4320 = B_SPLINE_CURVE_WITH_KNOTS('',1,(#4321,#4322),.UNSPECIFIED.,.F.,
  .F.,(2,2),(49.,61.),.PIECEWISE_BEZIER_KNOTS.);
#4321 = CARTESIAN_POINT('',(4.665642985484,49.));
#4322 = CARTESIAN_POINT('',(4.665642985484,61.));
#4323 = ( GEOMETRIC_REPRESENTATION_CONTEXT(2) 
PARAMETRIC_REPRESENTATION_CONTEXT() REPRESENTATION_CONTEXT('2D SPACE',''
  ) );
#4324 = ADVANCED_FACE('',(#4325,#4351),#4081,.F.);
#4325 = FACE_BOUND('',#4326,.F.);
#4326 = EDGE_LOOP('',(#4327,#4348,#4349,#4350));
#4327 = ORIENTED_EDGE('',*,*,#4328,.T.);
#4328 = EDGE_CURVE('',#4065,#4100,#4329,.T.);
#4329 = SEAM_CURVE('',#4330,(#4334,#4341),.PCURVE_S1.);
#4330 = LINE('',#4331,#4332);
#4331 = CARTESIAN_POINT('',(287.,55.,230.));
#4332 = VECTOR('',#4333,1.);
#4333 = DIRECTION('',(0.,-1.,2.22044604925E-16));
#4334 = PCURVE('',#4081,#4335);
#4335 = DEFINITIONAL_REPRESENTATION('',(#4336),#4340);
#4336 = LINE('',#4337,#4338);
#4337 = CARTESIAN_POINT('',(6.28318530718,-0.));
#4338 = VECTOR('',#4339,1.);
#4339 = DIRECTION('',(0.,1.));
#4340 = ( GEOMETRIC_REPRESENTATION_CONTEXT(2) 
PARAMETRIC_REPRESENTATION_CONTEXT() REPRESENTATION_CONTEXT('2D SPACE',''
  ) );
#4341 = PCURVE('',#4081,#4342);
#4342 = DEFINITIONAL_REPRESENTATION('',(#4343),#4347);
#4343 = LINE('',#4344,#4345);
#4344 = CARTESIAN_POINT('',(0.,-0.));
#4345 = VECTOR('',#4346,1.);
#4346 = DIRECTION('',(0.,1.));
#4347 = ( GEOMETRIC_REPRESENTATION_CONTEXT(2) 
PARAMETRIC_REPRESENTATION_CONTEXT() REPRESENTATION_CONTEXT('2D SPACE',''
  ) );
#4348 = ORIENTED_EDGE('',*,*,#4099,.F.);
#4349 = ORIENTED_EDGE('',*,*,#4328,.F.);
#4350 = ORIENTED_EDGE('',*,*,#4064,.T.);
#4351 = FACE_BOUND('',#4352,.F.);
#4352 = EDGE_LOOP('',(#4353,#4354,#4355,#4356));
#4353 = ORIENTED_EDGE('',*,*,#4173,.F.);
#4354 = ORIENTED_EDGE('',*,*,#4306,.T.);
#4355 = ORIENTED_EDGE('',*,*,#4274,.T.);
#4356 = ORIENTED_EDGE('',*,*,#4227,.F.);
#4357 = ( GEOMETRIC_REPRESENTATION_CONTEXT(3) 
GLOBAL_UNCERTAINTY_ASSIGNED_CONTEXT((#4361)) 
GLOBAL_UNIT_ASSIGNED_CONTEXT((#4358,#4359,#4360)) REPRESENTATION_CONTEXT
('Context #1','3D Context with UNIT and UNCERTAINTY') );
#4358 = ( LENGTH_UNIT() NAMED_UNIT(*) SI_UNIT(.MILLI.,.METRE.) );
#4359 = ( NAMED_UNIT(*) PLANE_ANGLE_UNIT() SI_UNIT($,.RADIAN.) );
#4360 = ( NAMED_UNIT(*) SI_UNIT($,.STERADIAN.) SOLID_ANGLE_UNIT() );
#4361 = UNCERTAINTY_MEASURE_WITH_UNIT(LENGTH_MEASURE(1.E-07),#4358,
  'distance_accuracy_value','confusion accuracy');
#4362 = CONTEXT_DEPENDENT_SHAPE_REPRESENTATION(#4363,#4365);
#4363 = ( REPRESENTATION_RELATIONSHIP('','',#3846,#10) 
REPRESENTATION_RELATIONSHIP_WITH_TRANSFORMATION(#4364) 
SHAPE_REPRESENTATION_RELATIONSHIP() );
#4364 = ITEM_DEFINED_TRANSFORMATION('','',#11,#31);
#4365 = PRODUCT_DEFINITION_SHAPE('Placement','Placement of an item',
  #4366);
#4366 = NEXT_ASSEMBLY_USAGE_OCCURRENCE('41','=>[0:1:1:6]','',#5,#3841,$
  );
#4367 = PRODUCT_RELATED_PRODUCT_CATEGORY('part',$,(#3843));
#4368 = SHAPE_DEFINITION_REPRESENTATION(#4369,#4375);
#4369 = PRODUCT_DEFINITION_SHAPE('','',#4370);
#4370 = PRODUCT_DEFINITION('design','',#4371,#4374);
#4371 = PRODUCT_DEFINITION_FORMATION('','',#4372);
#4372 = PRODUCT('COMPOUND','COMPOUND','',(#4373));
#4373 = PRODUCT_CONTEXT('',#2,'mechanical');
#4374 = PRODUCT_DEFINITION_CONTEXT('part definition',#2,'design');
#4375 = SHAPE_REPRESENTATION('',(#11,#4376,#5230),#6084);
#4376 = MANIFOLD_SOLID_BREP('',#4377);
#4377 = CLOSED_SHELL('',(#4378,#4466,#4749,#4987,#5014,#5041,#5068,#5095
    ,#5122,#5149,#5176,#5203));
#4378 = ADVANCED_FACE('',(#4379),#4392,.T.);
#4379 = FACE_BOUND('',#4380,.T.);
#4380 = EDGE_LOOP('',(#4381,#4415,#4438,#4465));
#4381 = ORIENTED_EDGE('',*,*,#4382,.F.);
#4382 = EDGE_CURVE('',#4383,#4383,#4385,.T.);
#4383 = VERTEX_POINT('',#4384);
#4384 = CARTESIAN_POINT('',(340.,52.,230.));
#4385 = SURFACE_CURVE('',#4386,(#4391,#4403),.PCURVE_S1.);
#4386 = CIRCLE('',#4387,160.);
#4387 = AXIS2_PLACEMENT_3D('',#4388,#4389,#4390);
#4388 = CARTESIAN_POINT('',(180.,52.,230.));
#4389 = DIRECTION('',(0.,-1.,2.22044604925E-16));
#4390 = DIRECTION('',(1.,0.,0.));
#4391 = PCURVE('',#4392,#4397);
#4392 = CYLINDRICAL_SURFACE('',#4393,160.);
#4393 = AXIS2_PLACEMENT_3D('',#4394,#4395,#4396);
#4394 = CARTESIAN_POINT('',(180.,58.,230.));
#4395 = DIRECTION('',(0.,-1.,2.22044604925E-16));
#4396 = DIRECTION('',(1.,0.,0.));
#4397 = DEFINITIONAL_REPRESENTATION('',(#4398),#4402);
#4398 = LINE('',#4399,#4400);
#4399 = CARTESIAN_POINT('',(0.,6.));
#4400 = VECTOR('',#4401,1.);
#4401 = DIRECTION('',(1.,0.));
#4402 = ( GEOMETRIC_REPRESENTATION_CONTEXT(2) 
PARAMETRIC_REPRESENTATION_CONTEXT() REPRESENTATION_CONTEXT('2D SPACE',''
  ) );
#4403 = PCURVE('',#4404,#4409);
#4404 = PLANE('',#4405);
#4405 = AXIS2_PLACEMENT_3D('',#4406,#4407,#4408);
#4406 = CARTESIAN_POINT('',(180.,52.,230.));
#4407 = DIRECTION('',(0.,-1.,2.22044604925E-16));
#4408 = DIRECTION('',(1.,0.,0.));
#4409 = DEFINITIONAL_REPRESENTATION('',(#4410),#4414);
#4410 = CIRCLE('',#4411,160.);
#4411 = AXIS2_PLACEMENT_2D('',#4412,#4413);
#4412 = CARTESIAN_POINT('',(0.,0.));
#4413 = DIRECTION('',(1.,0.));
#4414 = ( GEOMETRIC_REPRESENTATION_CONTEXT(2) 
PARAMETRIC_REPRESENTATION_CONTEXT() REPRESENTATION_CONTEXT('2D SPACE',''
  ) );
#4415 = ORIENTED_EDGE('',*,*,#4416,.F.);
#4416 = EDGE_CURVE('',#4417,#4383,#4419,.T.);
#4417 = VERTEX_POINT('',#4418);
#4418 = CARTESIAN_POINT('',(340.,58.,230.));
#4419 = SEAM_CURVE('',#4420,(#4424,#4431),.PCURVE_S1.);
#4420 = LINE('',#4421,#4422);
#4421 = CARTESIAN_POINT('',(340.,58.,230.));
#4422 = VECTOR('',#4423,1.);
#4423 = DIRECTION('',(0.,-1.,2.22044604925E-16));
#4424 = PCURVE('',#4392,#4425);
#4425 = DEFINITIONAL_REPRESENTATION('',(#4426),#4430);
#4426 = LINE('',#4427,#4428);
#4427 = CARTESIAN_POINT('',(6.28318530718,-0.));
#4428 = VECTOR('',#4429,1.);
#4429 = DIRECTION('',(0.,1.));
#4430 = ( GEOMETRIC_REPRESENTATION_CONTEXT(2) 
PARAMETRIC_REPRESENTATION_CONTEXT() REPRESENTATION_CONTEXT('2D SPACE',''
  ) );
#4431 = PCURVE('',#4392,#4432);
#4432 = DEFINITIONAL_REPRESENTATION('',(#4433),#4437);
#4433 = LINE('',#4434,#4435);
#4434 = CARTESIAN_POINT('',(0.,-0.));
#4435 = VECTOR('',#4436,1.);
#4436 = DIRECTION('',(0.,1.));
#4437 = ( GEOMETRIC_REPRESENTATION_CONTEXT(2) 
PARAMETRIC_REPRESENTATION_CONTEXT() REPRESENTATION_CONTEXT('2D SPACE',''
  ) );
#4438 = ORIENTED_EDGE('',*,*,#4439,.T.);
#4439 = EDGE_CURVE('',#4417,#4417,#4440,.T.);
#4440 = SURFACE_CURVE('',#4441,(#4446,#4453),.PCURVE_S1.);
#4441 = CIRCLE('',#4442,160.);
#4442 = AXIS2_PLACEMENT_3D('',#4443,#4444,#4445);
#4443 = CARTESIAN_POINT('',(180.,58.,230.));
#4444 = DIRECTION('',(0.,-1.,2.22044604925E-16));
#4445 = DIRECTION('',(1.,0.,0.));
#4446 = PCURVE('',#4392,#4447);
#4447 = DEFINITIONAL_REPRESENTATION('',(#4448),#4452);
#4448 = LINE('',#4449,#4450);
#4449 = CARTESIAN_POINT('',(0.,0.));
#4450 = VECTOR('',#4451,1.);
#4451 = DIRECTION('',(1.,0.));
#4452 = ( GEOMETRIC_REPRESENTATION_CONTEXT(2) 
PARAMETRIC_REPRESENTATION_CONTEXT() REPRESENTATION_CONTEXT('2D SPACE',''
  ) );
#4453 = PCURVE('',#4454,#4459);
#4454 = PLANE('',#4455);
#4455 = AXIS2_PLACEMENT_3D('',#4456,#4457,#4458);
#4456 = CARTESIAN_POINT('',(180.,58.,230.));
#4457 = DIRECTION('',(0.,-1.,2.22044604925E-16));
#4458 = DIRECTION('',(1.,0.,0.));
#4459 = DEFINITIONAL_REPRESENTATION('',(#4460),#4464);
#4460 = CIRCLE('',#4461,160.);
#4461 = AXIS2_PLACEMENT_2D('',#4462,#4463);
#4462 = CARTESIAN_POINT('',(0.,0.));
#4463 = DIRECTION('',(1.,0.));
#4464 = ( GEOMETRIC_REPRESENTATION_CONTEXT(2) 
PARAMETRIC_REPRESENTATION_CONTEXT() REPRESENTATION_CONTEXT('2D SPACE',''
  ) );
#4465 = ORIENTED_EDGE('',*,*,#4416,.T.);
#4466 = ADVANCED_FACE('',(#4467,#4470,#4501,#4532,#4563,#4594,#4625,
    #4656,#4687,#4718),#4404,.T.);
#4467 = FACE_BOUND('',#4468,.T.);
#4468 = EDGE_LOOP('',(#4469));
#4469 = ORIENTED_EDGE('',*,*,#4382,.T.);
#4470 = FACE_BOUND('',#4471,.T.);
#4471 = EDGE_LOOP('',(#4472));
#4472 = ORIENTED_EDGE('',*,*,#4473,.F.);
#4473 = EDGE_CURVE('',#4474,#4474,#4476,.T.);
#4474 = VERTEX_POINT('',#4475);
#4475 = CARTESIAN_POINT('',(112.48932188134,52.,159.28932188134));
#4476 = SURFACE_CURVE('',#4477,(#4482,#4489),.PCURVE_S1.);
#4477 = CIRCLE('',#4478,3.2);
#4478 = AXIS2_PLACEMENT_3D('',#4479,#4480,#4481);
#4479 = CARTESIAN_POINT('',(109.28932188134,52.,159.28932188134));
#4480 = DIRECTION('',(0.,-1.,2.22044604925E-16));
#4481 = DIRECTION('',(1.,0.,0.));
#4482 = PCURVE('',#4404,#4483);
#4483 = DEFINITIONAL_REPRESENTATION('',(#4484),#4488);
#4484 = CIRCLE('',#4485,3.2);
#4485 = AXIS2_PLACEMENT_2D('',#4486,#4487);
#4486 = CARTESIAN_POINT('',(-70.71067811865,-70.71067811865));
#4487 = DIRECTION('',(1.,0.));
#4488 = ( GEOMETRIC_REPRESENTATION_CONTEXT(2) 
PARAMETRIC_REPRESENTATION_CONTEXT() REPRESENTATION_CONTEXT('2D SPACE',''
  ) );
#4489 = PCURVE('',#4490,#4495);
#4490 = CYLINDRICAL_SURFACE('',#4491,3.2);
#4491 = AXIS2_PLACEMENT_3D('',#4492,#4493,#4494);
#4492 = CARTESIAN_POINT('',(109.28932188134,59.,159.28932188134));
#4493 = DIRECTION('',(0.,-1.,2.22044604925E-16));
#4494 = DIRECTION('',(1.,0.,0.));
#4495 = DEFINITIONAL_REPRESENTATION('',(#4496),#4500);
#4496 = LINE('',#4497,#4498);
#4497 = CARTESIAN_POINT('',(0.,7.));
#4498 = VECTOR('',#4499,1.);
#4499 = DIRECTION('',(1.,0.));
#4500 = ( GEOMETRIC_REPRESENTATION_CONTEXT(2) 
PARAMETRIC_REPRESENTATION_CONTEXT() REPRESENTATION_CONTEXT('2D SPACE',''
  ) );
#4501 = FACE_BOUND('',#4502,.T.);
#4502 = EDGE_LOOP('',(#4503));
#4503 = ORIENTED_EDGE('',*,*,#4504,.F.);
#4504 = EDGE_CURVE('',#4505,#4505,#4507,.T.);
#4505 = VERTEX_POINT('',#4506);
#4506 = CARTESIAN_POINT('',(169.31497115745,52.,216.56497115745));
#4507 = SURFACE_CURVE('',#4508,(#4513,#4520),.PCURVE_S1.);
#4508 = CIRCLE('',#4509,2.75);
#4509 = AXIS2_PLACEMENT_3D('',#4510,#4511,#4512);
#4510 = CARTESIAN_POINT('',(166.56497115745,52.,216.56497115745));
#4511 = DIRECTION('',(0.,-1.,2.22044604925E-16));
#4512 = DIRECTION('',(1.,0.,0.));
#4513 = PCURVE('',#4404,#4514);
#4514 = DEFINITIONAL_REPRESENTATION('',(#4515),#4519);
#4515 = CIRCLE('',#4516,2.75);
#4516 = AXIS2_PLACEMENT_2D('',#4517,#4518);
#4517 = CARTESIAN_POINT('',(-13.43502884254,-13.43502884254));
#4518 = DIRECTION('',(1.,0.));
#4519 = ( GEOMETRIC_REPRESENTATION_CONTEXT(2) 
PARAMETRIC_REPRESENTATION_CONTEXT() REPRESENTATION_CONTEXT('2D SPACE',''
  ) );
#4520 = PCURVE('',#4521,#4526);
#4521 = CYLINDRICAL_SURFACE('',#4522,2.75);
#4522 = AXIS2_PLACEMENT_3D('',#4523,#4524,#4525);
#4523 = CARTESIAN_POINT('',(166.56497115745,59.,216.56497115745));
#4524 = DIRECTION('',(0.,-1.,2.22044604925E-16));
#4525 = DIRECTION('',(1.,0.,0.));
#4526 = DEFINITIONAL_REPRESENTATION('',(#4527),#4531);
#4527 = LINE('',#4528,#4529);
#4528 = CARTESIAN_POINT('',(0.,7.));
#4529 = VECTOR('',#4530,1.);
#4530 = DIRECTION('',(1.,0.));
#4531 = ( GEOMETRIC_REPRESENTATION_CONTEXT(2) 
PARAMETRIC_REPRESENTATION_CONTEXT() REPRESENTATION_CONTEXT('2D SPACE',''
  ) );
#4532 = FACE_BOUND('',#4533,.T.);
#4533 = EDGE_LOOP('',(#4534));
#4534 = ORIENTED_EDGE('',*,*,#4535,.F.);
#4535 = EDGE_CURVE('',#4536,#4536,#4538,.T.);
#4536 = VERTEX_POINT('',#4537);
#4537 = CARTESIAN_POINT('',(253.91067811865,52.,159.28932188134));
#4538 = SURFACE_CURVE('',#4539,(#4544,#4551),.PCURVE_S1.);
#4539 = CIRCLE('',#4540,3.2);
#4540 = AXIS2_PLACEMENT_3D('',#4541,#4542,#4543);
#4541 = CARTESIAN_POINT('',(250.71067811865,52.,159.28932188134));
#4542 = DIRECTION('',(0.,-1.,2.22044604925E-16));
#4543 = DIRECTION('',(1.,0.,0.));
#4544 = PCURVE('',#4404,#4545);
#4545 = DEFINITIONAL_REPRESENTATION('',(#4546),#4550);
#4546 = CIRCLE('',#4547,3.2);
#4547 = AXIS2_PLACEMENT_2D('',#4548,#4549);
#4548 = CARTESIAN_POINT('',(70.710678118655,-70.71067811865));
#4549 = DIRECTION('',(1.,0.));
#4550 = ( GEOMETRIC_REPRESENTATION_CONTEXT(2) 
PARAMETRIC_REPRESENTATION_CONTEXT() REPRESENTATION_CONTEXT('2D SPACE',''
  ) );
#4551 = PCURVE('',#4552,#4557);
#4552 = CYLINDRICAL_SURFACE('',#4553,3.2);
#4553 = AXIS2_PLACEMENT_3D('',#4554,#4555,#4556);
#4554 = CARTESIAN_POINT('',(250.71067811865,59.,159.28932188134));
#4555 = DIRECTION('',(0.,-1.,2.22044604925E-16));
#4556 = DIRECTION('',(1.,0.,0.));
#4557 = DEFINITIONAL_REPRESENTATION('',(#4558),#4562);
#4558 = LINE('',#4559,#4560);
#4559 = CARTESIAN_POINT('',(0.,7.));
#4560 = VECTOR('',#4561,1.);
#4561 = DIRECTION('',(1.,0.));
#4562 = ( GEOMETRIC_REPRESENTATION_CONTEXT(2) 
PARAMETRIC_REPRESENTATION_CONTEXT() REPRESENTATION_CONTEXT('2D SPACE',''
  ) );
#4563 = FACE_BOUND('',#4564,.T.);
#4564 = EDGE_LOOP('',(#4565));
#4565 = ORIENTED_EDGE('',*,*,#4566,.F.);
#4566 = EDGE_CURVE('',#4567,#4567,#4569,.T.);
#4567 = VERTEX_POINT('',#4568);
#4568 = CARTESIAN_POINT('',(196.18502884254,52.,216.56497115745));
#4569 = SURFACE_CURVE('',#4570,(#4575,#4582),.PCURVE_S1.);
#4570 = CIRCLE('',#4571,2.75);
#4571 = AXIS2_PLACEMENT_3D('',#4572,#4573,#4574);
#4572 = CARTESIAN_POINT('',(193.43502884254,52.,216.56497115745));
#4573 = DIRECTION('',(0.,-1.,2.22044604925E-16));
#4574 = DIRECTION('',(1.,0.,0.));
#4575 = PCURVE('',#4404,#4576);
#4576 = DEFINITIONAL_REPRESENTATION('',(#4577),#4581);
#4577 = CIRCLE('',#4578,2.75);
#4578 = AXIS2_PLACEMENT_2D('',#4579,#4580);
#4579 = CARTESIAN_POINT('',(13.435028842544,-13.43502884254));
#4580 = DIRECTION('',(1.,0.));
#4581 = ( GEOMETRIC_REPRESENTATION_CONTEXT(2) 
PARAMETRIC_REPRESENTATION_CONTEXT() REPRESENTATION_CONTEXT('2D SPACE',''
  ) );
#4582 = PCURVE('',#4583,#4588);
#4583 = CYLINDRICAL_SURFACE('',#4584,2.75);
#4584 = AXIS2_PLACEMENT_3D('',#4585,#4586,#4587);
#4585 = CARTESIAN_POINT('',(193.43502884254,59.,216.56497115745));
#4586 = DIRECTION('',(0.,-1.,2.22044604925E-16));
#4587 = DIRECTION('',(1.,0.,0.));
#4588 = DEFINITIONAL_REPRESENTATION('',(#4589),#4593);
#4589 = LINE('',#4590,#4591);
#4590 = CARTESIAN_POINT('',(0.,7.));
#4591 = VECTOR('',#4592,1.);
#4592 = DIRECTION('',(1.,0.));
#4593 = ( GEOMETRIC_REPRESENTATION_CONTEXT(2) 
PARAMETRIC_REPRESENTATION_CONTEXT() REPRESENTATION_CONTEXT('2D SPACE',''
  ) );
#4594 = FACE_BOUND('',#4595,.T.);
#4595 = EDGE_LOOP('',(#4596));
#4596 = ORIENTED_EDGE('',*,*,#4597,.F.);
#4597 = EDGE_CURVE('',#4598,#4598,#4600,.T.);
#4598 = VERTEX_POINT('',#4599);
#4599 = CARTESIAN_POINT('',(169.31497115745,52.,243.43502884254));
#4600 = SURFACE_CURVE('',#4601,(#4606,#4613),.PCURVE_S1.);
#4601 = CIRCLE('',#4602,2.75);
#4602 = AXIS2_PLACEMENT_3D('',#4603,#4604,#4605);
#4603 = CARTESIAN_POINT('',(166.56497115745,52.,243.43502884254));
#4604 = DIRECTION('',(0.,-1.,2.22044604925E-16));
#4605 = DIRECTION('',(1.,0.,0.));
#4606 = PCURVE('',#4404,#4607);
#4607 = DEFINITIONAL_REPRESENTATION('',(#4608),#4612);
#4608 = CIRCLE('',#4609,2.75);
#4609 = AXIS2_PLACEMENT_2D('',#4610,#4611);
#4610 = CARTESIAN_POINT('',(-13.43502884254,13.435028842544));
#4611 = DIRECTION('',(1.,0.));
#4612 = ( GEOMETRIC_REPRESENTATION_CONTEXT(2) 
PARAMETRIC_REPRESENTATION_CONTEXT() REPRESENTATION_CONTEXT('2D SPACE',''
  ) );
#4613 = PCURVE('',#4614,#4619);
#4614 = CYLINDRICAL_SURFACE('',#4615,2.75);
#4615 = AXIS2_PLACEMENT_3D('',#4616,#4617,#4618);
#4616 = CARTESIAN_POINT('',(166.56497115745,59.,243.43502884254));
#4617 = DIRECTION('',(0.,-1.,2.22044604925E-16));
#4618 = DIRECTION('',(1.,0.,0.));
#4619 = DEFINITIONAL_REPRESENTATION('',(#4620),#4624);
#4620 = LINE('',#4621,#4622);
#4621 = CARTESIAN_POINT('',(0.,7.));
#4622 = VECTOR('',#4623,1.);
#4623 = DIRECTION('',(1.,0.));
#4624 = ( GEOMETRIC_REPRESENTATION_CONTEXT(2) 
PARAMETRIC_REPRESENTATION_CONTEXT() REPRESENTATION_CONTEXT('2D SPACE',''
  ) );
#4625 = FACE_BOUND('',#4626,.T.);
#4626 = EDGE_LOOP('',(#4627));
#4627 = ORIENTED_EDGE('',*,*,#4628,.F.);
#4628 = EDGE_CURVE('',#4629,#4629,#4631,.T.);
#4629 = VERTEX_POINT('',#4630);
#4630 = CARTESIAN_POINT('',(112.48932188134,52.,300.71067811865));
#4631 = SURFACE_CURVE('',#4632,(#4637,#4644),.PCURVE_S1.);
#4632 = CIRCLE('',#4633,3.2);
#4633 = AXIS2_PLACEMENT_3D('',#4634,#4635,#4636);
#4634 = CARTESIAN_POINT('',(109.28932188134,52.,300.71067811865));
#4635 = DIRECTION('',(0.,-1.,2.22044604925E-16));
#4636 = DIRECTION('',(1.,0.,0.));
#4637 = PCURVE('',#4404,#4638);
#4638 = DEFINITIONAL_REPRESENTATION('',(#4639),#4643);
#4639 = CIRCLE('',#4640,3.2);
#4640 = AXIS2_PLACEMENT_2D('',#4641,#4642);
#4641 = CARTESIAN_POINT('',(-70.71067811865,70.710678118655));
#4642 = DIRECTION('',(1.,0.));
#4643 = ( GEOMETRIC_REPRESENTATION_CONTEXT(2) 
PARAMETRIC_REPRESENTATION_CONTEXT() REPRESENTATION_CONTEXT('2D SPACE',''
  ) );
#4644 = PCURVE('',#4645,#4650);
#4645 = CYLINDRICAL_SURFACE('',#4646,3.2);
#4646 = AXIS2_PLACEMENT_3D('',#4647,#4648,#4649);
#4647 = CARTESIAN_POINT('',(109.28932188134,59.,300.71067811865));
#4648 = DIRECTION('',(0.,-1.,2.22044604925E-16));
#4649 = DIRECTION('',(1.,0.,0.));
#4650 = DEFINITIONAL_REPRESENTATION('',(#4651),#4655);
#4651 = LINE('',#4652,#4653);
#4652 = CARTESIAN_POINT('',(0.,7.));
#4653 = VECTOR('',#4654,1.);
#4654 = DIRECTION('',(1.,0.));
#4655 = ( GEOMETRIC_REPRESENTATION_CONTEXT(2) 
PARAMETRIC_REPRESENTATION_CONTEXT() REPRESENTATION_CONTEXT('2D SPACE',''
  ) );
#4656 = FACE_BOUND('',#4657,.T.);
#4657 = EDGE_LOOP('',(#4658));
#4658 = ORIENTED_EDGE('',*,*,#4659,.F.);
#4659 = EDGE_CURVE('',#4660,#4660,#4662,.T.);
#4660 = VERTEX_POINT('',#4661);
#4661 = CARTESIAN_POINT('',(190.2,52.,230.));
#4662 = SURFACE_CURVE('',#4663,(#4668,#4675),.PCURVE_S1.);
#4663 = CIRCLE('',#4664,10.2);
#4664 = AXIS2_PLACEMENT_3D('',#4665,#4666,#4667);
#4665 = CARTESIAN_POINT('',(180.,52.,230.));
#4666 = DIRECTION('',(0.,-1.,2.22044604925E-16));
#4667 = DIRECTION('',(1.,0.,0.));
#4668 = PCURVE('',#4404,#4669);
#4669 = DEFINITIONAL_REPRESENTATION('',(#4670),#4674);
#4670 = CIRCLE('',#4671,10.2);
#4671 = AXIS2_PLACEMENT_2D('',#4672,#4673);
#4672 = CARTESIAN_POINT('',(0.,0.));
#4673 = DIRECTION('',(1.,0.));
#4674 = ( GEOMETRIC_REPRESENTATION_CONTEXT(2) 
PARAMETRIC_REPRESENTATION_CONTEXT() REPRESENTATION_CONTEXT('2D SPACE',''
  ) );
#4675 = PCURVE('',#4676,#4681);
#4676 = CYLINDRICAL_SURFACE('',#4677,10.2);
#4677 = AXIS2_PLACEMENT_3D('',#4678,#4679,#4680);
#4678 = CARTESIAN_POINT('',(180.,59.,230.));
#4679 = DIRECTION('',(0.,-1.,2.22044604925E-16));
#4680 = DIRECTION('',(1.,0.,0.));
#4681 = DEFINITIONAL_REPRESENTATION('',(#4682),#4686);
#4682 = LINE('',#4683,#4684);
#4683 = CARTESIAN_POINT('',(0.,7.));
#4684 = VECTOR('',#4685,1.);
#4685 = DIRECTION('',(1.,0.));
#4686 = ( GEOMETRIC_REPRESENTATION_CONTEXT(2) 
PARAMETRIC_REPRESENTATION_CONTEXT() REPRESENTATION_CONTEXT('2D SPACE',''
  ) );
#4687 = FACE_BOUND('',#4688,.T.);
#4688 = EDGE_LOOP('',(#4689));
#4689 = ORIENTED_EDGE('',*,*,#4690,.F.);
#4690 = EDGE_CURVE('',#4691,#4691,#4693,.T.);
#4691 = VERTEX_POINT('',#4692);
#4692 = CARTESIAN_POINT('',(196.18502884254,52.,243.43502884254));
#4693 = SURFACE_CURVE('',#4694,(#4699,#4706),.PCURVE_S1.);
#4694 = CIRCLE('',#4695,2.75);
#4695 = AXIS2_PLACEMENT_3D('',#4696,#4697,#4698);
#4696 = CARTESIAN_POINT('',(193.43502884254,52.,243.43502884254));
#4697 = DIRECTION('',(0.,-1.,2.22044604925E-16));
#4698 = DIRECTION('',(1.,0.,0.));
#4699 = PCURVE('',#4404,#4700);
#4700 = DEFINITIONAL_REPRESENTATION('',(#4701),#4705);
#4701 = CIRCLE('',#4702,2.75);
#4702 = AXIS2_PLACEMENT_2D('',#4703,#4704);
#4703 = CARTESIAN_POINT('',(13.435028842544,13.435028842544));
#4704 = DIRECTION('',(1.,0.));
#4705 = ( GEOMETRIC_REPRESENTATION_CONTEXT(2) 
PARAMETRIC_REPRESENTATION_CONTEXT() REPRESENTATION_CONTEXT('2D SPACE',''
  ) );
#4706 = PCURVE('',#4707,#4712);
#4707 = CYLINDRICAL_SURFACE('',#4708,2.75);
#4708 = AXIS2_PLACEMENT_3D('',#4709,#4710,#4711);
#4709 = CARTESIAN_POINT('',(193.43502884254,59.,243.43502884254));
#4710 = DIRECTION('',(0.,-1.,2.22044604925E-16));
#4711 = DIRECTION('',(1.,0.,0.));
#4712 = DEFINITIONAL_REPRESENTATION('',(#4713),#4717);
#4713 = LINE('',#4714,#4715);
#4714 = CARTESIAN_POINT('',(0.,7.));
#4715 = VECTOR('',#4716,1.);
#4716 = DIRECTION('',(1.,0.));
#4717 = ( GEOMETRIC_REPRESENTATION_CONTEXT(2) 
PARAMETRIC_REPRESENTATION_CONTEXT() REPRESENTATION_CONTEXT('2D SPACE',''
  ) );
#4718 = FACE_BOUND('',#4719,.T.);
#4719 = EDGE_LOOP('',(#4720));
#4720 = ORIENTED_EDGE('',*,*,#4721,.F.);
#4721 = EDGE_CURVE('',#4722,#4722,#4724,.T.);
#4722 = VERTEX_POINT('',#4723);
#4723 = CARTESIAN_POINT('',(253.91067811865,52.,300.71067811865));
#4724 = SURFACE_CURVE('',#4725,(#4730,#4737),.PCURVE_S1.);
#4725 = CIRCLE('',#4726,3.2);
#4726 = AXIS2_PLACEMENT_3D('',#4727,#4728,#4729);
#4727 = CARTESIAN_POINT('',(250.71067811865,52.,300.71067811865));
#4728 = DIRECTION('',(0.,-1.,2.22044604925E-16));
#4729 = DIRECTION('',(1.,0.,0.));
#4730 = PCURVE('',#4404,#4731);
#4731 = DEFINITIONAL_REPRESENTATION('',(#4732),#4736);
#4732 = CIRCLE('',#4733,3.2);
#4733 = AXIS2_PLACEMENT_2D('',#4734,#4735);
#4734 = CARTESIAN_POINT('',(70.710678118655,70.710678118655));
#4735 = DIRECTION('',(1.,0.));
#4736 = ( GEOMETRIC_REPRESENTATION_CONTEXT(2) 
PARAMETRIC_REPRESENTATION_CONTEXT() REPRESENTATION_CONTEXT('2D SPACE',''
  ) );
#4737 = PCURVE('',#4738,#4743);
#4738 = CYLINDRICAL_SURFACE('',#4739,3.2);
#4739 = AXIS2_PLACEMENT_3D('',#4740,#4741,#4742);
#4740 = CARTESIAN_POINT('',(250.71067811865,59.,300.71067811865));
#4741 = DIRECTION('',(0.,-1.,2.22044604925E-16));
#4742 = DIRECTION('',(1.,0.,0.));
#4743 = DEFINITIONAL_REPRESENTATION('',(#4744),#4748);
#4744 = LINE('',#4745,#4746);
#4745 = CARTESIAN_POINT('',(0.,7.));
#4746 = VECTOR('',#4747,1.);
#4747 = DIRECTION('',(1.,0.));
#4748 = ( GEOMETRIC_REPRESENTATION_CONTEXT(2) 
PARAMETRIC_REPRESENTATION_CONTEXT() REPRESENTATION_CONTEXT('2D SPACE',''
  ) );
#4749 = ADVANCED_FACE('',(#4750,#4753,#4779,#4805,#4831,#4857,#4883,
    #4909,#4935,#4961),#4454,.F.);
#4750 = FACE_BOUND('',#4751,.F.);
#4751 = EDGE_LOOP('',(#4752));
#4752 = ORIENTED_EDGE('',*,*,#4439,.T.);
#4753 = FACE_BOUND('',#4754,.F.);
#4754 = EDGE_LOOP('',(#4755));
#4755 = ORIENTED_EDGE('',*,*,#4756,.F.);
#4756 = EDGE_CURVE('',#4757,#4757,#4759,.T.);
#4757 = VERTEX_POINT('',#4758);
#4758 = CARTESIAN_POINT('',(112.48932188134,58.,159.28932188134));
#4759 = SURFACE_CURVE('',#4760,(#4765,#4772),.PCURVE_S1.);
#4760 = CIRCLE('',#4761,3.2);
#4761 = AXIS2_PLACEMENT_3D('',#4762,#4763,#4764);
#4762 = CARTESIAN_POINT('',(109.28932188134,58.,159.28932188134));
#4763 = DIRECTION('',(0.,-1.,2.22044604925E-16));
#4764 = DIRECTION('',(1.,0.,0.));
#4765 = PCURVE('',#4454,#4766);
#4766 = DEFINITIONAL_REPRESENTATION('',(#4767),#4771);
#4767 = CIRCLE('',#4768,3.2);
#4768 = AXIS2_PLACEMENT_2D('',#4769,#4770);
#4769 = CARTESIAN_POINT('',(-70.71067811865,-70.71067811865));
#4770 = DIRECTION('',(1.,0.));
#4771 = ( GEOMETRIC_REPRESENTATION_CONTEXT(2) 
PARAMETRIC_REPRESENTATION_CONTEXT() REPRESENTATION_CONTEXT('2D SPACE',''
  ) );
#4772 = PCURVE('',#4490,#4773);
#4773 = DEFINITIONAL_REPRESENTATION('',(#4774),#4778);
#4774 = LINE('',#4775,#4776);
#4775 = CARTESIAN_POINT('',(0.,1.));
#4776 = VECTOR('',#4777,1.);
#4777 = DIRECTION('',(1.,0.));
#4778 = ( GEOMETRIC_REPRESENTATION_CONTEXT(2) 
PARAMETRIC_REPRESENTATION_CONTEXT() REPRESENTATION_CONTEXT('2D SPACE',''
  ) );
#4779 = FACE_BOUND('',#4780,.F.);
#4780 = EDGE_LOOP('',(#4781));
#4781 = ORIENTED_EDGE('',*,*,#4782,.F.);
#4782 = EDGE_CURVE('',#4783,#4783,#4785,.T.);
#4783 = VERTEX_POINT('',#4784);
#4784 = CARTESIAN_POINT('',(169.31497115745,58.,216.56497115745));
#4785 = SURFACE_CURVE('',#4786,(#4791,#4798),.PCURVE_S1.);
#4786 = CIRCLE('',#4787,2.75);
#4787 = AXIS2_PLACEMENT_3D('',#4788,#4789,#4790);
#4788 = CARTESIAN_POINT('',(166.56497115745,58.,216.56497115745));
#4789 = DIRECTION('',(0.,-1.,2.22044604925E-16));
#4790 = DIRECTION('',(1.,0.,0.));
#4791 = PCURVE('',#4454,#4792);
#4792 = DEFINITIONAL_REPRESENTATION('',(#4793),#4797);
#4793 = CIRCLE('',#4794,2.75);
#4794 = AXIS2_PLACEMENT_2D('',#4795,#4796);
#4795 = CARTESIAN_POINT('',(-13.43502884254,-13.43502884254));
#4796 = DIRECTION('',(1.,0.));
#4797 = ( GEOMETRIC_REPRESENTATION_CONTEXT(2) 
PARAMETRIC_REPRESENTATION_CONTEXT() REPRESENTATION_CONTEXT('2D SPACE',''
  ) );
#4798 = PCURVE('',#4521,#4799);
#4799 = DEFINITIONAL_REPRESENTATION('',(#4800),#4804);
#4800 = LINE('',#4801,#4802);
#4801 = CARTESIAN_POINT('',(0.,1.));
#4802 = VECTOR('',#4803,1.);
#4803 = DIRECTION('',(1.,0.));
#4804 = ( GEOMETRIC_REPRESENTATION_CONTEXT(2) 
PARAMETRIC_REPRESENTATION_CONTEXT() REPRESENTATION_CONTEXT('2D SPACE',''
  ) );
#4805 = FACE_BOUND('',#4806,.F.);
#4806 = EDGE_LOOP('',(#4807));
#4807 = ORIENTED_EDGE('',*,*,#4808,.F.);
#4808 = EDGE_CURVE('',#4809,#4809,#4811,.T.);
#4809 = VERTEX_POINT('',#4810);
#4810 = CARTESIAN_POINT('',(253.91067811865,58.,159.28932188134));
#4811 = SURFACE_CURVE('',#4812,(#4817,#4824),.PCURVE_S1.);
#4812 = CIRCLE('',#4813,3.2);
#4813 = AXIS2_PLACEMENT_3D('',#4814,#4815,#4816);
#4814 = CARTESIAN_POINT('',(250.71067811865,58.,159.28932188134));
#4815 = DIRECTION('',(0.,-1.,2.22044604925E-16));
#4816 = DIRECTION('',(1.,0.,0.));
#4817 = PCURVE('',#4454,#4818);
#4818 = DEFINITIONAL_REPRESENTATION('',(#4819),#4823);
#4819 = CIRCLE('',#4820,3.2);
#4820 = AXIS2_PLACEMENT_2D('',#4821,#4822);
#4821 = CARTESIAN_POINT('',(70.710678118655,-70.71067811865));
#4822 = DIRECTION('',(1.,0.));
#4823 = ( GEOMETRIC_REPRESENTATION_CONTEXT(2) 
PARAMETRIC_REPRESENTATION_CONTEXT() REPRESENTATION_CONTEXT('2D SPACE',''
  ) );
#4824 = PCURVE('',#4552,#4825);
#4825 = DEFINITIONAL_REPRESENTATION('',(#4826),#4830);
#4826 = LINE('',#4827,#4828);
#4827 = CARTESIAN_POINT('',(0.,1.));
#4828 = VECTOR('',#4829,1.);
#4829 = DIRECTION('',(1.,0.));
#4830 = ( GEOMETRIC_REPRESENTATION_CONTEXT(2) 
PARAMETRIC_REPRESENTATION_CONTEXT() REPRESENTATION_CONTEXT('2D SPACE',''
  ) );
#4831 = FACE_BOUND('',#4832,.F.);
#4832 = EDGE_LOOP('',(#4833));
#4833 = ORIENTED_EDGE('',*,*,#4834,.F.);
#4834 = EDGE_CURVE('',#4835,#4835,#4837,.T.);
#4835 = VERTEX_POINT('',#4836);
#4836 = CARTESIAN_POINT('',(196.18502884254,58.,216.56497115745));
#4837 = SURFACE_CURVE('',#4838,(#4843,#4850),.PCURVE_S1.);
#4838 = CIRCLE('',#4839,2.75);
#4839 = AXIS2_PLACEMENT_3D('',#4840,#4841,#4842);
#4840 = CARTESIAN_POINT('',(193.43502884254,58.,216.56497115745));
#4841 = DIRECTION('',(0.,-1.,2.22044604925E-16));
#4842 = DIRECTION('',(1.,0.,0.));
#4843 = PCURVE('',#4454,#4844);
#4844 = DEFINITIONAL_REPRESENTATION('',(#4845),#4849);
#4845 = CIRCLE('',#4846,2.75);
#4846 = AXIS2_PLACEMENT_2D('',#4847,#4848);
#4847 = CARTESIAN_POINT('',(13.435028842544,-13.43502884254));
#4848 = DIRECTION('',(1.,0.));
#4849 = ( GEOMETRIC_REPRESENTATION_CONTEXT(2) 
PARAMETRIC_REPRESENTATION_CONTEXT() REPRESENTATION_CONTEXT('2D SPACE',''
  ) );
#4850 = PCURVE('',#4583,#4851);
#4851 = DEFINITIONAL_REPRESENTATION('',(#4852),#4856);
#4852 = LINE('',#4853,#4854);
#4853 = CARTESIAN_POINT('',(0.,1.));
#4854 = VECTOR('',#4855,1.);
#4855 = DIRECTION('',(1.,0.));
#4856 = ( GEOMETRIC_REPRESENTATION_CONTEXT(2) 
PARAMETRIC_REPRESENTATION_CONTEXT() REPRESENTATION_CONTEXT('2D SPACE',''
  ) );
#4857 = FACE_BOUND('',#4858,.F.);
#4858 = EDGE_LOOP('',(#4859));
#4859 = ORIENTED_EDGE('',*,*,#4860,.F.);
#4860 = EDGE_CURVE('',#4861,#4861,#4863,.T.);
#4861 = VERTEX_POINT('',#4862);
#4862 = CARTESIAN_POINT('',(169.31497115745,58.,243.43502884254));
#4863 = SURFACE_CURVE('',#4864,(#4869,#4876),.PCURVE_S1.);
#4864 = CIRCLE('',#4865,2.75);
#4865 = AXIS2_PLACEMENT_3D('',#4866,#4867,#4868);
#4866 = CARTESIAN_POINT('',(166.56497115745,58.,243.43502884254));
#4867 = DIRECTION('',(0.,-1.,2.22044604925E-16));
#4868 = DIRECTION('',(1.,0.,0.));
#4869 = PCURVE('',#4454,#4870);
#4870 = DEFINITIONAL_REPRESENTATION('',(#4871),#4875);
#4871 = CIRCLE('',#4872,2.75);
#4872 = AXIS2_PLACEMENT_2D('',#4873,#4874);
#4873 = CARTESIAN_POINT('',(-13.43502884254,13.435028842544));
#4874 = DIRECTION('',(1.,0.));
#4875 = ( GEOMETRIC_REPRESENTATION_CONTEXT(2) 
PARAMETRIC_REPRESENTATION_CONTEXT() REPRESENTATION_CONTEXT('2D SPACE',''
  ) );
#4876 = PCURVE('',#4614,#4877);
#4877 = DEFINITIONAL_REPRESENTATION('',(#4878),#4882);
#4878 = LINE('',#4879,#4880);
#4879 = CARTESIAN_POINT('',(0.,1.));
#4880 = VECTOR('',#4881,1.);
#4881 = DIRECTION('',(1.,0.));
#4882 = ( GEOMETRIC_REPRESENTATION_CONTEXT(2) 
PARAMETRIC_REPRESENTATION_CONTEXT() REPRESENTATION_CONTEXT('2D SPACE',''
  ) );
#4883 = FACE_BOUND('',#4884,.F.);
#4884 = EDGE_LOOP('',(#4885));
#4885 = ORIENTED_EDGE('',*,*,#4886,.F.);
#4886 = EDGE_CURVE('',#4887,#4887,#4889,.T.);
#4887 = VERTEX_POINT('',#4888);
#4888 = CARTESIAN_POINT('',(112.48932188134,58.,300.71067811865));
#4889 = SURFACE_CURVE('',#4890,(#4895,#4902),.PCURVE_S1.);
#4890 = CIRCLE('',#4891,3.2);
#4891 = AXIS2_PLACEMENT_3D('',#4892,#4893,#4894);
#4892 = CARTESIAN_POINT('',(109.28932188134,58.,300.71067811865));
#4893 = DIRECTION('',(0.,-1.,2.22044604925E-16));
#4894 = DIRECTION('',(1.,0.,0.));
#4895 = PCURVE('',#4454,#4896);
#4896 = DEFINITIONAL_REPRESENTATION('',(#4897),#4901);
#4897 = CIRCLE('',#4898,3.2);
#4898 = AXIS2_PLACEMENT_2D('',#4899,#4900);
#4899 = CARTESIAN_POINT('',(-70.71067811865,70.710678118655));
#4900 = DIRECTION('',(1.,0.));
#4901 = ( GEOMETRIC_REPRESENTATION_CONTEXT(2) 
PARAMETRIC_REPRESENTATION_CONTEXT() REPRESENTATION_CONTEXT('2D SPACE',''
  ) );
#4902 = PCURVE('',#4645,#4903);
#4903 = DEFINITIONAL_REPRESENTATION('',(#4904),#4908);
#4904 = LINE('',#4905,#4906);
#4905 = CARTESIAN_POINT('',(0.,1.));
#4906 = VECTOR('',#4907,1.);
#4907 = DIRECTION('',(1.,0.));
#4908 = ( GEOMETRIC_REPRESENTATION_CONTEXT(2) 
PARAMETRIC_REPRESENTATION_CONTEXT() REPRESENTATION_CONTEXT('2D SPACE',''
  ) );
#4909 = FACE_BOUND('',#4910,.F.);
#4910 = EDGE_LOOP('',(#4911));
#4911 = ORIENTED_EDGE('',*,*,#4912,.F.);
#4912 = EDGE_CURVE('',#4913,#4913,#4915,.T.);
#4913 = VERTEX_POINT('',#4914);
#4914 = CARTESIAN_POINT('',(190.2,58.,230.));
#4915 = SURFACE_CURVE('',#4916,(#4921,#4928),.PCURVE_S1.);
#4916 = CIRCLE('',#4917,10.2);
#4917 = AXIS2_PLACEMENT_3D('',#4918,#4919,#4920);
#4918 = CARTESIAN_POINT('',(180.,58.,230.));
#4919 = DIRECTION('',(0.,-1.,2.22044604925E-16));
#4920 = DIRECTION('',(1.,0.,0.));
#4921 = PCURVE('',#4454,#4922);
#4922 = DEFINITIONAL_REPRESENTATION('',(#4923),#4927);
#4923 = CIRCLE('',#4924,10.2);
#4924 = AXIS2_PLACEMENT_2D('',#4925,#4926);
#4925 = CARTESIAN_POINT('',(0.,0.));
#4926 = DIRECTION('',(1.,0.));
#4927 = ( GEOMETRIC_REPRESENTATION_CONTEXT(2) 
PARAMETRIC_REPRESENTATION_CONTEXT() REPRESENTATION_CONTEXT('2D SPACE',''
  ) );
#4928 = PCURVE('',#4676,#4929);
#4929 = DEFINITIONAL_REPRESENTATION('',(#4930),#4934);
#4930 = LINE('',#4931,#4932);
#4931 = CARTESIAN_POINT('',(0.,1.));
#4932 = VECTOR('',#4933,1.);
#4933 = DIRECTION('',(1.,0.));
#4934 = ( GEOMETRIC_REPRESENTATION_CONTEXT(2) 
PARAMETRIC_REPRESENTATION_CONTEXT() REPRESENTATION_CONTEXT('2D SPACE',''
  ) );
#4935 = FACE_BOUND('',#4936,.F.);
#4936 = EDGE_LOOP('',(#4937));
#4937 = ORIENTED_EDGE('',*,*,#4938,.F.);
#4938 = EDGE_CURVE('',#4939,#4939,#4941,.T.);
#4939 = VERTEX_POINT('',#4940);
#4940 = CARTESIAN_POINT('',(196.18502884254,58.,243.43502884254));
#4941 = SURFACE_CURVE('',#4942,(#4947,#4954),.PCURVE_S1.);
#4942 = CIRCLE('',#4943,2.75);
#4943 = AXIS2_PLACEMENT_3D('',#4944,#4945,#4946);
#4944 = CARTESIAN_POINT('',(193.43502884254,58.,243.43502884254));
#4945 = DIRECTION('',(0.,-1.,2.22044604925E-16));
#4946 = DIRECTION('',(1.,0.,0.));
#4947 = PCURVE('',#4454,#4948);
#4948 = DEFINITIONAL_REPRESENTATION('',(#4949),#4953);
#4949 = CIRCLE('',#4950,2.75);
#4950 = AXIS2_PLACEMENT_2D('',#4951,#4952);
#4951 = CARTESIAN_POINT('',(13.435028842544,13.435028842544));
#4952 = DIRECTION('',(1.,0.));
#4953 = ( GEOMETRIC_REPRESENTATION_CONTEXT(2) 
PARAMETRIC_REPRESENTATION_CONTEXT() REPRESENTATION_CONTEXT('2D SPACE',''
  ) );
#4954 = PCURVE('',#4707,#4955);
#4955 = DEFINITIONAL_REPRESENTATION('',(#4956),#4960);
#4956 = LINE('',#4957,#4958);
#4957 = CARTESIAN_POINT('',(0.,1.));
#4958 = VECTOR('',#4959,1.);
#4959 = DIRECTION('',(1.,0.));
#4960 = ( GEOMETRIC_REPRESENTATION_CONTEXT(2) 
PARAMETRIC_REPRESENTATION_CONTEXT() REPRESENTATION_CONTEXT('2D SPACE',''
  ) );
#4961 = FACE_BOUND('',#4962,.F.);
#4962 = EDGE_LOOP('',(#4963));
#4963 = ORIENTED_EDGE('',*,*,#4964,.F.);
#4964 = EDGE_CURVE('',#4965,#4965,#4967,.T.);
#4965 = VERTEX_POINT('',#4966);
#4966 = CARTESIAN_POINT('',(253.91067811865,58.,300.71067811865));
#4967 = SURFACE_CURVE('',#4968,(#4973,#4980),.PCURVE_S1.);
#4968 = CIRCLE('',#4969,3.2);
#4969 = AXIS2_PLACEMENT_3D('',#4970,#4971,#4972);
#4970 = CARTESIAN_POINT('',(250.71067811865,58.,300.71067811865));
#4971 = DIRECTION('',(0.,-1.,2.22044604925E-16));
#4972 = DIRECTION('',(1.,0.,0.));
#4973 = PCURVE('',#4454,#4974);
#4974 = DEFINITIONAL_REPRESENTATION('',(#4975),#4979);
#4975 = CIRCLE('',#4976,3.2);
#4976 = AXIS2_PLACEMENT_2D('',#4977,#4978);
#4977 = CARTESIAN_POINT('',(70.710678118655,70.710678118655));
#4978 = DIRECTION('',(1.,0.));
#4979 = ( GEOMETRIC_REPRESENTATION_CONTEXT(2) 
PARAMETRIC_REPRESENTATION_CONTEXT() REPRESENTATION_CONTEXT('2D SPACE',''
  ) );
#4980 = PCURVE('',#4738,#4981);
#4981 = DEFINITIONAL_REPRESENTATION('',(#4982),#4986);
#4982 = LINE('',#4983,#4984);
#4983 = CARTESIAN_POINT('',(0.,1.));
#4984 = VECTOR('',#4985,1.);
#4985 = DIRECTION('',(1.,0.));
#4986 = ( GEOMETRIC_REPRESENTATION_CONTEXT(2) 
PARAMETRIC_REPRESENTATION_CONTEXT() REPRESENTATION_CONTEXT('2D SPACE',''
  ) );
#4987 = ADVANCED_FACE('',(#4988),#4490,.F.);
#4988 = FACE_BOUND('',#4989,.F.);
#4989 = EDGE_LOOP('',(#4990,#4991,#5012,#5013));
#4990 = ORIENTED_EDGE('',*,*,#4473,.F.);
#4991 = ORIENTED_EDGE('',*,*,#4992,.F.);
#4992 = EDGE_CURVE('',#4757,#4474,#4993,.T.);
#4993 = SEAM_CURVE('',#4994,(#4998,#5005),.PCURVE_S1.);
#4994 = LINE('',#4995,#4996);
#4995 = CARTESIAN_POINT('',(112.48932188134,59.,159.28932188134));
#4996 = VECTOR('',#4997,1.);
#4997 = DIRECTION('',(0.,-1.,2.22044604925E-16));
#4998 = PCURVE('',#4490,#4999);
#4999 = DEFINITIONAL_REPRESENTATION('',(#5000),#5004);
#5000 = LINE('',#5001,#5002);
#5001 = CARTESIAN_POINT('',(6.28318530718,-0.));
#5002 = VECTOR('',#5003,1.);
#5003 = DIRECTION('',(0.,1.));
#5004 = ( GEOMETRIC_REPRESENTATION_CONTEXT(2) 
PARAMETRIC_REPRESENTATION_CONTEXT() REPRESENTATION_CONTEXT('2D SPACE',''
  ) );
#5005 = PCURVE('',#4490,#5006);
#5006 = DEFINITIONAL_REPRESENTATION('',(#5007),#5011);
#5007 = LINE('',#5008,#5009);
#5008 = CARTESIAN_POINT('',(0.,-0.));
#5009 = VECTOR('',#5010,1.);
#5010 = DIRECTION('',(0.,1.));
#5011 = ( GEOMETRIC_REPRESENTATION_CONTEXT(2) 
PARAMETRIC_REPRESENTATION_CONTEXT() REPRESENTATION_CONTEXT('2D SPACE',''
  ) );
#5012 = ORIENTED_EDGE('',*,*,#4756,.T.);
#5013 = ORIENTED_EDGE('',*,*,#4992,.T.);
#5014 = ADVANCED_FACE('',(#5015),#4521,.F.);
#5015 = FACE_BOUND('',#5016,.F.);
#5016 = EDGE_LOOP('',(#5017,#5018,#5039,#5040));
#5017 = ORIENTED_EDGE('',*,*,#4504,.F.);
#5018 = ORIENTED_EDGE('',*,*,#5019,.F.);
#5019 = EDGE_CURVE('',#4783,#4505,#5020,.T.);
#5020 = SEAM_CURVE('',#5021,(#5025,#5032),.PCURVE_S1.);
#5021 = LINE('',#5022,#5023);
#5022 = CARTESIAN_POINT('',(169.31497115745,59.,216.56497115745));
#5023 = VECTOR('',#5024,1.);
#5024 = DIRECTION('',(0.,-1.,2.22044604925E-16));
#5025 = PCURVE('',#4521,#5026);
#5026 = DEFINITIONAL_REPRESENTATION('',(#5027),#5031);
#5027 = LINE('',#5028,#5029);
#5028 = CARTESIAN_POINT('',(6.28318530718,-0.));
#5029 = VECTOR('',#5030,1.);
#5030 = DIRECTION('',(0.,1.));
#5031 = ( GEOMETRIC_REPRESENTATION_CONTEXT(2) 
PARAMETRIC_REPRESENTATION_CONTEXT() REPRESENTATION_CONTEXT('2D SPACE',''
  ) );
#5032 = PCURVE('',#4521,#5033);
#5033 = DEFINITIONAL_REPRESENTATION('',(#5034),#5038);
#5034 = LINE('',#5035,#5036);
#5035 = CARTESIAN_POINT('',(0.,-0.));
#5036 = VECTOR('',#5037,1.);
#5037 = DIRECTION('',(0.,1.));
#5038 = ( GEOMETRIC_REPRESENTATION_CONTEXT(2) 
PARAMETRIC_REPRESENTATION_CONTEXT() REPRESENTATION_CONTEXT('2D SPACE',''
  ) );
#5039 = ORIENTED_EDGE('',*,*,#4782,.T.);
#5040 = ORIENTED_EDGE('',*,*,#5019,.T.);
#5041 = ADVANCED_FACE('',(#5042),#4552,.F.);
#5042 = FACE_BOUND('',#5043,.F.);
#5043 = EDGE_LOOP('',(#5044,#5045,#5066,#5067));
#5044 = ORIENTED_EDGE('',*,*,#4535,.F.);
#5045 = ORIENTED_EDGE('',*,*,#5046,.F.);
#5046 = EDGE_CURVE('',#4809,#4536,#5047,.T.);
#5047 = SEAM_CURVE('',#5048,(#5052,#5059),.PCURVE_S1.);
#5048 = LINE('',#5049,#5050);
#5049 = CARTESIAN_POINT('',(253.91067811865,59.,159.28932188134));
#5050 = VECTOR('',#5051,1.);
#5051 = DIRECTION('',(0.,-1.,2.22044604925E-16));
#5052 = PCURVE('',#4552,#5053);
#5053 = DEFINITIONAL_REPRESENTATION('',(#5054),#5058);
#5054 = LINE('',#5055,#5056);
#5055 = CARTESIAN_POINT('',(6.28318530718,-0.));
#5056 = VECTOR('',#5057,1.);
#5057 = DIRECTION('',(0.,1.));
#5058 = ( GEOMETRIC_REPRESENTATION_CONTEXT(2) 
PARAMETRIC_REPRESENTATION_CONTEXT() REPRESENTATION_CONTEXT('2D SPACE',''
  ) );
#5059 = PCURVE('',#4552,#5060);
#5060 = DEFINITIONAL_REPRESENTATION('',(#5061),#5065);
#5061 = LINE('',#5062,#5063);
#5062 = CARTESIAN_POINT('',(0.,-0.));
#5063 = VECTOR('',#5064,1.);
#5064 = DIRECTION('',(0.,1.));
#5065 = ( GEOMETRIC_REPRESENTATION_CONTEXT(2) 
PARAMETRIC_REPRESENTATION_CONTEXT() REPRESENTATION_CONTEXT('2D SPACE',''
  ) );
#5066 = ORIENTED_EDGE('',*,*,#4808,.T.);
#5067 = ORIENTED_EDGE('',*,*,#5046,.T.);
#5068 = ADVANCED_FACE('',(#5069),#4583,.F.);
#5069 = FACE_BOUND('',#5070,.F.);
#5070 = EDGE_LOOP('',(#5071,#5072,#5093,#5094));
#5071 = ORIENTED_EDGE('',*,*,#4566,.F.);
#5072 = ORIENTED_EDGE('',*,*,#5073,.F.);
#5073 = EDGE_CURVE('',#4835,#4567,#5074,.T.);
#5074 = SEAM_CURVE('',#5075,(#5079,#5086),.PCURVE_S1.);
#5075 = LINE('',#5076,#5077);
#5076 = CARTESIAN_POINT('',(196.18502884254,59.,216.56497115745));
#5077 = VECTOR('',#5078,1.);
#5078 = DIRECTION('',(0.,-1.,2.22044604925E-16));
#5079 = PCURVE('',#4583,#5080);
#5080 = DEFINITIONAL_REPRESENTATION('',(#5081),#5085);
#5081 = LINE('',#5082,#5083);
#5082 = CARTESIAN_POINT('',(6.28318530718,-0.));
#5083 = VECTOR('',#5084,1.);
#5084 = DIRECTION('',(0.,1.));
#5085 = ( GEOMETRIC_REPRESENTATION_CONTEXT(2) 
PARAMETRIC_REPRESENTATION_CONTEXT() REPRESENTATION_CONTEXT('2D SPACE',''
  ) );
#5086 = PCURVE('',#4583,#5087);
#5087 = DEFINITIONAL_REPRESENTATION('',(#5088),#5092);
#5088 = LINE('',#5089,#5090);
#5089 = CARTESIAN_POINT('',(0.,-0.));
#5090 = VECTOR('',#5091,1.);
#5091 = DIRECTION('',(0.,1.));
#5092 = ( GEOMETRIC_REPRESENTATION_CONTEXT(2) 
PARAMETRIC_REPRESENTATION_CONTEXT() REPRESENTATION_CONTEXT('2D SPACE',''
  ) );
#5093 = ORIENTED_EDGE('',*,*,#4834,.T.);
#5094 = ORIENTED_EDGE('',*,*,#5073,.T.);
#5095 = ADVANCED_FACE('',(#5096),#4614,.F.);
#5096 = FACE_BOUND('',#5097,.F.);
#5097 = EDGE_LOOP('',(#5098,#5099,#5120,#5121));
#5098 = ORIENTED_EDGE('',*,*,#4597,.F.);
#5099 = ORIENTED_EDGE('',*,*,#5100,.F.);
#5100 = EDGE_CURVE('',#4861,#4598,#5101,.T.);
#5101 = SEAM_CURVE('',#5102,(#5106,#5113),.PCURVE_S1.);
#5102 = LINE('',#5103,#5104);
#5103 = CARTESIAN_POINT('',(169.31497115745,59.,243.43502884254));
#5104 = VECTOR('',#5105,1.);
#5105 = DIRECTION('',(0.,-1.,2.22044604925E-16));
#5106 = PCURVE('',#4614,#5107);
#5107 = DEFINITIONAL_REPRESENTATION('',(#5108),#5112);
#5108 = LINE('',#5109,#5110);
#5109 = CARTESIAN_POINT('',(6.28318530718,-0.));
#5110 = VECTOR('',#5111,1.);
#5111 = DIRECTION('',(0.,1.));
#5112 = ( GEOMETRIC_REPRESENTATION_CONTEXT(2) 
PARAMETRIC_REPRESENTATION_CONTEXT() REPRESENTATION_CONTEXT('2D SPACE',''
  ) );
#5113 = PCURVE('',#4614,#5114);
#5114 = DEFINITIONAL_REPRESENTATION('',(#5115),#5119);
#5115 = LINE('',#5116,#5117);
#5116 = CARTESIAN_POINT('',(0.,-0.));
#5117 = VECTOR('',#5118,1.);
#5118 = DIRECTION('',(0.,1.));
#5119 = ( GEOMETRIC_REPRESENTATION_CONTEXT(2) 
PARAMETRIC_REPRESENTATION_CONTEXT() REPRESENTATION_CONTEXT('2D SPACE',''
  ) );
#5120 = ORIENTED_EDGE('',*,*,#4860,.T.);
#5121 = ORIENTED_EDGE('',*,*,#5100,.T.);
#5122 = ADVANCED_FACE('',(#5123),#4645,.F.);
#5123 = FACE_BOUND('',#5124,.F.);
#5124 = EDGE_LOOP('',(#5125,#5126,#5147,#5148));
#5125 = ORIENTED_EDGE('',*,*,#4628,.F.);
#5126 = ORIENTED_EDGE('',*,*,#5127,.F.);
#5127 = EDGE_CURVE('',#4887,#4629,#5128,.T.);
#5128 = SEAM_CURVE('',#5129,(#5133,#5140),.PCURVE_S1.);
#5129 = LINE('',#5130,#5131);
#5130 = CARTESIAN_POINT('',(112.48932188134,59.,300.71067811865));
#5131 = VECTOR('',#5132,1.);
#5132 = DIRECTION('',(0.,-1.,2.22044604925E-16));
#5133 = PCURVE('',#4645,#5134);
#5134 = DEFINITIONAL_REPRESENTATION('',(#5135),#5139);
#5135 = LINE('',#5136,#5137);
#5136 = CARTESIAN_POINT('',(6.28318530718,-0.));
#5137 = VECTOR('',#5138,1.);
#5138 = DIRECTION('',(0.,1.));
#5139 = ( GEOMETRIC_REPRESENTATION_CONTEXT(2) 
PARAMETRIC_REPRESENTATION_CONTEXT() REPRESENTATION_CONTEXT('2D SPACE',''
  ) );
#5140 = PCURVE('',#4645,#5141);
#5141 = DEFINITIONAL_REPRESENTATION('',(#5142),#5146);
#5142 = LINE('',#5143,#5144);
#5143 = CARTESIAN_POINT('',(0.,-0.));
#5144 = VECTOR('',#5145,1.);
#5145 = DIRECTION('',(0.,1.));
#5146 = ( GEOMETRIC_REPRESENTATION_CONTEXT(2) 
PARAMETRIC_REPRESENTATION_CONTEXT() REPRESENTATION_CONTEXT('2D SPACE',''
  ) );
#5147 = ORIENTED_EDGE('',*,*,#4886,.T.);
#5148 = ORIENTED_EDGE('',*,*,#5127,.T.);
#5149 = ADVANCED_FACE('',(#5150),#4676,.F.);
#5150 = FACE_BOUND('',#5151,.F.);
#5151 = EDGE_LOOP('',(#5152,#5153,#5174,#5175));
#5152 = ORIENTED_EDGE('',*,*,#4659,.F.);
#5153 = ORIENTED_EDGE('',*,*,#5154,.F.);
#5154 = EDGE_CURVE('',#4913,#4660,#5155,.T.);
#5155 = SEAM_CURVE('',#5156,(#5160,#5167),.PCURVE_S1.);
#5156 = LINE('',#5157,#5158);
#5157 = CARTESIAN_POINT('',(190.2,59.,230.));
#5158 = VECTOR('',#5159,1.);
#5159 = DIRECTION('',(0.,-1.,2.22044604925E-16));
#5160 = PCURVE('',#4676,#5161);
#5161 = DEFINITIONAL_REPRESENTATION('',(#5162),#5166);
#5162 = LINE('',#5163,#5164);
#5163 = CARTESIAN_POINT('',(6.28318530718,-0.));
#5164 = VECTOR('',#5165,1.);
#5165 = DIRECTION('',(0.,1.));
#5166 = ( GEOMETRIC_REPRESENTATION_CONTEXT(2) 
PARAMETRIC_REPRESENTATION_CONTEXT() REPRESENTATION_CONTEXT('2D SPACE',''
  ) );
#5167 = PCURVE('',#4676,#5168);
#5168 = DEFINITIONAL_REPRESENTATION('',(#5169),#5173);
#5169 = LINE('',#5170,#5171);
#5170 = CARTESIAN_POINT('',(0.,-0.));
#5171 = VECTOR('',#5172,1.);
#5172 = DIRECTION('',(0.,1.));
#5173 = ( GEOMETRIC_REPRESENTATION_CONTEXT(2) 
PARAMETRIC_REPRESENTATION_CONTEXT() REPRESENTATION_CONTEXT('2D SPACE',''
  ) );
#5174 = ORIENTED_EDGE('',*,*,#4912,.T.);
#5175 = ORIENTED_EDGE('',*,*,#5154,.T.);
#5176 = ADVANCED_FACE('',(#5177),#4707,.F.);
#5177 = FACE_BOUND('',#5178,.F.);
#5178 = EDGE_LOOP('',(#5179,#5180,#5201,#5202));
#5179 = ORIENTED_EDGE('',*,*,#4690,.F.);
#5180 = ORIENTED_EDGE('',*,*,#5181,.F.);
#5181 = EDGE_CURVE('',#4939,#4691,#5182,.T.);
#5182 = SEAM_CURVE('',#5183,(#5187,#5194),.PCURVE_S1.);
#5183 = LINE('',#5184,#5185);
#5184 = CARTESIAN_POINT('',(196.18502884254,59.,243.43502884254));
#5185 = VECTOR('',#5186,1.);
#5186 = DIRECTION('',(0.,-1.,2.22044604925E-16));
#5187 = PCURVE('',#4707,#5188);
#5188 = DEFINITIONAL_REPRESENTATION('',(#5189),#5193);
#5189 = LINE('',#5190,#5191);
#5190 = CARTESIAN_POINT('',(6.28318530718,-0.));
#5191 = VECTOR('',#5192,1.);
#5192 = DIRECTION('',(0.,1.));
#5193 = ( GEOMETRIC_REPRESENTATION_CONTEXT(2) 
PARAMETRIC_REPRESENTATION_CONTEXT() REPRESENTATION_CONTEXT('2D SPACE',''
  ) );
#5194 = PCURVE('',#4707,#5195);
#5195 = DEFINITIONAL_REPRESENTATION('',(#5196),#5200);
#5196 = LINE('',#5197,#5198);
#5197 = CARTESIAN_POINT('',(0.,-0.));
#5198 = VECTOR('',#5199,1.);
#5199 = DIRECTION('',(0.,1.));
#5200 = ( GEOMETRIC_REPRESENTATION_CONTEXT(2) 
PARAMETRIC_REPRESENTATION_CONTEXT() REPRESENTATION_CONTEXT('2D SPACE',''
  ) );
#5201 = ORIENTED_EDGE('',*,*,#4938,.T.);
#5202 = ORIENTED_EDGE('',*,*,#5181,.T.);
#5203 = ADVANCED_FACE('',(#5204),#4738,.F.);
#5204 = FACE_BOUND('',#5205,.F.);
#5205 = EDGE_LOOP('',(#5206,#5207,#5228,#5229));
#5206 = ORIENTED_EDGE('',*,*,#4721,.F.);
#5207 = ORIENTED_EDGE('',*,*,#5208,.F.);
#5208 = EDGE_CURVE('',#4965,#4722,#5209,.T.);
#5209 = SEAM_CURVE('',#5210,(#5214,#5221),.PCURVE_S1.);
#5210 = LINE('',#5211,#5212);
#5211 = CARTESIAN_POINT('',(253.91067811865,59.,300.71067811865));
#5212 = VECTOR('',#5213,1.);
#5213 = DIRECTION('',(0.,-1.,2.22044604925E-16));
#5214 = PCURVE('',#4738,#5215);
#5215 = DEFINITIONAL_REPRESENTATION('',(#5216),#5220);
#5216 = LINE('',#5217,#5218);
#5217 = CARTESIAN_POINT('',(6.28318530718,-0.));
#5218 = VECTOR('',#5219,1.);
#5219 = DIRECTION('',(0.,1.));
#5220 = ( GEOMETRIC_REPRESENTATION_CONTEXT(2) 
PARAMETRIC_REPRESENTATION_CONTEXT() REPRESENTATION_CONTEXT('2D SPACE',''
  ) );
#5221 = PCURVE('',#4738,#5222);
#5222 = DEFINITIONAL_REPRESENTATION('',(#5223),#5227);
#5223 = LINE('',#5224,#5225);
#5224 = CARTESIAN_POINT('',(0.,-0.));
#5225 = VECTOR('',#5226,1.);
#5226 = DIRECTION('',(0.,1.));
#5227 = ( GEOMETRIC_REPRESENTATION_CONTEXT(2) 
PARAMETRIC_REPRESENTATION_CONTEXT() REPRESENTATION_CONTEXT('2D SPACE',''
  ) );
#5228 = ORIENTED_EDGE('',*,*,#4964,.T.);
#5229 = ORIENTED_EDGE('',*,*,#5208,.T.);
#5230 = MANIFOLD_SOLID_BREP('',#5231);
#5231 = CLOSED_SHELL('',(#5232,#5320,#5603,#5841,#5868,#5895,#5922,#5949
    ,#5976,#6003,#6030,#6057));
#5232 = ADVANCED_FACE('',(#5233),#5246,.T.);
#5233 = FACE_BOUND('',#5234,.T.);
#5234 = EDGE_LOOP('',(#5235,#5269,#5292,#5319));
#5235 = ORIENTED_EDGE('',*,*,#5236,.F.);
#5236 = EDGE_CURVE('',#5237,#5237,#5239,.T.);
#5237 = VERTEX_POINT('',#5238);
#5238 = CARTESIAN_POINT('',(340.,-58.,230.));
#5239 = SURFACE_CURVE('',#5240,(#5245,#5257),.PCURVE_S1.);
#5240 = CIRCLE('',#5241,160.);
#5241 = AXIS2_PLACEMENT_3D('',#5242,#5243,#5244);
#5242 = CARTESIAN_POINT('',(180.,-58.,230.));
#5243 = DIRECTION('',(0.,-1.,2.22044604925E-16));
#5244 = DIRECTION('',(1.,0.,0.));
#5245 = PCURVE('',#5246,#5251);
#5246 = CYLINDRICAL_SURFACE('',#5247,160.);
#5247 = AXIS2_PLACEMENT_3D('',#5248,#5249,#5250);
#5248 = CARTESIAN_POINT('',(180.,-52.,230.));
#5249 = DIRECTION('',(0.,-1.,2.22044604925E-16));
#5250 = DIRECTION('',(1.,0.,0.));
#5251 = DEFINITIONAL_REPRESENTATION('',(#5252),#5256);
#5252 = LINE('',#5253,#5254);
#5253 = CARTESIAN_POINT('',(0.,6.));
#5254 = VECTOR('',#5255,1.);
#5255 = DIRECTION('',(1.,0.));
#5256 = ( GEOMETRIC_REPRESENTATION_CONTEXT(2) 
PARAMETRIC_REPRESENTATION_CONTEXT() REPRESENTATION_CONTEXT('2D SPACE',''
  ) );
#5257 = PCURVE('',#5258,#5263);
#5258 = PLANE('',#5259);
#5259 = AXIS2_PLACEMENT_3D('',#5260,#5261,#5262);
#5260 = CARTESIAN_POINT('',(180.,-58.,230.));
#5261 = DIRECTION('',(0.,-1.,2.22044604925E-16));
#5262 = DIRECTION('',(1.,0.,0.));
#5263 = DEFINITIONAL_REPRESENTATION('',(#5264),#5268);
#5264 = CIRCLE('',#5265,160.);
#5265 = AXIS2_PLACEMENT_2D('',#5266,#5267);
#5266 = CARTESIAN_POINT('',(0.,0.));
#5267 = DIRECTION('',(1.,0.));
#5268 = ( GEOMETRIC_REPRESENTATION_CONTEXT(2) 
PARAMETRIC_REPRESENTATION_CONTEXT() REPRESENTATION_CONTEXT('2D SPACE',''
  ) );
#5269 = ORIENTED_EDGE('',*,*,#5270,.F.);
#5270 = EDGE_CURVE('',#5271,#5237,#5273,.T.);
#5271 = VERTEX_POINT('',#5272);
#5272 = CARTESIAN_POINT('',(340.,-52.,230.));
#5273 = SEAM_CURVE('',#5274,(#5278,#5285),.PCURVE_S1.);
#5274 = LINE('',#5275,#5276);
#5275 = CARTESIAN_POINT('',(340.,-52.,230.));
#5276 = VECTOR('',#5277,1.);
#5277 = DIRECTION('',(0.,-1.,2.22044604925E-16));
#5278 = PCURVE('',#5246,#5279);
#5279 = DEFINITIONAL_REPRESENTATION('',(#5280),#5284);
#5280 = LINE('',#5281,#5282);
#5281 = CARTESIAN_POINT('',(6.28318530718,-0.));
#5282 = VECTOR('',#5283,1.);
#5283 = DIRECTION('',(0.,1.));
#5284 = ( GEOMETRIC_REPRESENTATION_CONTEXT(2) 
PARAMETRIC_REPRESENTATION_CONTEXT() REPRESENTATION_CONTEXT('2D SPACE',''
  ) );
#5285 = PCURVE('',#5246,#5286);
#5286 = DEFINITIONAL_REPRESENTATION('',(#5287),#5291);
#5287 = LINE('',#5288,#5289);
#5288 = CARTESIAN_POINT('',(0.,-0.));
#5289 = VECTOR('',#5290,1.);
#5290 = DIRECTION('',(0.,1.));
#5291 = ( GEOMETRIC_REPRESENTATION_CONTEXT(2) 
PARAMETRIC_REPRESENTATION_CONTEXT() REPRESENTATION_CONTEXT('2D SPACE',''
  ) );
#5292 = ORIENTED_EDGE('',*,*,#5293,.T.);
#5293 = EDGE_CURVE('',#5271,#5271,#5294,.T.);
#5294 = SURFACE_CURVE('',#5295,(#5300,#5307),.PCURVE_S1.);
#5295 = CIRCLE('',#5296,160.);
#5296 = AXIS2_PLACEMENT_3D('',#5297,#5298,#5299);
#5297 = CARTESIAN_POINT('',(180.,-52.,230.));
#5298 = DIRECTION('',(0.,-1.,2.22044604925E-16));
#5299 = DIRECTION('',(1.,0.,0.));
#5300 = PCURVE('',#5246,#5301);
#5301 = DEFINITIONAL_REPRESENTATION('',(#5302),#5306);
#5302 = LINE('',#5303,#5304);
#5303 = CARTESIAN_POINT('',(0.,0.));
#5304 = VECTOR('',#5305,1.);
#5305 = DIRECTION('',(1.,0.));
#5306 = ( GEOMETRIC_REPRESENTATION_CONTEXT(2) 
PARAMETRIC_REPRESENTATION_CONTEXT() REPRESENTATION_CONTEXT('2D SPACE',''
  ) );
#5307 = PCURVE('',#5308,#5313);
#5308 = PLANE('',#5309);
#5309 = AXIS2_PLACEMENT_3D('',#5310,#5311,#5312);
#5310 = CARTESIAN_POINT('',(180.,-52.,230.));
#5311 = DIRECTION('',(0.,-1.,2.22044604925E-16));
#5312 = DIRECTION('',(1.,0.,0.));
#5313 = DEFINITIONAL_REPRESENTATION('',(#5314),#5318);
#5314 = CIRCLE('',#5315,160.);
#5315 = AXIS2_PLACEMENT_2D('',#5316,#5317);
#5316 = CARTESIAN_POINT('',(0.,0.));
#5317 = DIRECTION('',(1.,0.));
#5318 = ( GEOMETRIC_REPRESENTATION_CONTEXT(2) 
PARAMETRIC_REPRESENTATION_CONTEXT() REPRESENTATION_CONTEXT('2D SPACE',''
  ) );
#5319 = ORIENTED_EDGE('',*,*,#5270,.T.);
#5320 = ADVANCED_FACE('',(#5321,#5324,#5355,#5386,#5417,#5448,#5479,
    #5510,#5541,#5572),#5258,.T.);
#5321 = FACE_BOUND('',#5322,.T.);
#5322 = EDGE_LOOP('',(#5323));
#5323 = ORIENTED_EDGE('',*,*,#5236,.T.);
#5324 = FACE_BOUND('',#5325,.T.);
#5325 = EDGE_LOOP('',(#5326));
#5326 = ORIENTED_EDGE('',*,*,#5327,.F.);
#5327 = EDGE_CURVE('',#5328,#5328,#5330,.T.);
#5328 = VERTEX_POINT('',#5329);
#5329 = CARTESIAN_POINT('',(112.48932188134,-58.,159.28932188134));
#5330 = SURFACE_CURVE('',#5331,(#5336,#5343),.PCURVE_S1.);
#5331 = CIRCLE('',#5332,3.2);
#5332 = AXIS2_PLACEMENT_3D('',#5333,#5334,#5335);
#5333 = CARTESIAN_POINT('',(109.28932188134,-58.,159.28932188134));
#5334 = DIRECTION('',(0.,-1.,2.22044604925E-16));
#5335 = DIRECTION('',(1.,0.,0.));
#5336 = PCURVE('',#5258,#5337);
#5337 = DEFINITIONAL_REPRESENTATION('',(#5338),#5342);
#5338 = CIRCLE('',#5339,3.2);
#5339 = AXIS2_PLACEMENT_2D('',#5340,#5341);
#5340 = CARTESIAN_POINT('',(-70.71067811865,-70.71067811865));
#5341 = DIRECTION('',(1.,0.));
#5342 = ( GEOMETRIC_REPRESENTATION_CONTEXT(2) 
PARAMETRIC_REPRESENTATION_CONTEXT() REPRESENTATION_CONTEXT('2D SPACE',''
  ) );
#5343 = PCURVE('',#5344,#5349);
#5344 = CYLINDRICAL_SURFACE('',#5345,3.2);
#5345 = AXIS2_PLACEMENT_3D('',#5346,#5347,#5348);
#5346 = CARTESIAN_POINT('',(109.28932188134,-51.,159.28932188134));
#5347 = DIRECTION('',(0.,-1.,2.22044604925E-16));
#5348 = DIRECTION('',(1.,0.,0.));
#5349 = DEFINITIONAL_REPRESENTATION('',(#5350),#5354);
#5350 = LINE('',#5351,#5352);
#5351 = CARTESIAN_POINT('',(0.,7.));
#5352 = VECTOR('',#5353,1.);
#5353 = DIRECTION('',(1.,0.));
#5354 = ( GEOMETRIC_REPRESENTATION_CONTEXT(2) 
PARAMETRIC_REPRESENTATION_CONTEXT() REPRESENTATION_CONTEXT('2D SPACE',''
  ) );
#5355 = FACE_BOUND('',#5356,.T.);
#5356 = EDGE_LOOP('',(#5357));
#5357 = ORIENTED_EDGE('',*,*,#5358,.F.);
#5358 = EDGE_CURVE('',#5359,#5359,#5361,.T.);
#5359 = VERTEX_POINT('',#5360);
#5360 = CARTESIAN_POINT('',(169.31497115745,-58.,216.56497115745));
#5361 = SURFACE_CURVE('',#5362,(#5367,#5374),.PCURVE_S1.);
#5362 = CIRCLE('',#5363,2.75);
#5363 = AXIS2_PLACEMENT_3D('',#5364,#5365,#5366);
#5364 = CARTESIAN_POINT('',(166.56497115745,-58.,216.56497115745));
#5365 = DIRECTION('',(0.,-1.,2.22044604925E-16));
#5366 = DIRECTION('',(1.,0.,0.));
#5367 = PCURVE('',#5258,#5368);
#5368 = DEFINITIONAL_REPRESENTATION('',(#5369),#5373);
#5369 = CIRCLE('',#5370,2.75);
#5370 = AXIS2_PLACEMENT_2D('',#5371,#5372);
#5371 = CARTESIAN_POINT('',(-13.43502884254,-13.43502884254));
#5372 = DIRECTION('',(1.,0.));
#5373 = ( GEOMETRIC_REPRESENTATION_CONTEXT(2) 
PARAMETRIC_REPRESENTATION_CONTEXT() REPRESENTATION_CONTEXT('2D SPACE',''
  ) );
#5374 = PCURVE('',#5375,#5380);
#5375 = CYLINDRICAL_SURFACE('',#5376,2.75);
#5376 = AXIS2_PLACEMENT_3D('',#5377,#5378,#5379);
#5377 = CARTESIAN_POINT('',(166.56497115745,-51.,216.56497115745));
#5378 = DIRECTION('',(0.,-1.,2.22044604925E-16));
#5379 = DIRECTION('',(1.,0.,0.));
#5380 = DEFINITIONAL_REPRESENTATION('',(#5381),#5385);
#5381 = LINE('',#5382,#5383);
#5382 = CARTESIAN_POINT('',(0.,7.));
#5383 = VECTOR('',#5384,1.);
#5384 = DIRECTION('',(1.,0.));
#5385 = ( GEOMETRIC_REPRESENTATION_CONTEXT(2) 
PARAMETRIC_REPRESENTATION_CONTEXT() REPRESENTATION_CONTEXT('2D SPACE',''
  ) );
#5386 = FACE_BOUND('',#5387,.T.);
#5387 = EDGE_LOOP('',(#5388));
#5388 = ORIENTED_EDGE('',*,*,#5389,.F.);
#5389 = EDGE_CURVE('',#5390,#5390,#5392,.T.);
#5390 = VERTEX_POINT('',#5391);
#5391 = CARTESIAN_POINT('',(253.91067811865,-58.,159.28932188134));
#5392 = SURFACE_CURVE('',#5393,(#5398,#5405),.PCURVE_S1.);
#5393 = CIRCLE('',#5394,3.2);
#5394 = AXIS2_PLACEMENT_3D('',#5395,#5396,#5397);
#5395 = CARTESIAN_POINT('',(250.71067811865,-58.,159.28932188134));
#5396 = DIRECTION('',(0.,-1.,2.22044604925E-16));
#5397 = DIRECTION('',(1.,0.,0.));
#5398 = PCURVE('',#5258,#5399);
#5399 = DEFINITIONAL_REPRESENTATION('',(#5400),#5404);
#5400 = CIRCLE('',#5401,3.2);
#5401 = AXIS2_PLACEMENT_2D('',#5402,#5403);
#5402 = CARTESIAN_POINT('',(70.710678118655,-70.71067811865));
#5403 = DIRECTION('',(1.,0.));
#5404 = ( GEOMETRIC_REPRESENTATION_CONTEXT(2) 
PARAMETRIC_REPRESENTATION_CONTEXT() REPRESENTATION_CONTEXT('2D SPACE',''
  ) );
#5405 = PCURVE('',#5406,#5411);
#5406 = CYLINDRICAL_SURFACE('',#5407,3.2);
#5407 = AXIS2_PLACEMENT_3D('',#5408,#5409,#5410);
#5408 = CARTESIAN_POINT('',(250.71067811865,-51.,159.28932188134));
#5409 = DIRECTION('',(0.,-1.,2.22044604925E-16));
#5410 = DIRECTION('',(1.,0.,0.));
#5411 = DEFINITIONAL_REPRESENTATION('',(#5412),#5416);
#5412 = LINE('',#5413,#5414);
#5413 = CARTESIAN_POINT('',(0.,7.));
#5414 = VECTOR('',#5415,1.);
#5415 = DIRECTION('',(1.,0.));
#5416 = ( GEOMETRIC_REPRESENTATION_CONTEXT(2) 
PARAMETRIC_REPRESENTATION_CONTEXT() REPRESENTATION_CONTEXT('2D SPACE',''
  ) );
#5417 = FACE_BOUND('',#5418,.T.);
#5418 = EDGE_LOOP('',(#5419));
#5419 = ORIENTED_EDGE('',*,*,#5420,.F.);
#5420 = EDGE_CURVE('',#5421,#5421,#5423,.T.);
#5421 = VERTEX_POINT('',#5422);
#5422 = CARTESIAN_POINT('',(196.18502884254,-58.,216.56497115745));
#5423 = SURFACE_CURVE('',#5424,(#5429,#5436),.PCURVE_S1.);
#5424 = CIRCLE('',#5425,2.75);
#5425 = AXIS2_PLACEMENT_3D('',#5426,#5427,#5428);
#5426 = CARTESIAN_POINT('',(193.43502884254,-58.,216.56497115745));
#5427 = DIRECTION('',(0.,-1.,2.22044604925E-16));
#5428 = DIRECTION('',(1.,0.,0.));
#5429 = PCURVE('',#5258,#5430);
#5430 = DEFINITIONAL_REPRESENTATION('',(#5431),#5435);
#5431 = CIRCLE('',#5432,2.75);
#5432 = AXIS2_PLACEMENT_2D('',#5433,#5434);
#5433 = CARTESIAN_POINT('',(13.435028842544,-13.43502884254));
#5434 = DIRECTION('',(1.,0.));
#5435 = ( GEOMETRIC_REPRESENTATION_CONTEXT(2) 
PARAMETRIC_REPRESENTATION_CONTEXT() REPRESENTATION_CONTEXT('2D SPACE',''
  ) );
#5436 = PCURVE('',#5437,#5442);
#5437 = CYLINDRICAL_SURFACE('',#5438,2.75);
#5438 = AXIS2_PLACEMENT_3D('',#5439,#5440,#5441);
#5439 = CARTESIAN_POINT('',(193.43502884254,-51.,216.56497115745));
#5440 = DIRECTION('',(0.,-1.,2.22044604925E-16));
#5441 = DIRECTION('',(1.,0.,0.));
#5442 = DEFINITIONAL_REPRESENTATION('',(#5443),#5447);
#5443 = LINE('',#5444,#5445);
#5444 = CARTESIAN_POINT('',(0.,7.));
#5445 = VECTOR('',#5446,1.);
#5446 = DIRECTION('',(1.,0.));
#5447 = ( GEOMETRIC_REPRESENTATION_CONTEXT(2) 
PARAMETRIC_REPRESENTATION_CONTEXT() REPRESENTATION_CONTEXT('2D SPACE',''
  ) );
#5448 = FACE_BOUND('',#5449,.T.);
#5449 = EDGE_LOOP('',(#5450));
#5450 = ORIENTED_EDGE('',*,*,#5451,.F.);
#5451 = EDGE_CURVE('',#5452,#5452,#5454,.T.);
#5452 = VERTEX_POINT('',#5453);
#5453 = CARTESIAN_POINT('',(169.31497115745,-58.,243.43502884254));
#5454 = SURFACE_CURVE('',#5455,(#5460,#5467),.PCURVE_S1.);
#5455 = CIRCLE('',#5456,2.75);
#5456 = AXIS2_PLACEMENT_3D('',#5457,#5458,#5459);
#5457 = CARTESIAN_POINT('',(166.56497115745,-58.,243.43502884254));
#5458 = DIRECTION('',(0.,-1.,2.22044604925E-16));
#5459 = DIRECTION('',(1.,0.,0.));
#5460 = PCURVE('',#5258,#5461);
#5461 = DEFINITIONAL_REPRESENTATION('',(#5462),#5466);
#5462 = CIRCLE('',#5463,2.75);
#5463 = AXIS2_PLACEMENT_2D('',#5464,#5465);
#5464 = CARTESIAN_POINT('',(-13.43502884254,13.435028842544));
#5465 = DIRECTION('',(1.,0.));
#5466 = ( GEOMETRIC_REPRESENTATION_CONTEXT(2) 
PARAMETRIC_REPRESENTATION_CONTEXT() REPRESENTATION_CONTEXT('2D SPACE',''
  ) );
#5467 = PCURVE('',#5468,#5473);
#5468 = CYLINDRICAL_SURFACE('',#5469,2.75);
#5469 = AXIS2_PLACEMENT_3D('',#5470,#5471,#5472);
#5470 = CARTESIAN_POINT('',(166.56497115745,-51.,243.43502884254));
#5471 = DIRECTION('',(0.,-1.,2.22044604925E-16));
#5472 = DIRECTION('',(1.,0.,0.));
#5473 = DEFINITIONAL_REPRESENTATION('',(#5474),#5478);
#5474 = LINE('',#5475,#5476);
#5475 = CARTESIAN_POINT('',(0.,7.));
#5476 = VECTOR('',#5477,1.);
#5477 = DIRECTION('',(1.,0.));
#5478 = ( GEOMETRIC_REPRESENTATION_CONTEXT(2) 
PARAMETRIC_REPRESENTATION_CONTEXT() REPRESENTATION_CONTEXT('2D SPACE',''
  ) );
#5479 = FACE_BOUND('',#5480,.T.);
#5480 = EDGE_LOOP('',(#5481));
#5481 = ORIENTED_EDGE('',*,*,#5482,.F.);
#5482 = EDGE_CURVE('',#5483,#5483,#5485,.T.);
#5483 = VERTEX_POINT('',#5484);
#5484 = CARTESIAN_POINT('',(112.48932188134,-58.,300.71067811865));
#5485 = SURFACE_CURVE('',#5486,(#5491,#5498),.PCURVE_S1.);
#5486 = CIRCLE('',#5487,3.2);
#5487 = AXIS2_PLACEMENT_3D('',#5488,#5489,#5490);
#5488 = CARTESIAN_POINT('',(109.28932188134,-58.,300.71067811865));
#5489 = DIRECTION('',(0.,-1.,2.22044604925E-16));
#5490 = DIRECTION('',(1.,0.,0.));
#5491 = PCURVE('',#5258,#5492);
#5492 = DEFINITIONAL_REPRESENTATION('',(#5493),#5497);
#5493 = CIRCLE('',#5494,3.2);
#5494 = AXIS2_PLACEMENT_2D('',#5495,#5496);
#5495 = CARTESIAN_POINT('',(-70.71067811865,70.710678118655));
#5496 = DIRECTION('',(1.,0.));
#5497 = ( GEOMETRIC_REPRESENTATION_CONTEXT(2) 
PARAMETRIC_REPRESENTATION_CONTEXT() REPRESENTATION_CONTEXT('2D SPACE',''
  ) );
#5498 = PCURVE('',#5499,#5504);
#5499 = CYLINDRICAL_SURFACE('',#5500,3.2);
#5500 = AXIS2_PLACEMENT_3D('',#5501,#5502,#5503);
#5501 = CARTESIAN_POINT('',(109.28932188134,-51.,300.71067811865));
#5502 = DIRECTION('',(0.,-1.,2.22044604925E-16));
#5503 = DIRECTION('',(1.,0.,0.));
#5504 = DEFINITIONAL_REPRESENTATION('',(#5505),#5509);
#5505 = LINE('',#5506,#5507);
#5506 = CARTESIAN_POINT('',(0.,7.));
#5507 = VECTOR('',#5508,1.);
#5508 = DIRECTION('',(1.,0.));
#5509 = ( GEOMETRIC_REPRESENTATION_CONTEXT(2) 
PARAMETRIC_REPRESENTATION_CONTEXT() REPRESENTATION_CONTEXT('2D SPACE',''
  ) );
#5510 = FACE_BOUND('',#5511,.T.);
#5511 = EDGE_LOOP('',(#5512));
#5512 = ORIENTED_EDGE('',*,*,#5513,.F.);
#5513 = EDGE_CURVE('',#5514,#5514,#5516,.T.);
#5514 = VERTEX_POINT('',#5515);
#5515 = CARTESIAN_POINT('',(190.2,-58.,230.));
#5516 = SURFACE_CURVE('',#5517,(#5522,#5529),.PCURVE_S1.);
#5517 = CIRCLE('',#5518,10.2);
#5518 = AXIS2_PLACEMENT_3D('',#5519,#5520,#5521);
#5519 = CARTESIAN_POINT('',(180.,-58.,230.));
#5520 = DIRECTION('',(0.,-1.,2.22044604925E-16));
#5521 = DIRECTION('',(1.,0.,0.));
#5522 = PCURVE('',#5258,#5523);
#5523 = DEFINITIONAL_REPRESENTATION('',(#5524),#5528);
#5524 = CIRCLE('',#5525,10.2);
#5525 = AXIS2_PLACEMENT_2D('',#5526,#5527);
#5526 = CARTESIAN_POINT('',(0.,0.));
#5527 = DIRECTION('',(1.,0.));
#5528 = ( GEOMETRIC_REPRESENTATION_CONTEXT(2) 
PARAMETRIC_REPRESENTATION_CONTEXT() REPRESENTATION_CONTEXT('2D SPACE',''
  ) );
#5529 = PCURVE('',#5530,#5535);
#5530 = CYLINDRICAL_SURFACE('',#5531,10.2);
#5531 = AXIS2_PLACEMENT_3D('',#5532,#5533,#5534);
#5532 = CARTESIAN_POINT('',(180.,-51.,230.));
#5533 = DIRECTION('',(0.,-1.,2.22044604925E-16));
#5534 = DIRECTION('',(1.,0.,0.));
#5535 = DEFINITIONAL_REPRESENTATION('',(#5536),#5540);
#5536 = LINE('',#5537,#5538);
#5537 = CARTESIAN_POINT('',(0.,7.));
#5538 = VECTOR('',#5539,1.);
#5539 = DIRECTION('',(1.,0.));
#5540 = ( GEOMETRIC_REPRESENTATION_CONTEXT(2) 
PARAMETRIC_REPRESENTATION_CONTEXT() REPRESENTATION_CONTEXT('2D SPACE',''
  ) );
#5541 = FACE_BOUND('',#5542,.T.);
#5542 = EDGE_LOOP('',(#5543));
#5543 = ORIENTED_EDGE('',*,*,#5544,.F.);
#5544 = EDGE_CURVE('',#5545,#5545,#5547,.T.);
#5545 = VERTEX_POINT('',#5546);
#5546 = CARTESIAN_POINT('',(196.18502884254,-58.,243.43502884254));
#5547 = SURFACE_CURVE('',#5548,(#5553,#5560),.PCURVE_S1.);
#5548 = CIRCLE('',#5549,2.75);
#5549 = AXIS2_PLACEMENT_3D('',#5550,#5551,#5552);
#5550 = CARTESIAN_POINT('',(193.43502884254,-58.,243.43502884254));
#5551 = DIRECTION('',(0.,-1.,2.22044604925E-16));
#5552 = DIRECTION('',(1.,0.,0.));
#5553 = PCURVE('',#5258,#5554);
#5554 = DEFINITIONAL_REPRESENTATION('',(#5555),#5559);
#5555 = CIRCLE('',#5556,2.75);
#5556 = AXIS2_PLACEMENT_2D('',#5557,#5558);
#5557 = CARTESIAN_POINT('',(13.435028842544,13.435028842544));
#5558 = DIRECTION('',(1.,0.));
#5559 = ( GEOMETRIC_REPRESENTATION_CONTEXT(2) 
PARAMETRIC_REPRESENTATION_CONTEXT() REPRESENTATION_CONTEXT('2D SPACE',''
  ) );
#5560 = PCURVE('',#5561,#5566);
#5561 = CYLINDRICAL_SURFACE('',#5562,2.75);
#5562 = AXIS2_PLACEMENT_3D('',#5563,#5564,#5565);
#5563 = CARTESIAN_POINT('',(193.43502884254,-51.,243.43502884254));
#5564 = DIRECTION('',(0.,-1.,2.22044604925E-16));
#5565 = DIRECTION('',(1.,0.,0.));
#5566 = DEFINITIONAL_REPRESENTATION('',(#5567),#5571);
#5567 = LINE('',#5568,#5569);
#5568 = CARTESIAN_POINT('',(0.,7.));
#5569 = VECTOR('',#5570,1.);
#5570 = DIRECTION('',(1.,0.));
#5571 = ( GEOMETRIC_REPRESENTATION_CONTEXT(2) 
PARAMETRIC_REPRESENTATION_CONTEXT() REPRESENTATION_CONTEXT('2D SPACE',''
  ) );
#5572 = FACE_BOUND('',#5573,.T.);
#5573 = EDGE_LOOP('',(#5574));
#5574 = ORIENTED_EDGE('',*,*,#5575,.F.);
#5575 = EDGE_CURVE('',#5576,#5576,#5578,.T.);
#5576 = VERTEX_POINT('',#5577);
#5577 = CARTESIAN_POINT('',(253.91067811865,-58.,300.71067811865));
#5578 = SURFACE_CURVE('',#5579,(#5584,#5591),.PCURVE_S1.);
#5579 = CIRCLE('',#5580,3.2);
#5580 = AXIS2_PLACEMENT_3D('',#5581,#5582,#5583);
#5581 = CARTESIAN_POINT('',(250.71067811865,-58.,300.71067811865));
#5582 = DIRECTION('',(0.,-1.,2.22044604925E-16));
#5583 = DIRECTION('',(1.,0.,0.));
#5584 = PCURVE('',#5258,#5585);
#5585 = DEFINITIONAL_REPRESENTATION('',(#5586),#5590);
#5586 = CIRCLE('',#5587,3.2);
#5587 = AXIS2_PLACEMENT_2D('',#5588,#5589);
#5588 = CARTESIAN_POINT('',(70.710678118655,70.710678118655));
#5589 = DIRECTION('',(1.,0.));
#5590 = ( GEOMETRIC_REPRESENTATION_CONTEXT(2) 
PARAMETRIC_REPRESENTATION_CONTEXT() REPRESENTATION_CONTEXT('2D SPACE',''
  ) );
#5591 = PCURVE('',#5592,#5597);
#5592 = CYLINDRICAL_SURFACE('',#5593,3.2);
#5593 = AXIS2_PLACEMENT_3D('',#5594,#5595,#5596);
#5594 = CARTESIAN_POINT('',(250.71067811865,-51.,300.71067811865));
#5595 = DIRECTION('',(0.,-1.,2.22044604925E-16));
#5596 = DIRECTION('',(1.,0.,0.));
#5597 = DEFINITIONAL_REPRESENTATION('',(#5598),#5602);
#5598 = LINE('',#5599,#5600);
#5599 = CARTESIAN_POINT('',(0.,7.));
#5600 = VECTOR('',#5601,1.);
#5601 = DIRECTION('',(1.,0.));
#5602 = ( GEOMETRIC_REPRESENTATION_CONTEXT(2) 
PARAMETRIC_REPRESENTATION_CONTEXT() REPRESENTATION_CONTEXT('2D SPACE',''
  ) );
#5603 = ADVANCED_FACE('',(#5604,#5607,#5633,#5659,#5685,#5711,#5737,
    #5763,#5789,#5815),#5308,.F.);
#5604 = FACE_BOUND('',#5605,.F.);
#5605 = EDGE_LOOP('',(#5606));
#5606 = ORIENTED_EDGE('',*,*,#5293,.T.);
#5607 = FACE_BOUND('',#5608,.F.);
#5608 = EDGE_LOOP('',(#5609));
#5609 = ORIENTED_EDGE('',*,*,#5610,.F.);
#5610 = EDGE_CURVE('',#5611,#5611,#5613,.T.);
#5611 = VERTEX_POINT('',#5612);
#5612 = CARTESIAN_POINT('',(112.48932188134,-52.,159.28932188134));
#5613 = SURFACE_CURVE('',#5614,(#5619,#5626),.PCURVE_S1.);
#5614 = CIRCLE('',#5615,3.2);
#5615 = AXIS2_PLACEMENT_3D('',#5616,#5617,#5618);
#5616 = CARTESIAN_POINT('',(109.28932188134,-52.,159.28932188134));
#5617 = DIRECTION('',(0.,-1.,2.22044604925E-16));
#5618 = DIRECTION('',(1.,0.,0.));
#5619 = PCURVE('',#5308,#5620);
#5620 = DEFINITIONAL_REPRESENTATION('',(#5621),#5625);
#5621 = CIRCLE('',#5622,3.2);
#5622 = AXIS2_PLACEMENT_2D('',#5623,#5624);
#5623 = CARTESIAN_POINT('',(-70.71067811865,-70.71067811865));
#5624 = DIRECTION('',(1.,0.));
#5625 = ( GEOMETRIC_REPRESENTATION_CONTEXT(2) 
PARAMETRIC_REPRESENTATION_CONTEXT() REPRESENTATION_CONTEXT('2D SPACE',''
  ) );
#5626 = PCURVE('',#5344,#5627);
#5627 = DEFINITIONAL_REPRESENTATION('',(#5628),#5632);
#5628 = LINE('',#5629,#5630);
#5629 = CARTESIAN_POINT('',(0.,1.));
#5630 = VECTOR('',#5631,1.);
#5631 = DIRECTION('',(1.,0.));
#5632 = ( GEOMETRIC_REPRESENTATION_CONTEXT(2) 
PARAMETRIC_REPRESENTATION_CONTEXT() REPRESENTATION_CONTEXT('2D SPACE',''
  ) );
#5633 = FACE_BOUND('',#5634,.F.);
#5634 = EDGE_LOOP('',(#5635));
#5635 = ORIENTED_EDGE('',*,*,#5636,.F.);
#5636 = EDGE_CURVE('',#5637,#5637,#5639,.T.);
#5637 = VERTEX_POINT('',#5638);
#5638 = CARTESIAN_POINT('',(169.31497115745,-52.,216.56497115745));
#5639 = SURFACE_CURVE('',#5640,(#5645,#5652),.PCURVE_S1.);
#5640 = CIRCLE('',#5641,2.75);
#5641 = AXIS2_PLACEMENT_3D('',#5642,#5643,#5644);
#5642 = CARTESIAN_POINT('',(166.56497115745,-52.,216.56497115745));
#5643 = DIRECTION('',(0.,-1.,2.22044604925E-16));
#5644 = DIRECTION('',(1.,0.,0.));
#5645 = PCURVE('',#5308,#5646);
#5646 = DEFINITIONAL_REPRESENTATION('',(#5647),#5651);
#5647 = CIRCLE('',#5648,2.75);
#5648 = AXIS2_PLACEMENT_2D('',#5649,#5650);
#5649 = CARTESIAN_POINT('',(-13.43502884254,-13.43502884254));
#5650 = DIRECTION('',(1.,0.));
#5651 = ( GEOMETRIC_REPRESENTATION_CONTEXT(2) 
PARAMETRIC_REPRESENTATION_CONTEXT() REPRESENTATION_CONTEXT('2D SPACE',''
  ) );
#5652 = PCURVE('',#5375,#5653);
#5653 = DEFINITIONAL_REPRESENTATION('',(#5654),#5658);
#5654 = LINE('',#5655,#5656);
#5655 = CARTESIAN_POINT('',(0.,1.));
#5656 = VECTOR('',#5657,1.);
#5657 = DIRECTION('',(1.,0.));
#5658 = ( GEOMETRIC_REPRESENTATION_CONTEXT(2) 
PARAMETRIC_REPRESENTATION_CONTEXT() REPRESENTATION_CONTEXT('2D SPACE',''
  ) );
#5659 = FACE_BOUND('',#5660,.F.);
#5660 = EDGE_LOOP('',(#5661));
#5661 = ORIENTED_EDGE('',*,*,#5662,.F.);
#5662 = EDGE_CURVE('',#5663,#5663,#5665,.T.);
#5663 = VERTEX_POINT('',#5664);
#5664 = CARTESIAN_POINT('',(253.91067811865,-52.,159.28932188134));
#5665 = SURFACE_CURVE('',#5666,(#5671,#5678),.PCURVE_S1.);
#5666 = CIRCLE('',#5667,3.2);
#5667 = AXIS2_PLACEMENT_3D('',#5668,#5669,#5670);
#5668 = CARTESIAN_POINT('',(250.71067811865,-52.,159.28932188134));
#5669 = DIRECTION('',(0.,-1.,2.22044604925E-16));
#5670 = DIRECTION('',(1.,0.,0.));
#5671 = PCURVE('',#5308,#5672);
#5672 = DEFINITIONAL_REPRESENTATION('',(#5673),#5677);
#5673 = CIRCLE('',#5674,3.2);
#5674 = AXIS2_PLACEMENT_2D('',#5675,#5676);
#5675 = CARTESIAN_POINT('',(70.710678118655,-70.71067811865));
#5676 = DIRECTION('',(1.,0.));
#5677 = ( GEOMETRIC_REPRESENTATION_CONTEXT(2) 
PARAMETRIC_REPRESENTATION_CONTEXT() REPRESENTATION_CONTEXT('2D SPACE',''
  ) );
#5678 = PCURVE('',#5406,#5679);
#5679 = DEFINITIONAL_REPRESENTATION('',(#5680),#5684);
#5680 = LINE('',#5681,#5682);
#5681 = CARTESIAN_POINT('',(0.,1.));
#5682 = VECTOR('',#5683,1.);
#5683 = DIRECTION('',(1.,0.));
#5684 = ( GEOMETRIC_REPRESENTATION_CONTEXT(2) 
PARAMETRIC_REPRESENTATION_CONTEXT() REPRESENTATION_CONTEXT('2D SPACE',''
  ) );
#5685 = FACE_BOUND('',#5686,.F.);
#5686 = EDGE_LOOP('',(#5687));
#5687 = ORIENTED_EDGE('',*,*,#5688,.F.);
#5688 = EDGE_CURVE('',#5689,#5689,#5691,.T.);
#5689 = VERTEX_POINT('',#5690);
#5690 = CARTESIAN_POINT('',(196.18502884254,-52.,216.56497115745));
#5691 = SURFACE_CURVE('',#5692,(#5697,#5704),.PCURVE_S1.);
#5692 = CIRCLE('',#5693,2.75);
#5693 = AXIS2_PLACEMENT_3D('',#5694,#5695,#5696);
#5694 = CARTESIAN_POINT('',(193.43502884254,-52.,216.56497115745));
#5695 = DIRECTION('',(0.,-1.,2.22044604925E-16));
#5696 = DIRECTION('',(1.,0.,0.));
#5697 = PCURVE('',#5308,#5698);
#5698 = DEFINITIONAL_REPRESENTATION('',(#5699),#5703);
#5699 = CIRCLE('',#5700,2.75);
#5700 = AXIS2_PLACEMENT_2D('',#5701,#5702);
#5701 = CARTESIAN_POINT('',(13.435028842544,-13.43502884254));
#5702 = DIRECTION('',(1.,0.));
#5703 = ( GEOMETRIC_REPRESENTATION_CONTEXT(2) 
PARAMETRIC_REPRESENTATION_CONTEXT() REPRESENTATION_CONTEXT('2D SPACE',''
  ) );
#5704 = PCURVE('',#5437,#5705);
#5705 = DEFINITIONAL_REPRESENTATION('',(#5706),#5710);
#5706 = LINE('',#5707,#5708);
#5707 = CARTESIAN_POINT('',(0.,1.));
#5708 = VECTOR('',#5709,1.);
#5709 = DIRECTION('',(1.,0.));
#5710 = ( GEOMETRIC_REPRESENTATION_CONTEXT(2) 
PARAMETRIC_REPRESENTATION_CONTEXT() REPRESENTATION_CONTEXT('2D SPACE',''
  ) );
#5711 = FACE_BOUND('',#5712,.F.);
#5712 = EDGE_LOOP('',(#5713));
#5713 = ORIENTED_EDGE('',*,*,#5714,.F.);
#5714 = EDGE_CURVE('',#5715,#5715,#5717,.T.);
#5715 = VERTEX_POINT('',#5716);
#5716 = CARTESIAN_POINT('',(169.31497115745,-52.,243.43502884254));
#5717 = SURFACE_CURVE('',#5718,(#5723,#5730),.PCURVE_S1.);
#5718 = CIRCLE('',#5719,2.75);
#5719 = AXIS2_PLACEMENT_3D('',#5720,#5721,#5722);
#5720 = CARTESIAN_POINT('',(166.56497115745,-52.,243.43502884254));
#5721 = DIRECTION('',(0.,-1.,2.22044604925E-16));
#5722 = DIRECTION('',(1.,0.,0.));
#5723 = PCURVE('',#5308,#5724);
#5724 = DEFINITIONAL_REPRESENTATION('',(#5725),#5729);
#5725 = CIRCLE('',#5726,2.75);
#5726 = AXIS2_PLACEMENT_2D('',#5727,#5728);
#5727 = CARTESIAN_POINT('',(-13.43502884254,13.435028842544));
#5728 = DIRECTION('',(1.,0.));
#5729 = ( GEOMETRIC_REPRESENTATION_CONTEXT(2) 
PARAMETRIC_REPRESENTATION_CONTEXT() REPRESENTATION_CONTEXT('2D SPACE',''
  ) );
#5730 = PCURVE('',#5468,#5731);
#5731 = DEFINITIONAL_REPRESENTATION('',(#5732),#5736);
#5732 = LINE('',#5733,#5734);
#5733 = CARTESIAN_POINT('',(0.,1.));
#5734 = VECTOR('',#5735,1.);
#5735 = DIRECTION('',(1.,0.));
#5736 = ( GEOMETRIC_REPRESENTATION_CONTEXT(2) 
PARAMETRIC_REPRESENTATION_CONTEXT() REPRESENTATION_CONTEXT('2D SPACE',''
  ) );
#5737 = FACE_BOUND('',#5738,.F.);
#5738 = EDGE_LOOP('',(#5739));
#5739 = ORIENTED_EDGE('',*,*,#5740,.F.);
#5740 = EDGE_CURVE('',#5741,#5741,#5743,.T.);
#5741 = VERTEX_POINT('',#5742);
#5742 = CARTESIAN_POINT('',(112.48932188134,-52.,300.71067811865));
#5743 = SURFACE_CURVE('',#5744,(#5749,#5756),.PCURVE_S1.);
#5744 = CIRCLE('',#5745,3.2);
#5745 = AXIS2_PLACEMENT_3D('',#5746,#5747,#5748);
#5746 = CARTESIAN_POINT('',(109.28932188134,-52.,300.71067811865));
#5747 = DIRECTION('',(0.,-1.,2.22044604925E-16));
#5748 = DIRECTION('',(1.,0.,0.));
#5749 = PCURVE('',#5308,#5750);
#5750 = DEFINITIONAL_REPRESENTATION('',(#5751),#5755);
#5751 = CIRCLE('',#5752,3.2);
#5752 = AXIS2_PLACEMENT_2D('',#5753,#5754);
#5753 = CARTESIAN_POINT('',(-70.71067811865,70.710678118655));
#5754 = DIRECTION('',(1.,0.));
#5755 = ( GEOMETRIC_REPRESENTATION_CONTEXT(2) 
PARAMETRIC_REPRESENTATION_CONTEXT() REPRESENTATION_CONTEXT('2D SPACE',''
  ) );
#5756 = PCURVE('',#5499,#5757);
#5757 = DEFINITIONAL_REPRESENTATION('',(#5758),#5762);
#5758 = LINE('',#5759,#5760);
#5759 = CARTESIAN_POINT('',(0.,1.));
#5760 = VECTOR('',#5761,1.);
#5761 = DIRECTION('',(1.,0.));
#5762 = ( GEOMETRIC_REPRESENTATION_CONTEXT(2) 
PARAMETRIC_REPRESENTATION_CONTEXT() REPRESENTATION_CONTEXT('2D SPACE',''
  ) );
#5763 = FACE_BOUND('',#5764,.F.);
#5764 = EDGE_LOOP('',(#5765));
#5765 = ORIENTED_EDGE('',*,*,#5766,.F.);
#5766 = EDGE_CURVE('',#5767,#5767,#5769,.T.);
#5767 = VERTEX_POINT('',#5768);
#5768 = CARTESIAN_POINT('',(190.2,-52.,230.));
#5769 = SURFACE_CURVE('',#5770,(#5775,#5782),.PCURVE_S1.);
#5770 = CIRCLE('',#5771,10.2);
#5771 = AXIS2_PLACEMENT_3D('',#5772,#5773,#5774);
#5772 = CARTESIAN_POINT('',(180.,-52.,230.));
#5773 = DIRECTION('',(0.,-1.,2.22044604925E-16));
#5774 = DIRECTION('',(1.,0.,0.));
#5775 = PCURVE('',#5308,#5776);
#5776 = DEFINITIONAL_REPRESENTATION('',(#5777),#5781);
#5777 = CIRCLE('',#5778,10.2);
#5778 = AXIS2_PLACEMENT_2D('',#5779,#5780);
#5779 = CARTESIAN_POINT('',(0.,0.));
#5780 = DIRECTION('',(1.,0.));
#5781 = ( GEOMETRIC_REPRESENTATION_CONTEXT(2) 
PARAMETRIC_REPRESENTATION_CONTEXT() REPRESENTATION_CONTEXT('2D SPACE',''
  ) );
#5782 = PCURVE('',#5530,#5783);
#5783 = DEFINITIONAL_REPRESENTATION('',(#5784),#5788);
#5784 = LINE('',#5785,#5786);
#5785 = CARTESIAN_POINT('',(0.,1.));
#5786 = VECTOR('',#5787,1.);
#5787 = DIRECTION('',(1.,0.));
#5788 = ( GEOMETRIC_REPRESENTATION_CONTEXT(2) 
PARAMETRIC_REPRESENTATION_CONTEXT() REPRESENTATION_CONTEXT('2D SPACE',''
  ) );
#5789 = FACE_BOUND('',#5790,.F.);
#5790 = EDGE_LOOP('',(#5791));
#5791 = ORIENTED_EDGE('',*,*,#5792,.F.);
#5792 = EDGE_CURVE('',#5793,#5793,#5795,.T.);
#5793 = VERTEX_POINT('',#5794);
#5794 = CARTESIAN_POINT('',(196.18502884254,-52.,243.43502884254));
#5795 = SURFACE_CURVE('',#5796,(#5801,#5808),.PCURVE_S1.);
#5796 = CIRCLE('',#5797,2.75);
#5797 = AXIS2_PLACEMENT_3D('',#5798,#5799,#5800);
#5798 = CARTESIAN_POINT('',(193.43502884254,-52.,243.43502884254));
#5799 = DIRECTION('',(0.,-1.,2.22044604925E-16));
#5800 = DIRECTION('',(1.,0.,0.));
#5801 = PCURVE('',#5308,#5802);
#5802 = DEFINITIONAL_REPRESENTATION('',(#5803),#5807);
#5803 = CIRCLE('',#5804,2.75);
#5804 = AXIS2_PLACEMENT_2D('',#5805,#5806);
#5805 = CARTESIAN_POINT('',(13.435028842544,13.435028842544));
#5806 = DIRECTION('',(1.,0.));
#5807 = ( GEOMETRIC_REPRESENTATION_CONTEXT(2) 
PARAMETRIC_REPRESENTATION_CONTEXT() REPRESENTATION_CONTEXT('2D SPACE',''
  ) );
#5808 = PCURVE('',#5561,#5809);
#5809 = DEFINITIONAL_REPRESENTATION('',(#5810),#5814);
#5810 = LINE('',#5811,#5812);
#5811 = CARTESIAN_POINT('',(0.,1.));
#5812 = VECTOR('',#5813,1.);
#5813 = DIRECTION('',(1.,0.));
#5814 = ( GEOMETRIC_REPRESENTATION_CONTEXT(2) 
PARAMETRIC_REPRESENTATION_CONTEXT() REPRESENTATION_CONTEXT('2D SPACE',''
  ) );
#5815 = FACE_BOUND('',#5816,.F.);
#5816 = EDGE_LOOP('',(#5817));
#5817 = ORIENTED_EDGE('',*,*,#5818,.F.);
#5818 = EDGE_CURVE('',#5819,#5819,#5821,.T.);
#5819 = VERTEX_POINT('',#5820);
#5820 = CARTESIAN_POINT('',(253.91067811865,-52.,300.71067811865));
#5821 = SURFACE_CURVE('',#5822,(#5827,#5834),.PCURVE_S1.);
#5822 = CIRCLE('',#5823,3.2);
#5823 = AXIS2_PLACEMENT_3D('',#5824,#5825,#5826);
#5824 = CARTESIAN_POINT('',(250.71067811865,-52.,300.71067811865));
#5825 = DIRECTION('',(0.,-1.,2.22044604925E-16));
#5826 = DIRECTION('',(1.,0.,0.));
#5827 = PCURVE('',#5308,#5828);
#5828 = DEFINITIONAL_REPRESENTATION('',(#5829),#5833);
#5829 = CIRCLE('',#5830,3.2);
#5830 = AXIS2_PLACEMENT_2D('',#5831,#5832);
#5831 = CARTESIAN_POINT('',(70.710678118655,70.710678118655));
#5832 = DIRECTION('',(1.,0.));
#5833 = ( GEOMETRIC_REPRESENTATION_CONTEXT(2) 
PARAMETRIC_REPRESENTATION_CONTEXT() REPRESENTATION_CONTEXT('2D SPACE',''
  ) );
#5834 = PCURVE('',#5592,#5835);
#5835 = DEFINITIONAL_REPRESENTATION('',(#5836),#5840);
#5836 = LINE('',#5837,#5838);
#5837 = CARTESIAN_POINT('',(0.,1.));
#5838 = VECTOR('',#5839,1.);
#5839 = DIRECTION('',(1.,0.));
#5840 = ( GEOMETRIC_REPRESENTATION_CONTEXT(2) 
PARAMETRIC_REPRESENTATION_CONTEXT() REPRESENTATION_CONTEXT('2D SPACE',''
  ) );
#5841 = ADVANCED_FACE('',(#5842),#5344,.F.);
#5842 = FACE_BOUND('',#5843,.F.);
#5843 = EDGE_LOOP('',(#5844,#5845,#5866,#5867));
#5844 = ORIENTED_EDGE('',*,*,#5327,.F.);
#5845 = ORIENTED_EDGE('',*,*,#5846,.F.);
#5846 = EDGE_CURVE('',#5611,#5328,#5847,.T.);
#5847 = SEAM_CURVE('',#5848,(#5852,#5859),.PCURVE_S1.);
#5848 = LINE('',#5849,#5850);
#5849 = CARTESIAN_POINT('',(112.48932188134,-51.,159.28932188134));
#5850 = VECTOR('',#5851,1.);
#5851 = DIRECTION('',(0.,-1.,2.22044604925E-16));
#5852 = PCURVE('',#5344,#5853);
#5853 = DEFINITIONAL_REPRESENTATION('',(#5854),#5858);
#5854 = LINE('',#5855,#5856);
#5855 = CARTESIAN_POINT('',(6.28318530718,-0.));
#5856 = VECTOR('',#5857,1.);
#5857 = DIRECTION('',(0.,1.));
#5858 = ( GEOMETRIC_REPRESENTATION_CONTEXT(2) 
PARAMETRIC_REPRESENTATION_CONTEXT() REPRESENTATION_CONTEXT('2D SPACE',''
  ) );
#5859 = PCURVE('',#5344,#5860);
#5860 = DEFINITIONAL_REPRESENTATION('',(#5861),#5865);
#5861 = LINE('',#5862,#5863);
#5862 = CARTESIAN_POINT('',(0.,-0.));
#5863 = VECTOR('',#5864,1.);
#5864 = DIRECTION('',(0.,1.));
#5865 = ( GEOMETRIC_REPRESENTATION_CONTEXT(2) 
PARAMETRIC_REPRESENTATION_CONTEXT() REPRESENTATION_CONTEXT('2D SPACE',''
  ) );
#5866 = ORIENTED_EDGE('',*,*,#5610,.T.);
#5867 = ORIENTED_EDGE('',*,*,#5846,.T.);
#5868 = ADVANCED_FACE('',(#5869),#5375,.F.);
#5869 = FACE_BOUND('',#5870,.F.);
#5870 = EDGE_LOOP('',(#5871,#5872,#5893,#5894));
#5871 = ORIENTED_EDGE('',*,*,#5358,.F.);
#5872 = ORIENTED_EDGE('',*,*,#5873,.F.);
#5873 = EDGE_CURVE('',#5637,#5359,#5874,.T.);
#5874 = SEAM_CURVE('',#5875,(#5879,#5886),.PCURVE_S1.);
#5875 = LINE('',#5876,#5877);
#5876 = CARTESIAN_POINT('',(169.31497115745,-51.,216.56497115745));
#5877 = VECTOR('',#5878,1.);
#5878 = DIRECTION('',(0.,-1.,2.22044604925E-16));
#5879 = PCURVE('',#5375,#5880);
#5880 = DEFINITIONAL_REPRESENTATION('',(#5881),#5885);
#5881 = LINE('',#5882,#5883);
#5882 = CARTESIAN_POINT('',(6.28318530718,-0.));
#5883 = VECTOR('',#5884,1.);
#5884 = DIRECTION('',(0.,1.));
#5885 = ( GEOMETRIC_REPRESENTATION_CONTEXT(2) 
PARAMETRIC_REPRESENTATION_CONTEXT() REPRESENTATION_CONTEXT('2D SPACE',''
  ) );
#5886 = PCURVE('',#5375,#5887);
#5887 = DEFINITIONAL_REPRESENTATION('',(#5888),#5892);
#5888 = LINE('',#5889,#5890);
#5889 = CARTESIAN_POINT('',(0.,-0.));
#5890 = VECTOR('',#5891,1.);
#5891 = DIRECTION('',(0.,1.));
#5892 = ( GEOMETRIC_REPRESENTATION_CONTEXT(2) 
PARAMETRIC_REPRESENTATION_CONTEXT() REPRESENTATION_CONTEXT('2D SPACE',''
  ) );
#5893 = ORIENTED_EDGE('',*,*,#5636,.T.);
#5894 = ORIENTED_EDGE('',*,*,#5873,.T.);
#5895 = ADVANCED_FACE('',(#5896),#5406,.F.);
#5896 = FACE_BOUND('',#5897,.F.);
#5897 = EDGE_LOOP('',(#5898,#5899,#5920,#5921));
#5898 = ORIENTED_EDGE('',*,*,#5389,.F.);
#5899 = ORIENTED_EDGE('',*,*,#5900,.F.);
#5900 = EDGE_CURVE('',#5663,#5390,#5901,.T.);
#5901 = SEAM_CURVE('',#5902,(#5906,#5913),.PCURVE_S1.);
#5902 = LINE('',#5903,#5904);
#5903 = CARTESIAN_POINT('',(253.91067811865,-51.,159.28932188134));
#5904 = VECTOR('',#5905,1.);
#5905 = DIRECTION('',(0.,-1.,2.22044604925E-16));
#5906 = PCURVE('',#5406,#5907);
#5907 = DEFINITIONAL_REPRESENTATION('',(#5908),#5912);
#5908 = LINE('',#5909,#5910);
#5909 = CARTESIAN_POINT('',(6.28318530718,-0.));
#5910 = VECTOR('',#5911,1.);
#5911 = DIRECTION('',(0.,1.));
#5912 = ( GEOMETRIC_REPRESENTATION_CONTEXT(2) 
PARAMETRIC_REPRESENTATION_CONTEXT() REPRESENTATION_CONTEXT('2D SPACE',''
  ) );
#5913 = PCURVE('',#5406,#5914);
#5914 = DEFINITIONAL_REPRESENTATION('',(#5915),#5919);
#5915 = LINE('',#5916,#5917);
#5916 = CARTESIAN_POINT('',(0.,-0.));
#5917 = VECTOR('',#5918,1.);
#5918 = DIRECTION('',(0.,1.));
#5919 = ( GEOMETRIC_REPRESENTATION_CONTEXT(2) 
PARAMETRIC_REPRESENTATION_CONTEXT() REPRESENTATION_CONTEXT('2D SPACE',''
  ) );
#5920 = ORIENTED_EDGE('',*,*,#5662,.T.);
#5921 = ORIENTED_EDGE('',*,*,#5900,.T.);
#5922 = ADVANCED_FACE('',(#5923),#5437,.F.);
#5923 = FACE_BOUND('',#5924,.F.);
#5924 = EDGE_LOOP('',(#5925,#5926,#5947,#5948));
#5925 = ORIENTED_EDGE('',*,*,#5420,.F.);
#5926 = ORIENTED_EDGE('',*,*,#5927,.F.);
#5927 = EDGE_CURVE('',#5689,#5421,#5928,.T.);
#5928 = SEAM_CURVE('',#5929,(#5933,#5940),.PCURVE_S1.);
#5929 = LINE('',#5930,#5931);
#5930 = CARTESIAN_POINT('',(196.18502884254,-51.,216.56497115745));
#5931 = VECTOR('',#5932,1.);
#5932 = DIRECTION('',(0.,-1.,2.22044604925E-16));
#5933 = PCURVE('',#5437,#5934);
#5934 = DEFINITIONAL_REPRESENTATION('',(#5935),#5939);
#5935 = LINE('',#5936,#5937);
#5936 = CARTESIAN_POINT('',(6.28318530718,-0.));
#5937 = VECTOR('',#5938,1.);
#5938 = DIRECTION('',(0.,1.));
#5939 = ( GEOMETRIC_REPRESENTATION_CONTEXT(2) 
PARAMETRIC_REPRESENTATION_CONTEXT() REPRESENTATION_CONTEXT('2D SPACE',''
  ) );
#5940 = PCURVE('',#5437,#5941);
#5941 = DEFINITIONAL_REPRESENTATION('',(#5942),#5946);
#5942 = LINE('',#5943,#5944);
#5943 = CARTESIAN_POINT('',(0.,-0.));
#5944 = VECTOR('',#5945,1.);
#5945 = DIRECTION('',(0.,1.));
#5946 = ( GEOMETRIC_REPRESENTATION_CONTEXT(2) 
PARAMETRIC_REPRESENTATION_CONTEXT() REPRESENTATION_CONTEXT('2D SPACE',''
  ) );
#5947 = ORIENTED_EDGE('',*,*,#5688,.T.);
#5948 = ORIENTED_EDGE('',*,*,#5927,.T.);
#5949 = ADVANCED_FACE('',(#5950),#5468,.F.);
#5950 = FACE_BOUND('',#5951,.F.);
#5951 = EDGE_LOOP('',(#5952,#5953,#5974,#5975));
#5952 = ORIENTED_EDGE('',*,*,#5451,.F.);
#5953 = ORIENTED_EDGE('',*,*,#5954,.F.);
#5954 = EDGE_CURVE('',#5715,#5452,#5955,.T.);
#5955 = SEAM_CURVE('',#5956,(#5960,#5967),.PCURVE_S1.);
#5956 = LINE('',#5957,#5958);
#5957 = CARTESIAN_POINT('',(169.31497115745,-51.,243.43502884254));
#5958 = VECTOR('',#5959,1.);
#5959 = DIRECTION('',(0.,-1.,2.22044604925E-16));
#5960 = PCURVE('',#5468,#5961);
#5961 = DEFINITIONAL_REPRESENTATION('',(#5962),#5966);
#5962 = LINE('',#5963,#5964);
#5963 = CARTESIAN_POINT('',(6.28318530718,-0.));
#5964 = VECTOR('',#5965,1.);
#5965 = DIRECTION('',(0.,1.));
#5966 = ( GEOMETRIC_REPRESENTATION_CONTEXT(2) 
PARAMETRIC_REPRESENTATION_CONTEXT() REPRESENTATION_CONTEXT('2D SPACE',''
  ) );
#5967 = PCURVE('',#5468,#5968);
#5968 = DEFINITIONAL_REPRESENTATION('',(#5969),#5973);
#5969 = LINE('',#5970,#5971);
#5970 = CARTESIAN_POINT('',(0.,-0.));
#5971 = VECTOR('',#5972,1.);
#5972 = DIRECTION('',(0.,1.));
#5973 = ( GEOMETRIC_REPRESENTATION_CONTEXT(2) 
PARAMETRIC_REPRESENTATION_CONTEXT() REPRESENTATION_CONTEXT('2D SPACE',''
  ) );
#5974 = ORIENTED_EDGE('',*,*,#5714,.T.);
#5975 = ORIENTED_EDGE('',*,*,#5954,.T.);
#5976 = ADVANCED_FACE('',(#5977),#5499,.F.);
#5977 = FACE_BOUND('',#5978,.F.);
#5978 = EDGE_LOOP('',(#5979,#5980,#6001,#6002));
#5979 = ORIENTED_EDGE('',*,*,#5482,.F.);
#5980 = ORIENTED_EDGE('',*,*,#5981,.F.);
#5981 = EDGE_CURVE('',#5741,#5483,#5982,.T.);
#5982 = SEAM_CURVE('',#5983,(#5987,#5994),.PCURVE_S1.);
#5983 = LINE('',#5984,#5985);
#5984 = CARTESIAN_POINT('',(112.48932188134,-51.,300.71067811865));
#5985 = VECTOR('',#5986,1.);
#5986 = DIRECTION('',(0.,-1.,2.22044604925E-16));
#5987 = PCURVE('',#5499,#5988);
#5988 = DEFINITIONAL_REPRESENTATION('',(#5989),#5993);
#5989 = LINE('',#5990,#5991);
#5990 = CARTESIAN_POINT('',(6.28318530718,-0.));
#5991 = VECTOR('',#5992,1.);
#5992 = DIRECTION('',(0.,1.));
#5993 = ( GEOMETRIC_REPRESENTATION_CONTEXT(2) 
PARAMETRIC_REPRESENTATION_CONTEXT() REPRESENTATION_CONTEXT('2D SPACE',''
  ) );
#5994 = PCURVE('',#5499,#5995);
#5995 = DEFINITIONAL_REPRESENTATION('',(#5996),#6000);
#5996 = LINE('',#5997,#5998);
#5997 = CARTESIAN_POINT('',(0.,-0.));
#5998 = VECTOR('',#5999,1.);
#5999 = DIRECTION('',(0.,1.));
#6000 = ( GEOMETRIC_REPRESENTATION_CONTEXT(2) 
PARAMETRIC_REPRESENTATION_CONTEXT() REPRESENTATION_CONTEXT('2D SPACE',''
  ) );
#6001 = ORIENTED_EDGE('',*,*,#5740,.T.);
#6002 = ORIENTED_EDGE('',*,*,#5981,.T.);
#6003 = ADVANCED_FACE('',(#6004),#5530,.F.);
#6004 = FACE_BOUND('',#6005,.F.);
#6005 = EDGE_LOOP('',(#6006,#6007,#6028,#6029));
#6006 = ORIENTED_EDGE('',*,*,#5513,.F.);
#6007 = ORIENTED_EDGE('',*,*,#6008,.F.);
#6008 = EDGE_CURVE('',#5767,#5514,#6009,.T.);
#6009 = SEAM_CURVE('',#6010,(#6014,#6021),.PCURVE_S1.);
#6010 = LINE('',#6011,#6012);
#6011 = CARTESIAN_POINT('',(190.2,-51.,230.));
#6012 = VECTOR('',#6013,1.);
#6013 = DIRECTION('',(0.,-1.,2.22044604925E-16));
#6014 = PCURVE('',#5530,#6015);
#6015 = DEFINITIONAL_REPRESENTATION('',(#6016),#6020);
#6016 = LINE('',#6017,#6018);
#6017 = CARTESIAN_POINT('',(6.28318530718,-0.));
#6018 = VECTOR('',#6019,1.);
#6019 = DIRECTION('',(0.,1.));
#6020 = ( GEOMETRIC_REPRESENTATION_CONTEXT(2) 
PARAMETRIC_REPRESENTATION_CONTEXT() REPRESENTATION_CONTEXT('2D SPACE',''
  ) );
#6021 = PCURVE('',#5530,#6022);
#6022 = DEFINITIONAL_REPRESENTATION('',(#6023),#6027);
#6023 = LINE('',#6024,#6025);
#6024 = CARTESIAN_POINT('',(0.,-0.));
#6025 = VECTOR('',#6026,1.);
#6026 = DIRECTION('',(0.,1.));
#6027 = ( GEOMETRIC_REPRESENTATION_CONTEXT(2) 
PARAMETRIC_REPRESENTATION_CONTEXT() REPRESENTATION_CONTEXT('2D SPACE',''
  ) );
#6028 = ORIENTED_EDGE('',*,*,#5766,.T.);
#6029 = ORIENTED_EDGE('',*,*,#6008,.T.);
#6030 = ADVANCED_FACE('',(#6031),#5561,.F.);
#6031 = FACE_BOUND('',#6032,.F.);
#6032 = EDGE_LOOP('',(#6033,#6034,#6055,#6056));
#6033 = ORIENTED_EDGE('',*,*,#5544,.F.);
#6034 = ORIENTED_EDGE('',*,*,#6035,.F.);
#6035 = EDGE_CURVE('',#5793,#5545,#6036,.T.);
#6036 = SEAM_CURVE('',#6037,(#6041,#6048),.PCURVE_S1.);
#6037 = LINE('',#6038,#6039);
#6038 = CARTESIAN_POINT('',(196.18502884254,-51.,243.43502884254));
#6039 = VECTOR('',#6040,1.);
#6040 = DIRECTION('',(0.,-1.,2.22044604925E-16));
#6041 = PCURVE('',#5561,#6042);
#6042 = DEFINITIONAL_REPRESENTATION('',(#6043),#6047);
#6043 = LINE('',#6044,#6045);
#6044 = CARTESIAN_POINT('',(6.28318530718,-0.));
#6045 = VECTOR('',#6046,1.);
#6046 = DIRECTION('',(0.,1.));
#6047 = ( GEOMETRIC_REPRESENTATION_CONTEXT(2) 
PARAMETRIC_REPRESENTATION_CONTEXT() REPRESENTATION_CONTEXT('2D SPACE',''
  ) );
#6048 = PCURVE('',#5561,#6049);
#6049 = DEFINITIONAL_REPRESENTATION('',(#6050),#6054);
#6050 = LINE('',#6051,#6052);
#6051 = CARTESIAN_POINT('',(0.,-0.));
#6052 = VECTOR('',#6053,1.);
#6053 = DIRECTION('',(0.,1.));
#6054 = ( GEOMETRIC_REPRESENTATION_CONTEXT(2) 
PARAMETRIC_REPRESENTATION_CONTEXT() REPRESENTATION_CONTEXT('2D SPACE',''
  ) );
#6055 = ORIENTED_EDGE('',*,*,#5792,.T.);
#6056 = ORIENTED_EDGE('',*,*,#6035,.T.);
#6057 = ADVANCED_FACE('',(#6058),#5592,.F.);
#6058 = FACE_BOUND('',#6059,.F.);
#6059 = EDGE_LOOP('',(#6060,#6061,#6082,#6083));
#6060 = ORIENTED_EDGE('',*,*,#5575,.F.);
#6061 = ORIENTED_EDGE('',*,*,#6062,.F.);
#6062 = EDGE_CURVE('',#5819,#5576,#6063,.T.);
#6063 = SEAM_CURVE('',#6064,(#6068,#6075),.PCURVE_S1.);
#6064 = LINE('',#6065,#6066);
#6065 = CARTESIAN_POINT('',(253.91067811865,-51.,300.71067811865));
#6066 = VECTOR('',#6067,1.);
#6067 = DIRECTION('',(0.,-1.,2.22044604925E-16));
#6068 = PCURVE('',#5592,#6069);
#6069 = DEFINITIONAL_REPRESENTATION('',(#6070),#6074);
#6070 = LINE('',#6071,#6072);
#6071 = CARTESIAN_POINT('',(6.28318530718,-0.));
#6072 = VECTOR('',#6073,1.);
#6073 = DIRECTION('',(0.,1.));
#6074 = ( GEOMETRIC_REPRESENTATION_CONTEXT(2) 
PARAMETRIC_REPRESENTATION_CONTEXT() REPRESENTATION_CONTEXT('2D SPACE',''
  ) );
#6075 = PCURVE('',#5592,#6076);
#6076 = DEFINITIONAL_REPRESENTATION('',(#6077),#6081);
#6077 = LINE('',#6078,#6079);
#6078 = CARTESIAN_POINT('',(0.,-0.));
#6079 = VECTOR('',#6080,1.);
#6080 = DIRECTION('',(0.,1.));
#6081 = ( GEOMETRIC_REPRESENTATION_CONTEXT(2) 
PARAMETRIC_REPRESENTATION_CONTEXT() REPRESENTATION_CONTEXT('2D SPACE',''
  ) );
#6082 = ORIENTED_EDGE('',*,*,#5818,.T.);
#6083 = ORIENTED_EDGE('',*,*,#6062,.T.);
#6084 = ( GEOMETRIC_REPRESENTATION_CONTEXT(3) 
GLOBAL_UNCERTAINTY_ASSIGNED_CONTEXT((#6088)) 
GLOBAL_UNIT_ASSIGNED_CONTEXT((#6085,#6086,#6087)) REPRESENTATION_CONTEXT
('Context #1','3D Context with UNIT and UNCERTAINTY') );
#6085 = ( LENGTH_UNIT() NAMED_UNIT(*) SI_UNIT(.MILLI.,.METRE.) );
#6086 = ( NAMED_UNIT(*) PLANE_ANGLE_UNIT() SI_UNIT($,.RADIAN.) );
#6087 = ( NAMED_UNIT(*) SI_UNIT($,.STERADIAN.) SOLID_ANGLE_UNIT() );
#6088 = UNCERTAINTY_MEASURE_WITH_UNIT(LENGTH_MEASURE(1.E-07),#6085,
  'distance_accuracy_value','confusion accuracy');
#6089 = CONTEXT_DEPENDENT_SHAPE_REPRESENTATION(#6090,#6092);
#6090 = ( REPRESENTATION_RELATIONSHIP('','',#4375,#10) 
REPRESENTATION_RELATIONSHIP_WITH_TRANSFORMATION(#6091) 
SHAPE_REPRESENTATION_RELATIONSHIP() );
#6091 = ITEM_DEFINED_TRANSFORMATION('','',#11,#35);
#6092 = PRODUCT_DEFINITION_SHAPE('Placement','Placement of an item',
  #6093);
#6093 = NEXT_ASSEMBLY_USAGE_OCCURRENCE('42','=>[0:1:1:7]','',#5,#4370,$
  );
#6094 = PRODUCT_RELATED_PRODUCT_CATEGORY('part',$,(#4372));
#6095 = SHAPE_DEFINITION_REPRESENTATION(#6096,#6102);
#6096 = PRODUCT_DEFINITION_SHAPE('','',#6097);
#6097 = PRODUCT_DEFINITION('design','',#6098,#6101);
#6098 = PRODUCT_DEFINITION_FORMATION('','',#6099);
#6099 = PRODUCT('COMPOUND','COMPOUND','',(#6100));
#6100 = PRODUCT_CONTEXT('',#2,'mechanical');
#6101 = PRODUCT_DEFINITION_CONTEXT('part definition',#2,'design');
#6102 = SHAPE_REPRESENTATION('',(#11,#6103,#6201,#6299,#6397),#6495);
#6103 = MANIFOLD_SOLID_BREP('',#6104);
#6104 = CLOSED_SHELL('',(#6105,#6193,#6197));
#6105 = ADVANCED_FACE('',(#6106),#6119,.T.);
#6106 = FACE_BOUND('',#6107,.T.);
#6107 = EDGE_LOOP('',(#6108,#6142,#6165,#6192));
#6108 = ORIENTED_EDGE('',*,*,#6109,.F.);
#6109 = EDGE_CURVE('',#6110,#6110,#6112,.T.);
#6110 = VERTEX_POINT('',#6111);
#6111 = CARTESIAN_POINT('',(253.71067811865,-63.,300.71067811865));
#6112 = SURFACE_CURVE('',#6113,(#6118,#6130),.PCURVE_S1.);
#6113 = CIRCLE('',#6114,3.);
#6114 = AXIS2_PLACEMENT_3D('',#6115,#6116,#6117);
#6115 = CARTESIAN_POINT('',(250.71067811865,-63.,300.71067811865));
#6116 = DIRECTION('',(0.,-1.,2.22044604925E-16));
#6117 = DIRECTION('',(1.,0.,0.));
#6118 = PCURVE('',#6119,#6124);
#6119 = CYLINDRICAL_SURFACE('',#6120,3.);
#6120 = AXIS2_PLACEMENT_3D('',#6121,#6122,#6123);
#6121 = CARTESIAN_POINT('',(250.71067811865,63.,300.71067811865));
#6122 = DIRECTION('',(0.,-1.,2.22044604925E-16));
#6123 = DIRECTION('',(1.,0.,0.));
#6124 = DEFINITIONAL_REPRESENTATION('',(#6125),#6129);
#6125 = LINE('',#6126,#6127);
#6126 = CARTESIAN_POINT('',(0.,126.));
#6127 = VECTOR('',#6128,1.);
#6128 = DIRECTION('',(1.,0.));
#6129 = ( GEOMETRIC_REPRESENTATION_CONTEXT(2) 
PARAMETRIC_REPRESENTATION_CONTEXT() REPRESENTATION_CONTEXT('2D SPACE',''
  ) );
#6130 = PCURVE('',#6131,#6136);
#6131 = PLANE('',#6132);
#6132 = AXIS2_PLACEMENT_3D('',#6133,#6134,#6135);
#6133 = CARTESIAN_POINT('',(250.71067811865,-63.,300.71067811865));
#6134 = DIRECTION('',(0.,-1.,2.22044604925E-16));
#6135 = DIRECTION('',(1.,0.,0.));
#6136 = DEFINITIONAL_REPRESENTATION('',(#6137),#6141);
#6137 = CIRCLE('',#6138,3.);
#6138 = AXIS2_PLACEMENT_2D('',#6139,#6140);
#6139 = CARTESIAN_POINT('',(0.,0.));
#6140 = DIRECTION('',(1.,0.));
#6141 = ( GEOMETRIC_REPRESENTATION_CONTEXT(2) 
PARAMETRIC_REPRESENTATION_CONTEXT() REPRESENTATION_CONTEXT('2D SPACE',''
  ) );
#6142 = ORIENTED_EDGE('',*,*,#6143,.F.);
#6143 = EDGE_CURVE('',#6144,#6110,#6146,.T.);
#6144 = VERTEX_POINT('',#6145);
#6145 = CARTESIAN_POINT('',(253.71067811865,63.,300.71067811865));
#6146 = SEAM_CURVE('',#6147,(#6151,#6158),.PCURVE_S1.);
#6147 = LINE('',#6148,#6149);
#6148 = CARTESIAN_POINT('',(253.71067811865,63.,300.71067811865));
#6149 = VECTOR('',#6150,1.);
#6150 = DIRECTION('',(0.,-1.,2.22044604925E-16));
#6151 = PCURVE('',#6119,#6152);
#6152 = DEFINITIONAL_REPRESENTATION('',(#6153),#6157);
#6153 = LINE('',#6154,#6155);
#6154 = CARTESIAN_POINT('',(6.28318530718,-0.));
#6155 = VECTOR('',#6156,1.);
#6156 = DIRECTION('',(0.,1.));
#6157 = ( GEOMETRIC_REPRESENTATION_CONTEXT(2) 
PARAMETRIC_REPRESENTATION_CONTEXT() REPRESENTATION_CONTEXT('2D SPACE',''
  ) );
#6158 = PCURVE('',#6119,#6159);
#6159 = DEFINITIONAL_REPRESENTATION('',(#6160),#6164);
#6160 = LINE('',#6161,#6162);
#6161 = CARTESIAN_POINT('',(0.,-0.));
#6162 = VECTOR('',#6163,1.);
#6163 = DIRECTION('',(0.,1.));
#6164 = ( GEOMETRIC_REPRESENTATION_CONTEXT(2) 
PARAMETRIC_REPRESENTATION_CONTEXT() REPRESENTATION_CONTEXT('2D SPACE',''
  ) );
#6165 = ORIENTED_EDGE('',*,*,#6166,.T.);
#6166 = EDGE_CURVE('',#6144,#6144,#6167,.T.);
#6167 = SURFACE_CURVE('',#6168,(#6173,#6180),.PCURVE_S1.);
#6168 = CIRCLE('',#6169,3.);
#6169 = AXIS2_PLACEMENT_3D('',#6170,#6171,#6172);
#6170 = CARTESIAN_POINT('',(250.71067811865,63.,300.71067811865));
#6171 = DIRECTION('',(0.,-1.,2.22044604925E-16));
#6172 = DIRECTION('',(1.,0.,0.));
#6173 = PCURVE('',#6119,#6174);
#6174 = DEFINITIONAL_REPRESENTATION('',(#6175),#6179);
#6175 = LINE('',#6176,#6177);
#6176 = CARTESIAN_POINT('',(0.,0.));
#6177 = VECTOR('',#6178,1.);
#6178 = DIRECTION('',(1.,0.));
#6179 = ( GEOMETRIC_REPRESENTATION_CONTEXT(2) 
PARAMETRIC_REPRESENTATION_CONTEXT() REPRESENTATION_CONTEXT('2D SPACE',''
  ) );
#6180 = PCURVE('',#6181,#6186);
#6181 = PLANE('',#6182);
#6182 = AXIS2_PLACEMENT_3D('',#6183,#6184,#6185);
#6183 = CARTESIAN_POINT('',(250.71067811865,63.,300.71067811865));
#6184 = DIRECTION('',(0.,-1.,2.22044604925E-16));
#6185 = DIRECTION('',(1.,0.,0.));
#6186 = DEFINITIONAL_REPRESENTATION('',(#6187),#6191);
#6187 = CIRCLE('',#6188,3.);
#6188 = AXIS2_PLACEMENT_2D('',#6189,#6190);
#6189 = CARTESIAN_POINT('',(0.,0.));
#6190 = DIRECTION('',(1.,0.));
#6191 = ( GEOMETRIC_REPRESENTATION_CONTEXT(2) 
PARAMETRIC_REPRESENTATION_CONTEXT() REPRESENTATION_CONTEXT('2D SPACE',''
  ) );
#6192 = ORIENTED_EDGE('',*,*,#6143,.T.);
#6193 = ADVANCED_FACE('',(#6194),#6131,.T.);
#6194 = FACE_BOUND('',#6195,.T.);
#6195 = EDGE_LOOP('',(#6196));
#6196 = ORIENTED_EDGE('',*,*,#6109,.T.);
#6197 = ADVANCED_FACE('',(#6198),#6181,.F.);
#6198 = FACE_BOUND('',#6199,.T.);
#6199 = EDGE_LOOP('',(#6200));
#6200 = ORIENTED_EDGE('',*,*,#6166,.F.);
#6201 = MANIFOLD_SOLID_BREP('',#6202);
#6202 = CLOSED_SHELL('',(#6203,#6291,#6295));
#6203 = ADVANCED_FACE('',(#6204),#6217,.T.);
#6204 = FACE_BOUND('',#6205,.T.);
#6205 = EDGE_LOOP('',(#6206,#6240,#6263,#6290));
#6206 = ORIENTED_EDGE('',*,*,#6207,.F.);
#6207 = EDGE_CURVE('',#6208,#6208,#6210,.T.);
#6208 = VERTEX_POINT('',#6209);
#6209 = CARTESIAN_POINT('',(112.28932188134,-63.,300.71067811865));
#6210 = SURFACE_CURVE('',#6211,(#6216,#6228),.PCURVE_S1.);
#6211 = CIRCLE('',#6212,3.);
#6212 = AXIS2_PLACEMENT_3D('',#6213,#6214,#6215);
#6213 = CARTESIAN_POINT('',(109.28932188134,-63.,300.71067811865));
#6214 = DIRECTION('',(0.,-1.,2.22044604925E-16));
#6215 = DIRECTION('',(1.,0.,0.));
#6216 = PCURVE('',#6217,#6222);
#6217 = CYLINDRICAL_SURFACE('',#6218,3.);
#6218 = AXIS2_PLACEMENT_3D('',#6219,#6220,#6221);
#6219 = CARTESIAN_POINT('',(109.28932188134,63.,300.71067811865));
#6220 = DIRECTION('',(0.,-1.,2.22044604925E-16));
#6221 = DIRECTION('',(1.,0.,0.));
#6222 = DEFINITIONAL_REPRESENTATION('',(#6223),#6227);
#6223 = LINE('',#6224,#6225);
#6224 = CARTESIAN_POINT('',(0.,126.));
#6225 = VECTOR('',#6226,1.);
#6226 = DIRECTION('',(1.,0.));
#6227 = ( GEOMETRIC_REPRESENTATION_CONTEXT(2) 
PARAMETRIC_REPRESENTATION_CONTEXT() REPRESENTATION_CONTEXT('2D SPACE',''
  ) );
#6228 = PCURVE('',#6229,#6234);
#6229 = PLANE('',#6230);
#6230 = AXIS2_PLACEMENT_3D('',#6231,#6232,#6233);
#6231 = CARTESIAN_POINT('',(109.28932188134,-63.,300.71067811865));
#6232 = DIRECTION('',(0.,-1.,2.22044604925E-16));
#6233 = DIRECTION('',(1.,0.,0.));
#6234 = DEFINITIONAL_REPRESENTATION('',(#6235),#6239);
#6235 = CIRCLE('',#6236,3.);
#6236 = AXIS2_PLACEMENT_2D('',#6237,#6238);
#6237 = CARTESIAN_POINT('',(0.,0.));
#6238 = DIRECTION('',(1.,0.));
#6239 = ( GEOMETRIC_REPRESENTATION_CONTEXT(2) 
PARAMETRIC_REPRESENTATION_CONTEXT() REPRESENTATION_CONTEXT('2D SPACE',''
  ) );
#6240 = ORIENTED_EDGE('',*,*,#6241,.F.);
#6241 = EDGE_CURVE('',#6242,#6208,#6244,.T.);
#6242 = VERTEX_POINT('',#6243);
#6243 = CARTESIAN_POINT('',(112.28932188134,63.,300.71067811865));
#6244 = SEAM_CURVE('',#6245,(#6249,#6256),.PCURVE_S1.);
#6245 = LINE('',#6246,#6247);
#6246 = CARTESIAN_POINT('',(112.28932188134,63.,300.71067811865));
#6247 = VECTOR('',#6248,1.);
#6248 = DIRECTION('',(0.,-1.,2.22044604925E-16));
#6249 = PCURVE('',#6217,#6250);
#6250 = DEFINITIONAL_REPRESENTATION('',(#6251),#6255);
#6251 = LINE('',#6252,#6253);
#6252 = CARTESIAN_POINT('',(6.28318530718,-0.));
#6253 = VECTOR('',#6254,1.);
#6254 = DIRECTION('',(0.,1.));
#6255 = ( GEOMETRIC_REPRESENTATION_CONTEXT(2) 
PARAMETRIC_REPRESENTATION_CONTEXT() REPRESENTATION_CONTEXT('2D SPACE',''
  ) );
#6256 = PCURVE('',#6217,#6257);
#6257 = DEFINITIONAL_REPRESENTATION('',(#6258),#6262);
#6258 = LINE('',#6259,#6260);
#6259 = CARTESIAN_POINT('',(0.,-0.));
#6260 = VECTOR('',#6261,1.);
#6261 = DIRECTION('',(0.,1.));
#6262 = ( GEOMETRIC_REPRESENTATION_CONTEXT(2) 
PARAMETRIC_REPRESENTATION_CONTEXT() REPRESENTATION_CONTEXT('2D SPACE',''
  ) );
#6263 = ORIENTED_EDGE('',*,*,#6264,.T.);
#6264 = EDGE_CURVE('',#6242,#6242,#6265,.T.);
#6265 = SURFACE_CURVE('',#6266,(#6271,#6278),.PCURVE_S1.);
#6266 = CIRCLE('',#6267,3.);
#6267 = AXIS2_PLACEMENT_3D('',#6268,#6269,#6270);
#6268 = CARTESIAN_POINT('',(109.28932188134,63.,300.71067811865));
#6269 = DIRECTION('',(0.,-1.,2.22044604925E-16));
#6270 = DIRECTION('',(1.,0.,0.));
#6271 = PCURVE('',#6217,#6272);
#6272 = DEFINITIONAL_REPRESENTATION('',(#6273),#6277);
#6273 = LINE('',#6274,#6275);
#6274 = CARTESIAN_POINT('',(0.,0.));
#6275 = VECTOR('',#6276,1.);
#6276 = DIRECTION('',(1.,0.));
#6277 = ( GEOMETRIC_REPRESENTATION_CONTEXT(2) 
PARAMETRIC_REPRESENTATION_CONTEXT() REPRESENTATION_CONTEXT('2D SPACE',''
  ) );
#6278 = PCURVE('',#6279,#6284);
#6279 = PLANE('',#6280);
#6280 = AXIS2_PLACEMENT_3D('',#6281,#6282,#6283);
#6281 = CARTESIAN_POINT('',(109.28932188134,63.,300.71067811865));
#6282 = DIRECTION('',(0.,-1.,2.22044604925E-16));
#6283 = DIRECTION('',(1.,0.,0.));
#6284 = DEFINITIONAL_REPRESENTATION('',(#6285),#6289);
#6285 = CIRCLE('',#6286,3.);
#6286 = AXIS2_PLACEMENT_2D('',#6287,#6288);
#6287 = CARTESIAN_POINT('',(0.,0.));
#6288 = DIRECTION('',(1.,0.));
#6289 = ( GEOMETRIC_REPRESENTATION_CONTEXT(2) 
PARAMETRIC_REPRESENTATION_CONTEXT() REPRESENTATION_CONTEXT('2D SPACE',''
  ) );
#6290 = ORIENTED_EDGE('',*,*,#6241,.T.);
#6291 = ADVANCED_FACE('',(#6292),#6229,.T.);
#6292 = FACE_BOUND('',#6293,.T.);
#6293 = EDGE_LOOP('',(#6294));
#6294 = ORIENTED_EDGE('',*,*,#6207,.T.);
#6295 = ADVANCED_FACE('',(#6296),#6279,.F.);
#6296 = FACE_BOUND('',#6297,.T.);
#6297 = EDGE_LOOP('',(#6298));
#6298 = ORIENTED_EDGE('',*,*,#6264,.F.);
#6299 = MANIFOLD_SOLID_BREP('',#6300);
#6300 = CLOSED_SHELL('',(#6301,#6389,#6393));
#6301 = ADVANCED_FACE('',(#6302),#6315,.T.);
#6302 = FACE_BOUND('',#6303,.T.);
#6303 = EDGE_LOOP('',(#6304,#6338,#6361,#6388));
#6304 = ORIENTED_EDGE('',*,*,#6305,.F.);
#6305 = EDGE_CURVE('',#6306,#6306,#6308,.T.);
#6306 = VERTEX_POINT('',#6307);
#6307 = CARTESIAN_POINT('',(112.28932188134,-63.,159.28932188134));
#6308 = SURFACE_CURVE('',#6309,(#6314,#6326),.PCURVE_S1.);
#6309 = CIRCLE('',#6310,3.);
#6310 = AXIS2_PLACEMENT_3D('',#6311,#6312,#6313);
#6311 = CARTESIAN_POINT('',(109.28932188134,-63.,159.28932188134));
#6312 = DIRECTION('',(0.,-1.,2.22044604925E-16));
#6313 = DIRECTION('',(1.,0.,0.));
#6314 = PCURVE('',#6315,#6320);
#6315 = CYLINDRICAL_SURFACE('',#6316,3.);
#6316 = AXIS2_PLACEMENT_3D('',#6317,#6318,#6319);
#6317 = CARTESIAN_POINT('',(109.28932188134,63.,159.28932188134));
#6318 = DIRECTION('',(0.,-1.,2.22044604925E-16));
#6319 = DIRECTION('',(1.,0.,0.));
#6320 = DEFINITIONAL_REPRESENTATION('',(#6321),#6325);
#6321 = LINE('',#6322,#6323);
#6322 = CARTESIAN_POINT('',(0.,126.));
#6323 = VECTOR('',#6324,1.);
#6324 = DIRECTION('',(1.,0.));
#6325 = ( GEOMETRIC_REPRESENTATION_CONTEXT(2) 
PARAMETRIC_REPRESENTATION_CONTEXT() REPRESENTATION_CONTEXT('2D SPACE',''
  ) );
#6326 = PCURVE('',#6327,#6332);
#6327 = PLANE('',#6328);
#6328 = AXIS2_PLACEMENT_3D('',#6329,#6330,#6331);
#6329 = CARTESIAN_POINT('',(109.28932188134,-63.,159.28932188134));
#6330 = DIRECTION('',(0.,-1.,2.22044604925E-16));
#6331 = DIRECTION('',(1.,0.,0.));
#6332 = DEFINITIONAL_REPRESENTATION('',(#6333),#6337);
#6333 = CIRCLE('',#6334,3.);
#6334 = AXIS2_PLACEMENT_2D('',#6335,#6336);
#6335 = CARTESIAN_POINT('',(0.,0.));
#6336 = DIRECTION('',(1.,0.));
#6337 = ( GEOMETRIC_REPRESENTATION_CONTEXT(2) 
PARAMETRIC_REPRESENTATION_CONTEXT() REPRESENTATION_CONTEXT('2D SPACE',''
  ) );
#6338 = ORIENTED_EDGE('',*,*,#6339,.F.);
#6339 = EDGE_CURVE('',#6340,#6306,#6342,.T.);
#6340 = VERTEX_POINT('',#6341);
#6341 = CARTESIAN_POINT('',(112.28932188134,63.,159.28932188134));
#6342 = SEAM_CURVE('',#6343,(#6347,#6354),.PCURVE_S1.);
#6343 = LINE('',#6344,#6345);
#6344 = CARTESIAN_POINT('',(112.28932188134,63.,159.28932188134));
#6345 = VECTOR('',#6346,1.);
#6346 = DIRECTION('',(0.,-1.,2.22044604925E-16));
#6347 = PCURVE('',#6315,#6348);
#6348 = DEFINITIONAL_REPRESENTATION('',(#6349),#6353);
#6349 = LINE('',#6350,#6351);
#6350 = CARTESIAN_POINT('',(6.28318530718,-0.));
#6351 = VECTOR('',#6352,1.);
#6352 = DIRECTION('',(0.,1.));
#6353 = ( GEOMETRIC_REPRESENTATION_CONTEXT(2) 
PARAMETRIC_REPRESENTATION_CONTEXT() REPRESENTATION_CONTEXT('2D SPACE',''
  ) );
#6354 = PCURVE('',#6315,#6355);
#6355 = DEFINITIONAL_REPRESENTATION('',(#6356),#6360);
#6356 = LINE('',#6357,#6358);
#6357 = CARTESIAN_POINT('',(0.,-0.));
#6358 = VECTOR('',#6359,1.);
#6359 = DIRECTION('',(0.,1.));
#6360 = ( GEOMETRIC_REPRESENTATION_CONTEXT(2) 
PARAMETRIC_REPRESENTATION_CONTEXT() REPRESENTATION_CONTEXT('2D SPACE',''
  ) );
#6361 = ORIENTED_EDGE('',*,*,#6362,.T.);
#6362 = EDGE_CURVE('',#6340,#6340,#6363,.T.);
#6363 = SURFACE_CURVE('',#6364,(#6369,#6376),.PCURVE_S1.);
#6364 = CIRCLE('',#6365,3.);
#6365 = AXIS2_PLACEMENT_3D('',#6366,#6367,#6368);
#6366 = CARTESIAN_POINT('',(109.28932188134,63.,159.28932188134));
#6367 = DIRECTION('',(0.,-1.,2.22044604925E-16));
#6368 = DIRECTION('',(1.,0.,0.));
#6369 = PCURVE('',#6315,#6370);
#6370 = DEFINITIONAL_REPRESENTATION('',(#6371),#6375);
#6371 = LINE('',#6372,#6373);
#6372 = CARTESIAN_POINT('',(0.,0.));
#6373 = VECTOR('',#6374,1.);
#6374 = DIRECTION('',(1.,0.));
#6375 = ( GEOMETRIC_REPRESENTATION_CONTEXT(2) 
PARAMETRIC_REPRESENTATION_CONTEXT() REPRESENTATION_CONTEXT('2D SPACE',''
  ) );
#6376 = PCURVE('',#6377,#6382);
#6377 = PLANE('',#6378);
#6378 = AXIS2_PLACEMENT_3D('',#6379,#6380,#6381);
#6379 = CARTESIAN_POINT('',(109.28932188134,63.,159.28932188134));
#6380 = DIRECTION('',(0.,-1.,2.22044604925E-16));
#6381 = DIRECTION('',(1.,0.,0.));
#6382 = DEFINITIONAL_REPRESENTATION('',(#6383),#6387);
#6383 = CIRCLE('',#6384,3.);
#6384 = AXIS2_PLACEMENT_2D('',#6385,#6386);
#6385 = CARTESIAN_POINT('',(0.,0.));
#6386 = DIRECTION('',(1.,0.));
#6387 = ( GEOMETRIC_REPRESENTATION_CONTEXT(2) 
PARAMETRIC_REPRESENTATION_CONTEXT() REPRESENTATION_CONTEXT('2D SPACE',''
  ) );
#6388 = ORIENTED_EDGE('',*,*,#6339,.T.);
#6389 = ADVANCED_FACE('',(#6390),#6327,.T.);
#6390 = FACE_BOUND('',#6391,.T.);
#6391 = EDGE_LOOP('',(#6392));
#6392 = ORIENTED_EDGE('',*,*,#6305,.T.);
#6393 = ADVANCED_FACE('',(#6394),#6377,.F.);
#6394 = FACE_BOUND('',#6395,.T.);
#6395 = EDGE_LOOP('',(#6396));
#6396 = ORIENTED_EDGE('',*,*,#6362,.F.);
#6397 = MANIFOLD_SOLID_BREP('',#6398);
#6398 = CLOSED_SHELL('',(#6399,#6487,#6491));
#6399 = ADVANCED_FACE('',(#6400),#6413,.T.);
#6400 = FACE_BOUND('',#6401,.T.);
#6401 = EDGE_LOOP('',(#6402,#6436,#6459,#6486));
#6402 = ORIENTED_EDGE('',*,*,#6403,.F.);
#6403 = EDGE_CURVE('',#6404,#6404,#6406,.T.);
#6404 = VERTEX_POINT('',#6405);
#6405 = CARTESIAN_POINT('',(253.71067811865,-63.,159.28932188134));
#6406 = SURFACE_CURVE('',#6407,(#6412,#6424),.PCURVE_S1.);
#6407 = CIRCLE('',#6408,3.);
#6408 = AXIS2_PLACEMENT_3D('',#6409,#6410,#6411);
#6409 = CARTESIAN_POINT('',(250.71067811865,-63.,159.28932188134));
#6410 = DIRECTION('',(0.,-1.,2.22044604925E-16));
#6411 = DIRECTION('',(1.,0.,0.));
#6412 = PCURVE('',#6413,#6418);
#6413 = CYLINDRICAL_SURFACE('',#6414,3.);
#6414 = AXIS2_PLACEMENT_3D('',#6415,#6416,#6417);
#6415 = CARTESIAN_POINT('',(250.71067811865,63.,159.28932188134));
#6416 = DIRECTION('',(0.,-1.,2.22044604925E-16));
#6417 = DIRECTION('',(1.,0.,0.));
#6418 = DEFINITIONAL_REPRESENTATION('',(#6419),#6423);
#6419 = LINE('',#6420,#6421);
#6420 = CARTESIAN_POINT('',(0.,126.));
#6421 = VECTOR('',#6422,1.);
#6422 = DIRECTION('',(1.,0.));
#6423 = ( GEOMETRIC_REPRESENTATION_CONTEXT(2) 
PARAMETRIC_REPRESENTATION_CONTEXT() REPRESENTATION_CONTEXT('2D SPACE',''
  ) );
#6424 = PCURVE('',#6425,#6430);
#6425 = PLANE('',#6426);
#6426 = AXIS2_PLACEMENT_3D('',#6427,#6428,#6429);
#6427 = CARTESIAN_POINT('',(250.71067811865,-63.,159.28932188134));
#6428 = DIRECTION('',(0.,-1.,2.22044604925E-16));
#6429 = DIRECTION('',(1.,0.,0.));
#6430 = DEFINITIONAL_REPRESENTATION('',(#6431),#6435);
#6431 = CIRCLE('',#6432,3.);
#6432 = AXIS2_PLACEMENT_2D('',#6433,#6434);
#6433 = CARTESIAN_POINT('',(0.,0.));
#6434 = DIRECTION('',(1.,0.));
#6435 = ( GEOMETRIC_REPRESENTATION_CONTEXT(2) 
PARAMETRIC_REPRESENTATION_CONTEXT() REPRESENTATION_CONTEXT('2D SPACE',''
  ) );
#6436 = ORIENTED_EDGE('',*,*,#6437,.F.);
#6437 = EDGE_CURVE('',#6438,#6404,#6440,.T.);
#6438 = VERTEX_POINT('',#6439);
#6439 = CARTESIAN_POINT('',(253.71067811865,63.,159.28932188134));
#6440 = SEAM_CURVE('',#6441,(#6445,#6452),.PCURVE_S1.);
#6441 = LINE('',#6442,#6443);
#6442 = CARTESIAN_POINT('',(253.71067811865,63.,159.28932188134));
#6443 = VECTOR('',#6444,1.);
#6444 = DIRECTION('',(0.,-1.,2.22044604925E-16));
#6445 = PCURVE('',#6413,#6446);
#6446 = DEFINITIONAL_REPRESENTATION('',(#6447),#6451);
#6447 = LINE('',#6448,#6449);
#6448 = CARTESIAN_POINT('',(6.28318530718,-0.));
#6449 = VECTOR('',#6450,1.);
#6450 = DIRECTION('',(0.,1.));
#6451 = ( GEOMETRIC_REPRESENTATION_CONTEXT(2) 
PARAMETRIC_REPRESENTATION_CONTEXT() REPRESENTATION_CONTEXT('2D SPACE',''
  ) );
#6452 = PCURVE('',#6413,#6453);
#6453 = DEFINITIONAL_REPRESENTATION('',(#6454),#6458);
#6454 = LINE('',#6455,#6456);
#6455 = CARTESIAN_POINT('',(0.,-0.));
#6456 = VECTOR('',#6457,1.);
#6457 = DIRECTION('',(0.,1.));
#6458 = ( GEOMETRIC_REPRESENTATION_CONTEXT(2) 
PARAMETRIC_REPRESENTATION_CONTEXT() REPRESENTATION_CONTEXT('2D SPACE',''
  ) );
#6459 = ORIENTED_EDGE('',*,*,#6460,.T.);
#6460 = EDGE_CURVE('',#6438,#6438,#6461,.T.);
#6461 = SURFACE_CURVE('',#6462,(#6467,#6474),.PCURVE_S1.);
#6462 = CIRCLE('',#6463,3.);
#6463 = AXIS2_PLACEMENT_3D('',#6464,#6465,#6466);
#6464 = CARTESIAN_POINT('',(250.71067811865,63.,159.28932188134));
#6465 = DIRECTION('',(0.,-1.,2.22044604925E-16));
#6466 = DIRECTION('',(1.,0.,0.));
#6467 = PCURVE('',#6413,#6468);
#6468 = DEFINITIONAL_REPRESENTATION('',(#6469),#6473);
#6469 = LINE('',#6470,#6471);
#6470 = CARTESIAN_POINT('',(0.,0.));
#6471 = VECTOR('',#6472,1.);
#6472 = DIRECTION('',(1.,0.));
#6473 = ( GEOMETRIC_REPRESENTATION_CONTEXT(2) 
PARAMETRIC_REPRESENTATION_CONTEXT() REPRESENTATION_CONTEXT('2D SPACE',''
  ) );
#6474 = PCURVE('',#6475,#6480);
#6475 = PLANE('',#6476);
#6476 = AXIS2_PLACEMENT_3D('',#6477,#6478,#6479);
#6477 = CARTESIAN_POINT('',(250.71067811865,63.,159.28932188134));
#6478 = DIRECTION('',(0.,-1.,2.22044604925E-16));
#6479 = DIRECTION('',(1.,0.,0.));
#6480 = DEFINITIONAL_REPRESENTATION('',(#6481),#6485);
#6481 = CIRCLE('',#6482,3.);
#6482 = AXIS2_PLACEMENT_2D('',#6483,#6484);
#6483 = CARTESIAN_POINT('',(0.,0.));
#6484 = DIRECTION('',(1.,0.));
#6485 = ( GEOMETRIC_REPRESENTATION_CONTEXT(2) 
PARAMETRIC_REPRESENTATION_CONTEXT() REPRESENTATION_CONTEXT('2D SPACE',''
  ) );
#6486 = ORIENTED_EDGE('',*,*,#6437,.T.);
#6487 = ADVANCED_FACE('',(#6488),#6425,.T.);
#6488 = FACE_BOUND('',#6489,.T.);
#6489 = EDGE_LOOP('',(#6490));
#6490 = ORIENTED_EDGE('',*,*,#6403,.T.);
#6491 = ADVANCED_FACE('',(#6492),#6475,.F.);
#6492 = FACE_BOUND('',#6493,.T.);
#6493 = EDGE_LOOP('',(#6494));
#6494 = ORIENTED_EDGE('',*,*,#6460,.F.);
#6495 = ( GEOMETRIC_REPRESENTATION_CONTEXT(3) 
GLOBAL_UNCERTAINTY_ASSIGNED_CONTEXT((#6499)) 
GLOBAL_UNIT_ASSIGNED_CONTEXT((#6496,#6497,#6498)) REPRESENTATION_CONTEXT
('Context #1','3D Context with UNIT and UNCERTAINTY') );
#6496 = ( LENGTH_UNIT() NAMED_UNIT(*) SI_UNIT(.MILLI.,.METRE.) );
#6497 = ( NAMED_UNIT(*) PLANE_ANGLE_UNIT() SI_UNIT($,.RADIAN.) );
#6498 = ( NAMED_UNIT(*) SI_UNIT($,.STERADIAN.) SOLID_ANGLE_UNIT() );
#6499 = UNCERTAINTY_MEASURE_WITH_UNIT(LENGTH_MEASURE(1.E-07),#6496,
  'distance_accuracy_value','confusion accuracy');
#6500 = CONTEXT_DEPENDENT_SHAPE_REPRESENTATION(#6501,#6503);
#6501 = ( REPRESENTATION_RELATIONSHIP('','',#6102,#10) 
REPRESENTATION_RELATIONSHIP_WITH_TRANSFORMATION(#6502) 
SHAPE_REPRESENTATION_RELATIONSHIP() );
#6502 = ITEM_DEFINED_TRANSFORMATION('','',#11,#39);
#6503 = PRODUCT_DEFINITION_SHAPE('Placement','Placement of an item',
  #6504);
#6504 = NEXT_ASSEMBLY_USAGE_OCCURRENCE('43','=>[0:1:1:8]','',#5,#6097,$
  );
#6505 = PRODUCT_RELATED_PRODUCT_CATEGORY('part',$,(#6099));
#6506 = SHAPE_DEFINITION_REPRESENTATION(#6507,#6513);
#6507 = PRODUCT_DEFINITION_SHAPE('','',#6508);
#6508 = PRODUCT_DEFINITION('design','',#6509,#6512);
#6509 = PRODUCT_DEFINITION_FORMATION('','',#6510);
#6510 = PRODUCT('COMPOUND','COMPOUND','',(#6511));
#6511 = PRODUCT_CONTEXT('',#2,'mechanical');
#6512 = PRODUCT_DEFINITION_CONTEXT('part definition',#2,'design');
#6513 = SHAPE_REPRESENTATION('',(#11,#6514,#6786),#7058);
#6514 = MANIFOLD_SOLID_BREP('',#6515);
#6515 = CLOSED_SHELL('',(#6516,#6604,#6639,#6674,#6729,#6779));
#6516 = ADVANCED_FACE('',(#6517),#6530,.T.);
#6517 = FACE_BOUND('',#6518,.T.);
#6518 = EDGE_LOOP('',(#6519,#6553,#6576,#6603));
#6519 = ORIENTED_EDGE('',*,*,#6520,.F.);
#6520 = EDGE_CURVE('',#6521,#6521,#6523,.T.);
#6521 = VERTEX_POINT('',#6522);
#6522 = CARTESIAN_POINT('',(205.,58.,230.));
#6523 = SURFACE_CURVE('',#6524,(#6529,#6541),.PCURVE_S1.);
#6524 = CIRCLE('',#6525,25.);
#6525 = AXIS2_PLACEMENT_3D('',#6526,#6527,#6528);
#6526 = CARTESIAN_POINT('',(180.,58.,230.));
#6527 = DIRECTION('',(0.,-1.,2.22044604925E-16));
#6528 = DIRECTION('',(1.,0.,0.));
#6529 = PCURVE('',#6530,#6535);
#6530 = CYLINDRICAL_SURFACE('',#6531,25.);
#6531 = AXIS2_PLACEMENT_3D('',#6532,#6533,#6534);
#6532 = CARTESIAN_POINT('',(180.,63.,230.));
#6533 = DIRECTION('',(0.,-1.,2.22044604925E-16));
#6534 = DIRECTION('',(1.,0.,0.));
#6535 = DEFINITIONAL_REPRESENTATION('',(#6536),#6540);
#6536 = LINE('',#6537,#6538);
#6537 = CARTESIAN_POINT('',(0.,5.));
#6538 = VECTOR('',#6539,1.);
#6539 = DIRECTION('',(1.,0.));
#6540 = ( GEOMETRIC_REPRESENTATION_CONTEXT(2) 
PARAMETRIC_REPRESENTATION_CONTEXT() REPRESENTATION_CONTEXT('2D SPACE',''
  ) );
#6541 = PCURVE('',#6542,#6547);
#6542 = PLANE('',#6543);
#6543 = AXIS2_PLACEMENT_3D('',#6544,#6545,#6546);
#6544 = CARTESIAN_POINT('',(180.,58.,230.));
#6545 = DIRECTION('',(0.,-1.,2.22044604925E-16));
#6546 = DIRECTION('',(1.,0.,0.));
#6547 = DEFINITIONAL_REPRESENTATION('',(#6548),#6552);
#6548 = CIRCLE('',#6549,25.);
#6549 = AXIS2_PLACEMENT_2D('',#6550,#6551);
#6550 = CARTESIAN_POINT('',(0.,0.));
#6551 = DIRECTION('',(1.,0.));
#6552 = ( GEOMETRIC_REPRESENTATION_CONTEXT(2) 
PARAMETRIC_REPRESENTATION_CONTEXT() REPRESENTATION_CONTEXT('2D SPACE',''
  ) );
#6553 = ORIENTED_EDGE('',*,*,#6554,.F.);
#6554 = EDGE_CURVE('',#6555,#6521,#6557,.T.);
#6555 = VERTEX_POINT('',#6556);
#6556 = CARTESIAN_POINT('',(205.,63.,230.));
#6557 = SEAM_CURVE('',#6558,(#6562,#6569),.PCURVE_S1.);
#6558 = LINE('',#6559,#6560);
#6559 = CARTESIAN_POINT('',(205.,63.,230.));
#6560 = VECTOR('',#6561,1.);
#6561 = DIRECTION('',(0.,-1.,2.22044604925E-16));
#6562 = PCURVE('',#6530,#6563);
#6563 = DEFINITIONAL_REPRESENTATION('',(#6564),#6568);
#6564 = LINE('',#6565,#6566);
#6565 = CARTESIAN_POINT('',(6.28318530718,-0.));
#6566 = VECTOR('',#6567,1.);
#6567 = DIRECTION('',(0.,1.));
#6568 = ( GEOMETRIC_REPRESENTATION_CONTEXT(2) 
PARAMETRIC_REPRESENTATION_CONTEXT() REPRESENTATION_CONTEXT('2D SPACE',''
  ) );
#6569 = PCURVE('',#6530,#6570);
#6570 = DEFINITIONAL_REPRESENTATION('',(#6571),#6575);
#6571 = LINE('',#6572,#6573);
#6572 = CARTESIAN_POINT('',(0.,-0.));
#6573 = VECTOR('',#6574,1.);
#6574 = DIRECTION('',(0.,1.));
#6575 = ( GEOMETRIC_REPRESENTATION_CONTEXT(2) 
PARAMETRIC_REPRESENTATION_CONTEXT() REPRESENTATION_CONTEXT('2D SPACE',''
  ) );
#6576 = ORIENTED_EDGE('',*,*,#6577,.T.);
#6577 = EDGE_CURVE('',#6555,#6555,#6578,.T.);
#6578 = SURFACE_CURVE('',#6579,(#6584,#6591),.PCURVE_S1.);
#6579 = CIRCLE('',#6580,25.);
#6580 = AXIS2_PLACEMENT_3D('',#6581,#6582,#6583);
#6581 = CARTESIAN_POINT('',(180.,63.,230.));
#6582 = DIRECTION('',(0.,-1.,2.22044604925E-16));
#6583 = DIRECTION('',(1.,0.,0.));
#6584 = PCURVE('',#6530,#6585);
#6585 = DEFINITIONAL_REPRESENTATION('',(#6586),#6590);
#6586 = LINE('',#6587,#6588);
#6587 = CARTESIAN_POINT('',(0.,0.));
#6588 = VECTOR('',#6589,1.);
#6589 = DIRECTION('',(1.,0.));
#6590 = ( GEOMETRIC_REPRESENTATION_CONTEXT(2) 
PARAMETRIC_REPRESENTATION_CONTEXT() REPRESENTATION_CONTEXT('2D SPACE',''
  ) );
#6591 = PCURVE('',#6592,#6597);
#6592 = PLANE('',#6593);
#6593 = AXIS2_PLACEMENT_3D('',#6594,#6595,#6596);
#6594 = CARTESIAN_POINT('',(180.,63.,230.));
#6595 = DIRECTION('',(0.,-1.,2.22044604925E-16));
#6596 = DIRECTION('',(1.,0.,0.));
#6597 = DEFINITIONAL_REPRESENTATION('',(#6598),#6602);
#6598 = CIRCLE('',#6599,25.);
#6599 = AXIS2_PLACEMENT_2D('',#6600,#6601);
#6600 = CARTESIAN_POINT('',(0.,0.));
#6601 = DIRECTION('',(1.,0.));
#6602 = ( GEOMETRIC_REPRESENTATION_CONTEXT(2) 
PARAMETRIC_REPRESENTATION_CONTEXT() REPRESENTATION_CONTEXT('2D SPACE',''
  ) );
#6603 = ORIENTED_EDGE('',*,*,#6554,.T.);
#6604 = ADVANCED_FACE('',(#6605,#6608),#6542,.T.);
#6605 = FACE_BOUND('',#6606,.T.);
#6606 = EDGE_LOOP('',(#6607));
#6607 = ORIENTED_EDGE('',*,*,#6520,.T.);
#6608 = FACE_BOUND('',#6609,.T.);
#6609 = EDGE_LOOP('',(#6610));
#6610 = ORIENTED_EDGE('',*,*,#6611,.F.);
#6611 = EDGE_CURVE('',#6612,#6612,#6614,.T.);
#6612 = VERTEX_POINT('',#6613);
#6613 = CARTESIAN_POINT('',(190.,58.,230.));
#6614 = SURFACE_CURVE('',#6615,(#6620,#6627),.PCURVE_S1.);
#6615 = CIRCLE('',#6616,10.);
#6616 = AXIS2_PLACEMENT_3D('',#6617,#6618,#6619);
#6617 = CARTESIAN_POINT('',(180.,58.,230.));
#6618 = DIRECTION('',(0.,-1.,2.22044604925E-16));
#6619 = DIRECTION('',(1.,0.,0.));
#6620 = PCURVE('',#6542,#6621);
#6621 = DEFINITIONAL_REPRESENTATION('',(#6622),#6626);
#6622 = CIRCLE('',#6623,10.);
#6623 = AXIS2_PLACEMENT_2D('',#6624,#6625);
#6624 = CARTESIAN_POINT('',(0.,1.577721810442E-30));
#6625 = DIRECTION('',(1.,0.));
#6626 = ( GEOMETRIC_REPRESENTATION_CONTEXT(2) 
PARAMETRIC_REPRESENTATION_CONTEXT() REPRESENTATION_CONTEXT('2D SPACE',''
  ) );
#6627 = PCURVE('',#6628,#6633);
#6628 = CYLINDRICAL_SURFACE('',#6629,10.);
#6629 = AXIS2_PLACEMENT_3D('',#6630,#6631,#6632);
#6630 = CARTESIAN_POINT('',(180.,100.,230.));
#6631 = DIRECTION('',(0.,-1.,2.22044604925E-16));
#6632 = DIRECTION('',(1.,0.,0.));
#6633 = DEFINITIONAL_REPRESENTATION('',(#6634),#6638);
#6634 = LINE('',#6635,#6636);
#6635 = CARTESIAN_POINT('',(0.,42.));
#6636 = VECTOR('',#6637,1.);
#6637 = DIRECTION('',(1.,0.));
#6638 = ( GEOMETRIC_REPRESENTATION_CONTEXT(2) 
PARAMETRIC_REPRESENTATION_CONTEXT() REPRESENTATION_CONTEXT('2D SPACE',''
  ) );
#6639 = ADVANCED_FACE('',(#6640,#6643),#6592,.F.);
#6640 = FACE_BOUND('',#6641,.F.);
#6641 = EDGE_LOOP('',(#6642));
#6642 = ORIENTED_EDGE('',*,*,#6577,.T.);
#6643 = FACE_BOUND('',#6644,.F.);
#6644 = EDGE_LOOP('',(#6645));
#6645 = ORIENTED_EDGE('',*,*,#6646,.F.);
#6646 = EDGE_CURVE('',#6647,#6647,#6649,.T.);
#6647 = VERTEX_POINT('',#6648);
#6648 = CARTESIAN_POINT('',(195.,63.,230.));
#6649 = SURFACE_CURVE('',#6650,(#6655,#6662),.PCURVE_S1.);
#6650 = CIRCLE('',#6651,15.);
#6651 = AXIS2_PLACEMENT_3D('',#6652,#6653,#6654);
#6652 = CARTESIAN_POINT('',(180.,63.,230.));
#6653 = DIRECTION('',(0.,-1.,2.22044604925E-16));
#6654 = DIRECTION('',(1.,0.,0.));
#6655 = PCURVE('',#6592,#6656);
#6656 = DEFINITIONAL_REPRESENTATION('',(#6657),#6661);
#6657 = CIRCLE('',#6658,15.);
#6658 = AXIS2_PLACEMENT_2D('',#6659,#6660);
#6659 = CARTESIAN_POINT('',(0.,2.84217094304E-14));
#6660 = DIRECTION('',(1.,0.));
#6661 = ( GEOMETRIC_REPRESENTATION_CONTEXT(2) 
PARAMETRIC_REPRESENTATION_CONTEXT() REPRESENTATION_CONTEXT('2D SPACE',''
  ) );
#6662 = PCURVE('',#6663,#6668);
#6663 = CYLINDRICAL_SURFACE('',#6664,15.);
#6664 = AXIS2_PLACEMENT_3D('',#6665,#6666,#6667);
#6665 = CARTESIAN_POINT('',(180.,73.,230.));
#6666 = DIRECTION('',(0.,-1.,2.22044604925E-16));
#6667 = DIRECTION('',(1.,0.,0.));
#6668 = DEFINITIONAL_REPRESENTATION('',(#6669),#6673);
#6669 = LINE('',#6670,#6671);
#6670 = CARTESIAN_POINT('',(0.,10.));
#6671 = VECTOR('',#6672,1.);
#6672 = DIRECTION('',(1.,0.));
#6673 = ( GEOMETRIC_REPRESENTATION_CONTEXT(2) 
PARAMETRIC_REPRESENTATION_CONTEXT() REPRESENTATION_CONTEXT('2D SPACE',''
  ) );
#6674 = ADVANCED_FACE('',(#6675),#6628,.F.);
#6675 = FACE_BOUND('',#6676,.F.);
#6676 = EDGE_LOOP('',(#6677,#6678,#6701,#6728));
#6677 = ORIENTED_EDGE('',*,*,#6611,.F.);
#6678 = ORIENTED_EDGE('',*,*,#6679,.F.);
#6679 = EDGE_CURVE('',#6680,#6612,#6682,.T.);
#6680 = VERTEX_POINT('',#6681);
#6681 = CARTESIAN_POINT('',(190.,73.,230.));
#6682 = SEAM_CURVE('',#6683,(#6687,#6694),.PCURVE_S1.);
#6683 = LINE('',#6684,#6685);
#6684 = CARTESIAN_POINT('',(190.,100.,230.));
#6685 = VECTOR('',#6686,1.);
#6686 = DIRECTION('',(0.,-1.,2.22044604925E-16));
#6687 = PCURVE('',#6628,#6688);
#6688 = DEFINITIONAL_REPRESENTATION('',(#6689),#6693);
#6689 = LINE('',#6690,#6691);
#6690 = CARTESIAN_POINT('',(6.28318530718,-0.));
#6691 = VECTOR('',#6692,1.);
#6692 = DIRECTION('',(0.,1.));
#6693 = ( GEOMETRIC_REPRESENTATION_CONTEXT(2) 
PARAMETRIC_REPRESENTATION_CONTEXT() REPRESENTATION_CONTEXT('2D SPACE',''
  ) );
#6694 = PCURVE('',#6628,#6695);
#6695 = DEFINITIONAL_REPRESENTATION('',(#6696),#6700);
#6696 = LINE('',#6697,#6698);
#6697 = CARTESIAN_POINT('',(0.,-0.));
#6698 = VECTOR('',#6699,1.);
#6699 = DIRECTION('',(0.,1.));
#6700 = ( GEOMETRIC_REPRESENTATION_CONTEXT(2) 
PARAMETRIC_REPRESENTATION_CONTEXT() REPRESENTATION_CONTEXT('2D SPACE',''
  ) );
#6701 = ORIENTED_EDGE('',*,*,#6702,.T.);
#6702 = EDGE_CURVE('',#6680,#6680,#6703,.T.);
#6703 = SURFACE_CURVE('',#6704,(#6709,#6716),.PCURVE_S1.);
#6704 = CIRCLE('',#6705,10.);
#6705 = AXIS2_PLACEMENT_3D('',#6706,#6707,#6708);
#6706 = CARTESIAN_POINT('',(180.,73.,230.));
#6707 = DIRECTION('',(0.,-1.,2.22044604925E-16));
#6708 = DIRECTION('',(1.,0.,0.));
#6709 = PCURVE('',#6628,#6710);
#6710 = DEFINITIONAL_REPRESENTATION('',(#6711),#6715);
#6711 = LINE('',#6712,#6713);
#6712 = CARTESIAN_POINT('',(0.,27.));
#6713 = VECTOR('',#6714,1.);
#6714 = DIRECTION('',(1.,0.));
#6715 = ( GEOMETRIC_REPRESENTATION_CONTEXT(2) 
PARAMETRIC_REPRESENTATION_CONTEXT() REPRESENTATION_CONTEXT('2D SPACE',''
  ) );
#6716 = PCURVE('',#6717,#6722);
#6717 = PLANE('',#6718);
#6718 = AXIS2_PLACEMENT_3D('',#6719,#6720,#6721);
#6719 = CARTESIAN_POINT('',(180.,73.,230.));
#6720 = DIRECTION('',(0.,-1.,2.22044604925E-16));
#6721 = DIRECTION('',(1.,0.,0.));
#6722 = DEFINITIONAL_REPRESENTATION('',(#6723),#6727);
#6723 = CIRCLE('',#6724,10.);
#6724 = AXIS2_PLACEMENT_2D('',#6725,#6726);
#6725 = CARTESIAN_POINT('',(0.,0.));
#6726 = DIRECTION('',(1.,0.));
#6727 = ( GEOMETRIC_REPRESENTATION_CONTEXT(2) 
PARAMETRIC_REPRESENTATION_CONTEXT() REPRESENTATION_CONTEXT('2D SPACE',''
  ) );
#6728 = ORIENTED_EDGE('',*,*,#6679,.T.);
#6729 = ADVANCED_FACE('',(#6730),#6663,.T.);
#6730 = FACE_BOUND('',#6731,.T.);
#6731 = EDGE_LOOP('',(#6732,#6733,#6756,#6778));
#6732 = ORIENTED_EDGE('',*,*,#6646,.F.);
#6733 = ORIENTED_EDGE('',*,*,#6734,.F.);
#6734 = EDGE_CURVE('',#6735,#6647,#6737,.T.);
#6735 = VERTEX_POINT('',#6736);
#6736 = CARTESIAN_POINT('',(195.,73.,230.));
#6737 = SEAM_CURVE('',#6738,(#6742,#6749),.PCURVE_S1.);
#6738 = LINE('',#6739,#6740);
#6739 = CARTESIAN_POINT('',(195.,73.,230.));
#6740 = VECTOR('',#6741,1.);
#6741 = DIRECTION('',(0.,-1.,2.22044604925E-16));
#6742 = PCURVE('',#6663,#6743);
#6743 = DEFINITIONAL_REPRESENTATION('',(#6744),#6748);
#6744 = LINE('',#6745,#6746);
#6745 = CARTESIAN_POINT('',(6.28318530718,-0.));
#6746 = VECTOR('',#6747,1.);
#6747 = DIRECTION('',(0.,1.));
#6748 = ( GEOMETRIC_REPRESENTATION_CONTEXT(2) 
PARAMETRIC_REPRESENTATION_CONTEXT() REPRESENTATION_CONTEXT('2D SPACE',''
  ) );
#6749 = PCURVE('',#6663,#6750);
#6750 = DEFINITIONAL_REPRESENTATION('',(#6751),#6755);
#6751 = LINE('',#6752,#6753);
#6752 = CARTESIAN_POINT('',(0.,-0.));
#6753 = VECTOR('',#6754,1.);
#6754 = DIRECTION('',(0.,1.));
#6755 = ( GEOMETRIC_REPRESENTATION_CONTEXT(2) 
PARAMETRIC_REPRESENTATION_CONTEXT() REPRESENTATION_CONTEXT('2D SPACE',''
  ) );
#6756 = ORIENTED_EDGE('',*,*,#6757,.T.);
#6757 = EDGE_CURVE('',#6735,#6735,#6758,.T.);
#6758 = SURFACE_CURVE('',#6759,(#6764,#6771),.PCURVE_S1.);
#6759 = CIRCLE('',#6760,15.);
#6760 = AXIS2_PLACEMENT_3D('',#6761,#6762,#6763);
#6761 = CARTESIAN_POINT('',(180.,73.,230.));
#6762 = DIRECTION('',(0.,-1.,2.22044604925E-16));
#6763 = DIRECTION('',(1.,0.,0.));
#6764 = PCURVE('',#6663,#6765);
#6765 = DEFINITIONAL_REPRESENTATION('',(#6766),#6770);
#6766 = LINE('',#6767,#6768);
#6767 = CARTESIAN_POINT('',(0.,0.));
#6768 = VECTOR('',#6769,1.);
#6769 = DIRECTION('',(1.,0.));
#6770 = ( GEOMETRIC_REPRESENTATION_CONTEXT(2) 
PARAMETRIC_REPRESENTATION_CONTEXT() REPRESENTATION_CONTEXT('2D SPACE',''
  ) );
#6771 = PCURVE('',#6717,#6772);
#6772 = DEFINITIONAL_REPRESENTATION('',(#6773),#6777);
#6773 = CIRCLE('',#6774,15.);
#6774 = AXIS2_PLACEMENT_2D('',#6775,#6776);
#6775 = CARTESIAN_POINT('',(0.,0.));
#6776 = DIRECTION('',(1.,0.));
#6777 = ( GEOMETRIC_REPRESENTATION_CONTEXT(2) 
PARAMETRIC_REPRESENTATION_CONTEXT() REPRESENTATION_CONTEXT('2D SPACE',''
  ) );
#6778 = ORIENTED_EDGE('',*,*,#6734,.T.);
#6779 = ADVANCED_FACE('',(#6780,#6783),#6717,.F.);
#6780 = FACE_BOUND('',#6781,.F.);
#6781 = EDGE_LOOP('',(#6782));
#6782 = ORIENTED_EDGE('',*,*,#6757,.T.);
#6783 = FACE_BOUND('',#6784,.F.);
#6784 = EDGE_LOOP('',(#6785));
#6785 = ORIENTED_EDGE('',*,*,#6702,.F.);
#6786 = MANIFOLD_SOLID_BREP('',#6787);
#6787 = CLOSED_SHELL('',(#6788,#6876,#6911,#6946,#7001,#7051));
#6788 = ADVANCED_FACE('',(#6789),#6802,.T.);
#6789 = FACE_BOUND('',#6790,.T.);
#6790 = EDGE_LOOP('',(#6791,#6825,#6848,#6875));
#6791 = ORIENTED_EDGE('',*,*,#6792,.F.);
#6792 = EDGE_CURVE('',#6793,#6793,#6795,.T.);
#6793 = VERTEX_POINT('',#6794);
#6794 = CARTESIAN_POINT('',(205.,-63.,230.));
#6795 = SURFACE_CURVE('',#6796,(#6801,#6813),.PCURVE_S1.);
#6796 = CIRCLE('',#6797,25.);
#6797 = AXIS2_PLACEMENT_3D('',#6798,#6799,#6800);
#6798 = CARTESIAN_POINT('',(180.,-63.,230.));
#6799 = DIRECTION('',(0.,-1.,2.22044604925E-16));
#6800 = DIRECTION('',(1.,0.,0.));
#6801 = PCURVE('',#6802,#6807);
#6802 = CYLINDRICAL_SURFACE('',#6803,25.);
#6803 = AXIS2_PLACEMENT_3D('',#6804,#6805,#6806);
#6804 = CARTESIAN_POINT('',(180.,-58.,230.));
#6805 = DIRECTION('',(0.,-1.,2.22044604925E-16));
#6806 = DIRECTION('',(1.,0.,0.));
#6807 = DEFINITIONAL_REPRESENTATION('',(#6808),#6812);
#6808 = LINE('',#6809,#6810);
#6809 = CARTESIAN_POINT('',(0.,5.));
#6810 = VECTOR('',#6811,1.);
#6811 = DIRECTION('',(1.,0.));
#6812 = ( GEOMETRIC_REPRESENTATION_CONTEXT(2) 
PARAMETRIC_REPRESENTATION_CONTEXT() REPRESENTATION_CONTEXT('2D SPACE',''
  ) );
#6813 = PCURVE('',#6814,#6819);
#6814 = PLANE('',#6815);
#6815 = AXIS2_PLACEMENT_3D('',#6816,#6817,#6818);
#6816 = CARTESIAN_POINT('',(180.,-63.,230.));
#6817 = DIRECTION('',(0.,-1.,2.22044604925E-16));
#6818 = DIRECTION('',(1.,0.,0.));
#6819 = DEFINITIONAL_REPRESENTATION('',(#6820),#6824);
#6820 = CIRCLE('',#6821,25.);
#6821 = AXIS2_PLACEMENT_2D('',#6822,#6823);
#6822 = CARTESIAN_POINT('',(0.,0.));
#6823 = DIRECTION('',(1.,0.));
#6824 = ( GEOMETRIC_REPRESENTATION_CONTEXT(2) 
PARAMETRIC_REPRESENTATION_CONTEXT() REPRESENTATION_CONTEXT('2D SPACE',''
  ) );
#6825 = ORIENTED_EDGE('',*,*,#6826,.F.);
#6826 = EDGE_CURVE('',#6827,#6793,#6829,.T.);
#6827 = VERTEX_POINT('',#6828);
#6828 = CARTESIAN_POINT('',(205.,-58.,230.));
#6829 = SEAM_CURVE('',#6830,(#6834,#6841),.PCURVE_S1.);
#6830 = LINE('',#6831,#6832);
#6831 = CARTESIAN_POINT('',(205.,-58.,230.));
#6832 = VECTOR('',#6833,1.);
#6833 = DIRECTION('',(0.,-1.,2.22044604925E-16));
#6834 = PCURVE('',#6802,#6835);
#6835 = DEFINITIONAL_REPRESENTATION('',(#6836),#6840);
#6836 = LINE('',#6837,#6838);
#6837 = CARTESIAN_POINT('',(6.28318530718,-0.));
#6838 = VECTOR('',#6839,1.);
#6839 = DIRECTION('',(0.,1.));
#6840 = ( GEOMETRIC_REPRESENTATION_CONTEXT(2) 
PARAMETRIC_REPRESENTATION_CONTEXT() REPRESENTATION_CONTEXT('2D SPACE',''
  ) );
#6841 = PCURVE('',#6802,#6842);
#6842 = DEFINITIONAL_REPRESENTATION('',(#6843),#6847);
#6843 = LINE('',#6844,#6845);
#6844 = CARTESIAN_POINT('',(0.,-0.));
#6845 = VECTOR('',#6846,1.);
#6846 = DIRECTION('',(0.,1.));
#6847 = ( GEOMETRIC_REPRESENTATION_CONTEXT(2) 
PARAMETRIC_REPRESENTATION_CONTEXT() REPRESENTATION_CONTEXT('2D SPACE',''
  ) );
#6848 = ORIENTED_EDGE('',*,*,#6849,.T.);
#6849 = EDGE_CURVE('',#6827,#6827,#6850,.T.);
#6850 = SURFACE_CURVE('',#6851,(#6856,#6863),.PCURVE_S1.);
#6851 = CIRCLE('',#6852,25.);
#6852 = AXIS2_PLACEMENT_3D('',#6853,#6854,#6855);
#6853 = CARTESIAN_POINT('',(180.,-58.,230.));
#6854 = DIRECTION('',(0.,-1.,2.22044604925E-16));
#6855 = DIRECTION('',(1.,0.,0.));
#6856 = PCURVE('',#6802,#6857);
#6857 = DEFINITIONAL_REPRESENTATION('',(#6858),#6862);
#6858 = LINE('',#6859,#6860);
#6859 = CARTESIAN_POINT('',(0.,0.));
#6860 = VECTOR('',#6861,1.);
#6861 = DIRECTION('',(1.,0.));
#6862 = ( GEOMETRIC_REPRESENTATION_CONTEXT(2) 
PARAMETRIC_REPRESENTATION_CONTEXT() REPRESENTATION_CONTEXT('2D SPACE',''
  ) );
#6863 = PCURVE('',#6864,#6869);
#6864 = PLANE('',#6865);
#6865 = AXIS2_PLACEMENT_3D('',#6866,#6867,#6868);
#6866 = CARTESIAN_POINT('',(180.,-58.,230.));
#6867 = DIRECTION('',(0.,-1.,2.22044604925E-16));
#6868 = DIRECTION('',(1.,0.,0.));
#6869 = DEFINITIONAL_REPRESENTATION('',(#6870),#6874);
#6870 = CIRCLE('',#6871,25.);
#6871 = AXIS2_PLACEMENT_2D('',#6872,#6873);
#6872 = CARTESIAN_POINT('',(0.,0.));
#6873 = DIRECTION('',(1.,0.));
#6874 = ( GEOMETRIC_REPRESENTATION_CONTEXT(2) 
PARAMETRIC_REPRESENTATION_CONTEXT() REPRESENTATION_CONTEXT('2D SPACE',''
  ) );
#6875 = ORIENTED_EDGE('',*,*,#6826,.T.);
#6876 = ADVANCED_FACE('',(#6877,#6880),#6814,.T.);
#6877 = FACE_BOUND('',#6878,.T.);
#6878 = EDGE_LOOP('',(#6879));
#6879 = ORIENTED_EDGE('',*,*,#6792,.T.);
#6880 = FACE_BOUND('',#6881,.T.);
#6881 = EDGE_LOOP('',(#6882));
#6882 = ORIENTED_EDGE('',*,*,#6883,.F.);
#6883 = EDGE_CURVE('',#6884,#6884,#6886,.T.);
#6884 = VERTEX_POINT('',#6885);
#6885 = CARTESIAN_POINT('',(195.,-63.,230.));
#6886 = SURFACE_CURVE('',#6887,(#6892,#6899),.PCURVE_S1.);
#6887 = CIRCLE('',#6888,15.);
#6888 = AXIS2_PLACEMENT_3D('',#6889,#6890,#6891);
#6889 = CARTESIAN_POINT('',(180.,-63.,230.));
#6890 = DIRECTION('',(0.,-1.,2.22044604925E-16));
#6891 = DIRECTION('',(1.,0.,0.));
#6892 = PCURVE('',#6814,#6893);
#6893 = DEFINITIONAL_REPRESENTATION('',(#6894),#6898);
#6894 = CIRCLE('',#6895,15.);
#6895 = AXIS2_PLACEMENT_2D('',#6896,#6897);
#6896 = CARTESIAN_POINT('',(0.,-2.84217094304E-14));
#6897 = DIRECTION('',(1.,0.));
#6898 = ( GEOMETRIC_REPRESENTATION_CONTEXT(2) 
PARAMETRIC_REPRESENTATION_CONTEXT() REPRESENTATION_CONTEXT('2D SPACE',''
  ) );
#6899 = PCURVE('',#6900,#6905);
#6900 = CYLINDRICAL_SURFACE('',#6901,15.);
#6901 = AXIS2_PLACEMENT_3D('',#6902,#6903,#6904);
#6902 = CARTESIAN_POINT('',(180.,-63.,230.));
#6903 = DIRECTION('',(0.,-1.,2.22044604925E-16));
#6904 = DIRECTION('',(1.,0.,0.));
#6905 = DEFINITIONAL_REPRESENTATION('',(#6906),#6910);
#6906 = LINE('',#6907,#6908);
#6907 = CARTESIAN_POINT('',(0.,0.));
#6908 = VECTOR('',#6909,1.);
#6909 = DIRECTION('',(1.,0.));
#6910 = ( GEOMETRIC_REPRESENTATION_CONTEXT(2) 
PARAMETRIC_REPRESENTATION_CONTEXT() REPRESENTATION_CONTEXT('2D SPACE',''
  ) );
#6911 = ADVANCED_FACE('',(#6912,#6915),#6864,.F.);
#6912 = FACE_BOUND('',#6913,.F.);
#6913 = EDGE_LOOP('',(#6914));
#6914 = ORIENTED_EDGE('',*,*,#6849,.T.);
#6915 = FACE_BOUND('',#6916,.F.);
#6916 = EDGE_LOOP('',(#6917));
#6917 = ORIENTED_EDGE('',*,*,#6918,.F.);
#6918 = EDGE_CURVE('',#6919,#6919,#6921,.T.);
#6919 = VERTEX_POINT('',#6920);
#6920 = CARTESIAN_POINT('',(190.,-58.,230.));
#6921 = SURFACE_CURVE('',#6922,(#6927,#6934),.PCURVE_S1.);
#6922 = CIRCLE('',#6923,10.);
#6923 = AXIS2_PLACEMENT_3D('',#6924,#6925,#6926);
#6924 = CARTESIAN_POINT('',(180.,-58.,230.));
#6925 = DIRECTION('',(0.,-1.,2.22044604925E-16));
#6926 = DIRECTION('',(1.,0.,0.));
#6927 = PCURVE('',#6864,#6928);
#6928 = DEFINITIONAL_REPRESENTATION('',(#6929),#6933);
#6929 = CIRCLE('',#6930,10.);
#6930 = AXIS2_PLACEMENT_2D('',#6931,#6932);
#6931 = CARTESIAN_POINT('',(0.,0.));
#6932 = DIRECTION('',(1.,0.));
#6933 = ( GEOMETRIC_REPRESENTATION_CONTEXT(2) 
PARAMETRIC_REPRESENTATION_CONTEXT() REPRESENTATION_CONTEXT('2D SPACE',''
  ) );
#6934 = PCURVE('',#6935,#6940);
#6935 = CYLINDRICAL_SURFACE('',#6936,10.);
#6936 = AXIS2_PLACEMENT_3D('',#6937,#6938,#6939);
#6937 = CARTESIAN_POINT('',(180.,0.,230.));
#6938 = DIRECTION('',(0.,-1.,2.22044604925E-16));
#6939 = DIRECTION('',(1.,0.,0.));
#6940 = DEFINITIONAL_REPRESENTATION('',(#6941),#6945);
#6941 = LINE('',#6942,#6943);
#6942 = CARTESIAN_POINT('',(0.,58.));
#6943 = VECTOR('',#6944,1.);
#6944 = DIRECTION('',(1.,0.));
#6945 = ( GEOMETRIC_REPRESENTATION_CONTEXT(2) 
PARAMETRIC_REPRESENTATION_CONTEXT() REPRESENTATION_CONTEXT('2D SPACE',''
  ) );
#6946 = ADVANCED_FACE('',(#6947),#6900,.T.);
#6947 = FACE_BOUND('',#6948,.T.);
#6948 = EDGE_LOOP('',(#6949,#6978,#6999,#7000));
#6949 = ORIENTED_EDGE('',*,*,#6950,.F.);
#6950 = EDGE_CURVE('',#6951,#6951,#6953,.T.);
#6951 = VERTEX_POINT('',#6952);
#6952 = CARTESIAN_POINT('',(195.,-73.,230.));
#6953 = SURFACE_CURVE('',#6954,(#6959,#6966),.PCURVE_S1.);
#6954 = CIRCLE('',#6955,15.);
#6955 = AXIS2_PLACEMENT_3D('',#6956,#6957,#6958);
#6956 = CARTESIAN_POINT('',(180.,-73.,230.));
#6957 = DIRECTION('',(0.,-1.,2.22044604925E-16));
#6958 = DIRECTION('',(1.,0.,0.));
#6959 = PCURVE('',#6900,#6960);
#6960 = DEFINITIONAL_REPRESENTATION('',(#6961),#6965);
#6961 = LINE('',#6962,#6963);
#6962 = CARTESIAN_POINT('',(0.,10.));
#6963 = VECTOR('',#6964,1.);
#6964 = DIRECTION('',(1.,0.));
#6965 = ( GEOMETRIC_REPRESENTATION_CONTEXT(2) 
PARAMETRIC_REPRESENTATION_CONTEXT() REPRESENTATION_CONTEXT('2D SPACE',''
  ) );
#6966 = PCURVE('',#6967,#6972);
#6967 = PLANE('',#6968);
#6968 = AXIS2_PLACEMENT_3D('',#6969,#6970,#6971);
#6969 = CARTESIAN_POINT('',(180.,-73.,230.));
#6970 = DIRECTION('',(0.,-1.,2.22044604925E-16));
#6971 = DIRECTION('',(1.,0.,0.));
#6972 = DEFINITIONAL_REPRESENTATION('',(#6973),#6977);
#6973 = CIRCLE('',#6974,15.);
#6974 = AXIS2_PLACEMENT_2D('',#6975,#6976);
#6975 = CARTESIAN_POINT('',(0.,0.));
#6976 = DIRECTION('',(1.,0.));
#6977 = ( GEOMETRIC_REPRESENTATION_CONTEXT(2) 
PARAMETRIC_REPRESENTATION_CONTEXT() REPRESENTATION_CONTEXT('2D SPACE',''
  ) );
#6978 = ORIENTED_EDGE('',*,*,#6979,.F.);
#6979 = EDGE_CURVE('',#6884,#6951,#6980,.T.);
#6980 = SEAM_CURVE('',#6981,(#6985,#6992),.PCURVE_S1.);
#6981 = LINE('',#6982,#6983);
#6982 = CARTESIAN_POINT('',(195.,-63.,230.));
#6983 = VECTOR('',#6984,1.);
#6984 = DIRECTION('',(0.,-1.,2.22044604925E-16));
#6985 = PCURVE('',#6900,#6986);
#6986 = DEFINITIONAL_REPRESENTATION('',(#6987),#6991);
#6987 = LINE('',#6988,#6989);
#6988 = CARTESIAN_POINT('',(6.28318530718,-0.));
#6989 = VECTOR('',#6990,1.);
#6990 = DIRECTION('',(0.,1.));
#6991 = ( GEOMETRIC_REPRESENTATION_CONTEXT(2) 
PARAMETRIC_REPRESENTATION_CONTEXT() REPRESENTATION_CONTEXT('2D SPACE',''
  ) );
#6992 = PCURVE('',#6900,#6993);
#6993 = DEFINITIONAL_REPRESENTATION('',(#6994),#6998);
#6994 = LINE('',#6995,#6996);
#6995 = CARTESIAN_POINT('',(0.,-0.));
#6996 = VECTOR('',#6997,1.);
#6997 = DIRECTION('',(0.,1.));
#6998 = ( GEOMETRIC_REPRESENTATION_CONTEXT(2) 
PARAMETRIC_REPRESENTATION_CONTEXT() REPRESENTATION_CONTEXT('2D SPACE',''
  ) );
#6999 = ORIENTED_EDGE('',*,*,#6883,.T.);
#7000 = ORIENTED_EDGE('',*,*,#6979,.T.);
#7001 = ADVANCED_FACE('',(#7002),#6935,.F.);
#7002 = FACE_BOUND('',#7003,.F.);
#7003 = EDGE_LOOP('',(#7004,#7028,#7049,#7050));
#7004 = ORIENTED_EDGE('',*,*,#7005,.F.);
#7005 = EDGE_CURVE('',#7006,#7006,#7008,.T.);
#7006 = VERTEX_POINT('',#7007);
#7007 = CARTESIAN_POINT('',(190.,-73.,230.));
#7008 = SURFACE_CURVE('',#7009,(#7014,#7021),.PCURVE_S1.);
#7009 = CIRCLE('',#7010,10.);
#7010 = AXIS2_PLACEMENT_3D('',#7011,#7012,#7013);
#7011 = CARTESIAN_POINT('',(180.,-73.,230.));
#7012 = DIRECTION('',(0.,-1.,2.22044604925E-16));
#7013 = DIRECTION('',(1.,0.,0.));
#7014 = PCURVE('',#6935,#7015);
#7015 = DEFINITIONAL_REPRESENTATION('',(#7016),#7020);
#7016 = LINE('',#7017,#7018);
#7017 = CARTESIAN_POINT('',(0.,73.));
#7018 = VECTOR('',#7019,1.);
#7019 = DIRECTION('',(1.,0.));
#7020 = ( GEOMETRIC_REPRESENTATION_CONTEXT(2) 
PARAMETRIC_REPRESENTATION_CONTEXT() REPRESENTATION_CONTEXT('2D SPACE',''
  ) );
#7021 = PCURVE('',#6967,#7022);
#7022 = DEFINITIONAL_REPRESENTATION('',(#7023),#7027);
#7023 = CIRCLE('',#7024,10.);
#7024 = AXIS2_PLACEMENT_2D('',#7025,#7026);
#7025 = CARTESIAN_POINT('',(0.,2.84217094304E-14));
#7026 = DIRECTION('',(1.,0.));
#7027 = ( GEOMETRIC_REPRESENTATION_CONTEXT(2) 
PARAMETRIC_REPRESENTATION_CONTEXT() REPRESENTATION_CONTEXT('2D SPACE',''
  ) );
#7028 = ORIENTED_EDGE('',*,*,#7029,.F.);
#7029 = EDGE_CURVE('',#6919,#7006,#7030,.T.);
#7030 = SEAM_CURVE('',#7031,(#7035,#7042),.PCURVE_S1.);
#7031 = LINE('',#7032,#7033);
#7032 = CARTESIAN_POINT('',(190.,-5.438524293788E-31,230.));
#7033 = VECTOR('',#7034,1.);
#7034 = DIRECTION('',(0.,-1.,2.22044604925E-16));
#7035 = PCURVE('',#6935,#7036);
#7036 = DEFINITIONAL_REPRESENTATION('',(#7037),#7041);
#7037 = LINE('',#7038,#7039);
#7038 = CARTESIAN_POINT('',(6.28318530718,-0.));
#7039 = VECTOR('',#7040,1.);
#7040 = DIRECTION('',(0.,1.));
#7041 = ( GEOMETRIC_REPRESENTATION_CONTEXT(2) 
PARAMETRIC_REPRESENTATION_CONTEXT() REPRESENTATION_CONTEXT('2D SPACE',''
  ) );
#7042 = PCURVE('',#6935,#7043);
#7043 = DEFINITIONAL_REPRESENTATION('',(#7044),#7048);
#7044 = LINE('',#7045,#7046);
#7045 = CARTESIAN_POINT('',(0.,-0.));
#7046 = VECTOR('',#7047,1.);
#7047 = DIRECTION('',(0.,1.));
#7048 = ( GEOMETRIC_REPRESENTATION_CONTEXT(2) 
PARAMETRIC_REPRESENTATION_CONTEXT() REPRESENTATION_CONTEXT('2D SPACE',''
  ) );
#7049 = ORIENTED_EDGE('',*,*,#6918,.T.);
#7050 = ORIENTED_EDGE('',*,*,#7029,.T.);
#7051 = ADVANCED_FACE('',(#7052,#7055),#6967,.T.);
#7052 = FACE_BOUND('',#7053,.T.);
#7053 = EDGE_LOOP('',(#7054));
#7054 = ORIENTED_EDGE('',*,*,#6950,.T.);
#7055 = FACE_BOUND('',#7056,.T.);
#7056 = EDGE_LOOP('',(#7057));
#7057 = ORIENTED_EDGE('',*,*,#7005,.F.);
#7058 = ( GEOMETRIC_REPRESENTATION_CONTEXT(3) 
GLOBAL_UNCERTAINTY_ASSIGNED_CONTEXT((#7062)) 
GLOBAL_UNIT_ASSIGNED_CONTEXT((#7059,#7060,#7061)) REPRESENTATION_CONTEXT
('Context #1','3D Context with UNIT and UNCERTAINTY') );
#7059 = ( LENGTH_UNIT() NAMED_UNIT(*) SI_UNIT(.MILLI.,.METRE.) );
#7060 = ( NAMED_UNIT(*) PLANE_ANGLE_UNIT() SI_UNIT($,.RADIAN.) );
#7061 = ( NAMED_UNIT(*) SI_UNIT($,.STERADIAN.) SOLID_ANGLE_UNIT() );
#7062 = UNCERTAINTY_MEASURE_WITH_UNIT(LENGTH_MEASURE(1.E-07),#7059,
  'distance_accuracy_value','confusion accuracy');
#7063 = CONTEXT_DEPENDENT_SHAPE_REPRESENTATION(#7064,#7066);
#7064 = ( REPRESENTATION_RELATIONSHIP('','',#6513,#10) 
REPRESENTATION_RELATIONSHIP_WITH_TRANSFORMATION(#7065) 
SHAPE_REPRESENTATION_RELATIONSHIP() );
#7065 = ITEM_DEFINED_TRANSFORMATION('','',#11,#43);
#7066 = PRODUCT_DEFINITION_SHAPE('Placement','Placement of an item',
  #7067);
#7067 = NEXT_ASSEMBLY_USAGE_OCCURRENCE('44','=>[0:1:1:9]','',#5,#6508,$
  );
#7068 = PRODUCT_RELATED_PRODUCT_CATEGORY('part',$,(#6510));
#7069 = SHAPE_DEFINITION_REPRESENTATION(#7070,#7076);
#7070 = PRODUCT_DEFINITION_SHAPE('','',#7071);
#7071 = PRODUCT_DEFINITION('design','',#7072,#7075);
#7072 = PRODUCT_DEFINITION_FORMATION('','',#7073);
#7073 = PRODUCT('COMPOUND','COMPOUND','',(#7074));
#7074 = PRODUCT_CONTEXT('',#2,'mechanical');
#7075 = PRODUCT_DEFINITION_CONTEXT('part definition',#2,'design');
#7076 = ADVANCED_BREP_SHAPE_REPRESENTATION('',(#11,#7077),#7259);
#7077 = MANIFOLD_SOLID_BREP('',#7078);
#7078 = CLOSED_SHELL('',(#7079,#7167,#7202,#7232));
#7079 = ADVANCED_FACE('',(#7080),#7093,.T.);
#7080 = FACE_BOUND('',#7081,.T.);
#7081 = EDGE_LOOP('',(#7082,#7116,#7139,#7166));
#7082 = ORIENTED_EDGE('',*,*,#7083,.F.);
#7083 = EDGE_CURVE('',#7084,#7084,#7086,.T.);
#7084 = VERTEX_POINT('',#7085);
#7085 = CARTESIAN_POINT('',(190.,-108.,230.));
#7086 = SURFACE_CURVE('',#7087,(#7092,#7104),.PCURVE_S1.);
#7087 = CIRCLE('',#7088,10.);
#7088 = AXIS2_PLACEMENT_3D('',#7089,#7090,#7091);
#7089 = CARTESIAN_POINT('',(180.,-108.,230.));
#7090 = DIRECTION('',(0.,-1.,2.22044604925E-16));
#7091 = DIRECTION('',(1.,0.,0.));
#7092 = PCURVE('',#7093,#7098);
#7093 = CYLINDRICAL_SURFACE('',#7094,10.);
#7094 = AXIS2_PLACEMENT_3D('',#7095,#7096,#7097);
#7095 = CARTESIAN_POINT('',(180.,100.,230.));
#7096 = DIRECTION('',(0.,-1.,2.22044604925E-16));
#7097 = DIRECTION('',(1.,0.,0.));
#7098 = DEFINITIONAL_REPRESENTATION('',(#7099),#7103);
#7099 = LINE('',#7100,#7101);
#7100 = CARTESIAN_POINT('',(0.,208.));
#7101 = VECTOR('',#7102,1.);
#7102 = DIRECTION('',(1.,0.));
#7103 = ( GEOMETRIC_REPRESENTATION_CONTEXT(2) 
PARAMETRIC_REPRESENTATION_CONTEXT() REPRESENTATION_CONTEXT('2D SPACE',''
  ) );
#7104 = PCURVE('',#7105,#7110);
#7105 = PLANE('',#7106);
#7106 = AXIS2_PLACEMENT_3D('',#7107,#7108,#7109);
#7107 = CARTESIAN_POINT('',(180.,-108.,230.));
#7108 = DIRECTION('',(0.,-1.,2.22044604925E-16));
#7109 = DIRECTION('',(1.,0.,0.));
#7110 = DEFINITIONAL_REPRESENTATION('',(#7111),#7115);
#7111 = CIRCLE('',#7112,10.);
#7112 = AXIS2_PLACEMENT_2D('',#7113,#7114);
#7113 = CARTESIAN_POINT('',(0.,0.));
#7114 = DIRECTION('',(1.,0.));
#7115 = ( GEOMETRIC_REPRESENTATION_CONTEXT(2) 
PARAMETRIC_REPRESENTATION_CONTEXT() REPRESENTATION_CONTEXT('2D SPACE',''
  ) );
#7116 = ORIENTED_EDGE('',*,*,#7117,.F.);
#7117 = EDGE_CURVE('',#7118,#7084,#7120,.T.);
#7118 = VERTEX_POINT('',#7119);
#7119 = CARTESIAN_POINT('',(190.,100.,230.));
#7120 = SEAM_CURVE('',#7121,(#7125,#7132),.PCURVE_S1.);
#7121 = LINE('',#7122,#7123);
#7122 = CARTESIAN_POINT('',(190.,100.,230.));
#7123 = VECTOR('',#7124,1.);
#7124 = DIRECTION('',(0.,-1.,2.22044604925E-16));
#7125 = PCURVE('',#7093,#7126);
#7126 = DEFINITIONAL_REPRESENTATION('',(#7127),#7131);
#7127 = LINE('',#7128,#7129);
#7128 = CARTESIAN_POINT('',(6.28318530718,-0.));
#7129 = VECTOR('',#7130,1.);
#7130 = DIRECTION('',(0.,1.));
#7131 = ( GEOMETRIC_REPRESENTATION_CONTEXT(2) 
PARAMETRIC_REPRESENTATION_CONTEXT() REPRESENTATION_CONTEXT('2D SPACE',''
  ) );
#7132 = PCURVE('',#7093,#7133);
#7133 = DEFINITIONAL_REPRESENTATION('',(#7134),#7138);
#7134 = LINE('',#7135,#7136);
#7135 = CARTESIAN_POINT('',(0.,-0.));
#7136 = VECTOR('',#7137,1.);
#7137 = DIRECTION('',(0.,1.));
#7138 = ( GEOMETRIC_REPRESENTATION_CONTEXT(2) 
PARAMETRIC_REPRESENTATION_CONTEXT() REPRESENTATION_CONTEXT('2D SPACE',''
  ) );
#7139 = ORIENTED_EDGE('',*,*,#7140,.T.);
#7140 = EDGE_CURVE('',#7118,#7118,#7141,.T.);
#7141 = SURFACE_CURVE('',#7142,(#7147,#7154),.PCURVE_S1.);
#7142 = CIRCLE('',#7143,10.);
#7143 = AXIS2_PLACEMENT_3D('',#7144,#7145,#7146);
#7144 = CARTESIAN_POINT('',(180.,100.,230.));
#7145 = DIRECTION('',(0.,-1.,2.22044604925E-16));
#7146 = DIRECTION('',(1.,0.,0.));
#7147 = PCURVE('',#7093,#7148);
#7148 = DEFINITIONAL_REPRESENTATION('',(#7149),#7153);
#7149 = LINE('',#7150,#7151);
#7150 = CARTESIAN_POINT('',(0.,0.));
#7151 = VECTOR('',#7152,1.);
#7152 = DIRECTION('',(1.,0.));
#7153 = ( GEOMETRIC_REPRESENTATION_CONTEXT(2) 
PARAMETRIC_REPRESENTATION_CONTEXT() REPRESENTATION_CONTEXT('2D SPACE',''
  ) );
#7154 = PCURVE('',#7155,#7160);
#7155 = PLANE('',#7156);
#7156 = AXIS2_PLACEMENT_3D('',#7157,#7158,#7159);
#7157 = CARTESIAN_POINT('',(180.,100.,230.));
#7158 = DIRECTION('',(0.,-1.,2.22044604925E-16));
#7159 = DIRECTION('',(1.,0.,0.));
#7160 = DEFINITIONAL_REPRESENTATION('',(#7161),#7165);
#7161 = CIRCLE('',#7162,10.);
#7162 = AXIS2_PLACEMENT_2D('',#7163,#7164);
#7163 = CARTESIAN_POINT('',(0.,0.));
#7164 = DIRECTION('',(1.,0.));
#7165 = ( GEOMETRIC_REPRESENTATION_CONTEXT(2) 
PARAMETRIC_REPRESENTATION_CONTEXT() REPRESENTATION_CONTEXT('2D SPACE',''
  ) );
#7166 = ORIENTED_EDGE('',*,*,#7117,.T.);
#7167 = ADVANCED_FACE('',(#7168,#7171),#7105,.T.);
#7168 = FACE_BOUND('',#7169,.T.);
#7169 = EDGE_LOOP('',(#7170));
#7170 = ORIENTED_EDGE('',*,*,#7083,.T.);
#7171 = FACE_BOUND('',#7172,.T.);
#7172 = EDGE_LOOP('',(#7173));
#7173 = ORIENTED_EDGE('',*,*,#7174,.F.);
#7174 = EDGE_CURVE('',#7175,#7175,#7177,.T.);
#7175 = VERTEX_POINT('',#7176);
#7176 = CARTESIAN_POINT('',(187.,-108.,230.));
#7177 = SURFACE_CURVE('',#7178,(#7183,#7190),.PCURVE_S1.);
#7178 = CIRCLE('',#7179,7.);
#7179 = AXIS2_PLACEMENT_3D('',#7180,#7181,#7182);
#7180 = CARTESIAN_POINT('',(180.,-108.,230.));
#7181 = DIRECTION('',(0.,-1.,2.22044604925E-16));
#7182 = DIRECTION('',(1.,0.,0.));
#7183 = PCURVE('',#7105,#7184);
#7184 = DEFINITIONAL_REPRESENTATION('',(#7185),#7189);
#7185 = CIRCLE('',#7186,7.);
#7186 = AXIS2_PLACEMENT_2D('',#7187,#7188);
#7187 = CARTESIAN_POINT('',(0.,0.));
#7188 = DIRECTION('',(1.,0.));
#7189 = ( GEOMETRIC_REPRESENTATION_CONTEXT(2) 
PARAMETRIC_REPRESENTATION_CONTEXT() REPRESENTATION_CONTEXT('2D SPACE',''
  ) );
#7190 = PCURVE('',#7191,#7196);
#7191 = CYLINDRICAL_SURFACE('',#7192,7.);
#7192 = AXIS2_PLACEMENT_3D('',#7193,#7194,#7195);
#7193 = CARTESIAN_POINT('',(180.,102.,230.));
#7194 = DIRECTION('',(0.,-1.,2.22044604925E-16));
#7195 = DIRECTION('',(1.,0.,0.));
#7196 = DEFINITIONAL_REPRESENTATION('',(#7197),#7201);
#7197 = LINE('',#7198,#7199);
#7198 = CARTESIAN_POINT('',(0.,210.));
#7199 = VECTOR('',#7200,1.);
#7200 = DIRECTION('',(1.,0.));
#7201 = ( GEOMETRIC_REPRESENTATION_CONTEXT(2) 
PARAMETRIC_REPRESENTATION_CONTEXT() REPRESENTATION_CONTEXT('2D SPACE',''
  ) );
#7202 = ADVANCED_FACE('',(#7203,#7206),#7155,.F.);
#7203 = FACE_BOUND('',#7204,.F.);
#7204 = EDGE_LOOP('',(#7205));
#7205 = ORIENTED_EDGE('',*,*,#7140,.T.);
#7206 = FACE_BOUND('',#7207,.F.);
#7207 = EDGE_LOOP('',(#7208));
#7208 = ORIENTED_EDGE('',*,*,#7209,.F.);
#7209 = EDGE_CURVE('',#7210,#7210,#7212,.T.);
#7210 = VERTEX_POINT('',#7211);
#7211 = CARTESIAN_POINT('',(187.,100.,230.));
#7212 = SURFACE_CURVE('',#7213,(#7218,#7225),.PCURVE_S1.);
#7213 = CIRCLE('',#7214,7.);
#7214 = AXIS2_PLACEMENT_3D('',#7215,#7216,#7217);
#7215 = CARTESIAN_POINT('',(180.,100.,230.));
#7216 = DIRECTION('',(0.,-1.,2.22044604925E-16));
#7217 = DIRECTION('',(1.,0.,0.));
#7218 = PCURVE('',#7155,#7219);
#7219 = DEFINITIONAL_REPRESENTATION('',(#7220),#7224);
#7220 = CIRCLE('',#7221,7.);
#7221 = AXIS2_PLACEMENT_2D('',#7222,#7223);
#7222 = CARTESIAN_POINT('',(0.,0.));
#7223 = DIRECTION('',(1.,0.));
#7224 = ( GEOMETRIC_REPRESENTATION_CONTEXT(2) 
PARAMETRIC_REPRESENTATION_CONTEXT() REPRESENTATION_CONTEXT('2D SPACE',''
  ) );
#7225 = PCURVE('',#7191,#7226);
#7226 = DEFINITIONAL_REPRESENTATION('',(#7227),#7231);
#7227 = LINE('',#7228,#7229);
#7228 = CARTESIAN_POINT('',(0.,2.));
#7229 = VECTOR('',#7230,1.);
#7230 = DIRECTION('',(1.,0.));
#7231 = ( GEOMETRIC_REPRESENTATION_CONTEXT(2) 
PARAMETRIC_REPRESENTATION_CONTEXT() REPRESENTATION_CONTEXT('2D SPACE',''
  ) );
#7232 = ADVANCED_FACE('',(#7233),#7191,.F.);
#7233 = FACE_BOUND('',#7234,.F.);
#7234 = EDGE_LOOP('',(#7235,#7236,#7257,#7258));
#7235 = ORIENTED_EDGE('',*,*,#7174,.F.);
#7236 = ORIENTED_EDGE('',*,*,#7237,.F.);
#7237 = EDGE_CURVE('',#7210,#7175,#7238,.T.);
#7238 = SEAM_CURVE('',#7239,(#7243,#7250),.PCURVE_S1.);
#7239 = LINE('',#7240,#7241);
#7240 = CARTESIAN_POINT('',(187.,102.,230.));
#7241 = VECTOR('',#7242,1.);
#7242 = DIRECTION('',(0.,-1.,2.22044604925E-16));
#7243 = PCURVE('',#7191,#7244);
#7244 = DEFINITIONAL_REPRESENTATION('',(#7245),#7249);
#7245 = LINE('',#7246,#7247);
#7246 = CARTESIAN_POINT('',(6.28318530718,-0.));
#7247 = VECTOR('',#7248,1.);
#7248 = DIRECTION('',(0.,1.));
#7249 = ( GEOMETRIC_REPRESENTATION_CONTEXT(2) 
PARAMETRIC_REPRESENTATION_CONTEXT() REPRESENTATION_CONTEXT('2D SPACE',''
  ) );
#7250 = PCURVE('',#7191,#7251);
#7251 = DEFINITIONAL_REPRESENTATION('',(#7252),#7256);
#7252 = LINE('',#7253,#7254);
#7253 = CARTESIAN_POINT('',(0.,-0.));
#7254 = VECTOR('',#7255,1.);
#7255 = DIRECTION('',(0.,1.));
#7256 = ( GEOMETRIC_REPRESENTATION_CONTEXT(2) 
PARAMETRIC_REPRESENTATION_CONTEXT() REPRESENTATION_CONTEXT('2D SPACE',''
  ) );
#7257 = ORIENTED_EDGE('',*,*,#7209,.T.);
#7258 = ORIENTED_EDGE('',*,*,#7237,.T.);
#7259 = ( GEOMETRIC_REPRESENTATION_CONTEXT(3) 
GLOBAL_UNCERTAINTY_ASSIGNED_CONTEXT((#7263)) 
GLOBAL_UNIT_ASSIGNED_CONTEXT((#7260,#7261,#7262)) REPRESENTATION_CONTEXT
('Context #1','3D Context with UNIT and UNCERTAINTY') );
#7260 = ( LENGTH_UNIT() NAMED_UNIT(*) SI_UNIT(.MILLI.,.METRE.) );
#7261 = ( NAMED_UNIT(*) PLANE_ANGLE_UNIT() SI_UNIT($,.RADIAN.) );
#7262 = ( NAMED_UNIT(*) SI_UNIT($,.STERADIAN.) SOLID_ANGLE_UNIT() );
#7263 = UNCERTAINTY_MEASURE_WITH_UNIT(LENGTH_MEASURE(1.E-07),#7260,
  'distance_accuracy_value','confusion accuracy');
#7264 = CONTEXT_DEPENDENT_SHAPE_REPRESENTATION(#7265,#7267);
#7265 = ( REPRESENTATION_RELATIONSHIP('','',#7076,#10) 
REPRESENTATION_RELATIONSHIP_WITH_TRANSFORMATION(#7266) 
SHAPE_REPRESENTATION_RELATIONSHIP() );
#7266 = ITEM_DEFINED_TRANSFORMATION('','',#11,#47);
#7267 = PRODUCT_DEFINITION_SHAPE('Placement','Placement of an item',
  #7268);
#7268 = NEXT_ASSEMBLY_USAGE_OCCURRENCE('45','=>[0:1:1:10]','',#5,#7071,$
  );
#7269 = PRODUCT_RELATED_PRODUCT_CATEGORY('part',$,(#7073));
#7270 = SHAPE_DEFINITION_REPRESENTATION(#7271,#7277);
#7271 = PRODUCT_DEFINITION_SHAPE('','',#7272);
#7272 = PRODUCT_DEFINITION('design','',#7273,#7276);
#7273 = PRODUCT_DEFINITION_FORMATION('','',#7274);
#7274 = PRODUCT('COMPOUND','COMPOUND','',(#7275));
#7275 = PRODUCT_CONTEXT('',#2,'mechanical');
#7276 = PRODUCT_DEFINITION_CONTEXT('part definition',#2,'design');
#7277 = SHAPE_REPRESENTATION('',(#11,#7278,#8172),#9066);
#7278 = MANIFOLD_SOLID_BREP('',#7279);
#7279 = CLOSED_SHELL('',(#7280,#7402,#7684,#7733,#7953,#7980,#8007,#8034
    ,#8059,#8084,#8091,#8118,#8145));
#7280 = ADVANCED_FACE('',(#7281),#7296,.T.);
#7281 = FACE_BOUND('',#7282,.T.);
#7282 = EDGE_LOOP('',(#7283,#7319,#7345,#7378));
#7283 = ORIENTED_EDGE('',*,*,#7284,.T.);
#7284 = EDGE_CURVE('',#7285,#7287,#7289,.T.);
#7285 = VERTEX_POINT('',#7286);
#7286 = CARTESIAN_POINT('',(190.,94.,208.18257577072));
#7287 = VERTEX_POINT('',#7288);
#7288 = CARTESIAN_POINT('',(190.,94.,251.81742422927));
#7289 = SURFACE_CURVE('',#7290,(#7295,#7307),.PCURVE_S1.);
#7290 = CIRCLE('',#7291,24.);
#7291 = AXIS2_PLACEMENT_3D('',#7292,#7293,#7294);
#7292 = CARTESIAN_POINT('',(180.,94.,230.));
#7293 = DIRECTION('',(0.,-1.,0.));
#7294 = DIRECTION('',(0.416666666667,0.,-0.909059342886));
#7295 = PCURVE('',#7296,#7301);
#7296 = CYLINDRICAL_SURFACE('',#7297,24.);
#7297 = AXIS2_PLACEMENT_3D('',#7298,#7299,#7300);
#7298 = CARTESIAN_POINT('',(180.,94.,230.));
#7299 = DIRECTION('',(0.,-1.,2.22044604925E-16));
#7300 = DIRECTION('',(1.,0.,0.));
#7301 = DEFINITIONAL_REPRESENTATION('',(#7302),#7306);
#7302 = LINE('',#7303,#7304);
#7303 = CARTESIAN_POINT('',(5.142164411689,0.));
#7304 = VECTOR('',#7305,1.);
#7305 = DIRECTION('',(1.,0.));
#7306 = ( GEOMETRIC_REPRESENTATION_CONTEXT(2) 
PARAMETRIC_REPRESENTATION_CONTEXT() REPRESENTATION_CONTEXT('2D SPACE',''
  ) );
#7307 = PCURVE('',#7308,#7313);
#7308 = PLANE('',#7309);
#7309 = AXIS2_PLACEMENT_3D('',#7310,#7311,#7312);
#7310 = CARTESIAN_POINT('',(180.,94.,230.));
#7311 = DIRECTION('',(0.,-1.,2.22044604925E-16));
#7312 = DIRECTION('',(1.,0.,0.));
#7313 = DEFINITIONAL_REPRESENTATION('',(#7314),#7318);
#7314 = CIRCLE('',#7315,24.);
#7315 = AXIS2_PLACEMENT_2D('',#7316,#7317);
#7316 = CARTESIAN_POINT('',(0.,0.));
#7317 = DIRECTION('',(0.416666666667,-0.909059342886));
#7318 = ( GEOMETRIC_REPRESENTATION_CONTEXT(2) 
PARAMETRIC_REPRESENTATION_CONTEXT() REPRESENTATION_CONTEXT('2D SPACE',''
  ) );
#7319 = ORIENTED_EDGE('',*,*,#7320,.T.);
#7320 = EDGE_CURVE('',#7287,#7321,#7323,.T.);
#7321 = VERTEX_POINT('',#7322);
#7322 = CARTESIAN_POINT('',(190.,82.,251.81742422927));
#7323 = SURFACE_CURVE('',#7324,(#7328,#7334),.PCURVE_S1.);
#7324 = LINE('',#7325,#7326);
#7325 = CARTESIAN_POINT('',(190.,94.,251.81742422927));
#7326 = VECTOR('',#7327,1.);
#7327 = DIRECTION('',(0.,-1.,2.22044604925E-16));
#7328 = PCURVE('',#7296,#7329);
#7329 = DEFINITIONAL_REPRESENTATION('',(#7330),#7333);
#7330 = B_SPLINE_CURVE_WITH_KNOTS('',1,(#7331,#7332),.UNSPECIFIED.,.F.,
  .F.,(2,2),(7.573064690122E-29,12.),.PIECEWISE_BEZIER_KNOTS.);
#7331 = CARTESIAN_POINT('',(7.42420620267,4.84444134347E-15));
#7332 = CARTESIAN_POINT('',(7.42420620267,12.));
#7333 = ( GEOMETRIC_REPRESENTATION_CONTEXT(2) 
PARAMETRIC_REPRESENTATION_CONTEXT() REPRESENTATION_CONTEXT('2D SPACE',''
  ) );
#7334 = PCURVE('',#7335,#7340);
#7335 = PLANE('',#7336);
#7336 = AXIS2_PLACEMENT_3D('',#7337,#7338,#7339);
#7337 = CARTESIAN_POINT('',(190.,82.,194.));
#7338 = DIRECTION('',(1.,0.,-0.));
#7339 = DIRECTION('',(0.,0.,1.));
#7340 = DEFINITIONAL_REPRESENTATION('',(#7341),#7344);
#7341 = B_SPLINE_CURVE_WITH_KNOTS('',1,(#7342,#7343),.UNSPECIFIED.,.F.,
  .F.,(2,2),(-2.399999999625E-06,12.0000024),.PIECEWISE_BEZIER_KNOTS.);
#7342 = CARTESIAN_POINT('',(57.817424229271,-12.0000024));
#7343 = CARTESIAN_POINT('',(57.817424229271,2.399999999625E-06));
#7344 = ( GEOMETRIC_REPRESENTATION_CONTEXT(2) 
PARAMETRIC_REPRESENTATION_CONTEXT() REPRESENTATION_CONTEXT('2D SPACE',''
  ) );
#7345 = ORIENTED_EDGE('',*,*,#7346,.T.);
#7346 = EDGE_CURVE('',#7321,#7347,#7349,.T.);
#7347 = VERTEX_POINT('',#7348);
#7348 = CARTESIAN_POINT('',(190.,82.,208.18257577072));
#7349 = SURFACE_CURVE('',#7350,(#7355,#7362),.PCURVE_S1.);
#7350 = CIRCLE('',#7351,24.);
#7351 = AXIS2_PLACEMENT_3D('',#7352,#7353,#7354);
#7352 = CARTESIAN_POINT('',(180.,82.,230.));
#7353 = DIRECTION('',(0.,1.,0.));
#7354 = DIRECTION('',(0.416666666667,-0.,0.909059342886));
#7355 = PCURVE('',#7296,#7356);
#7356 = DEFINITIONAL_REPRESENTATION('',(#7357),#7361);
#7357 = LINE('',#7358,#7359);
#7358 = CARTESIAN_POINT('',(7.42420620267,12.));
#7359 = VECTOR('',#7360,1.);
#7360 = DIRECTION('',(-1.,-0.));
#7361 = ( GEOMETRIC_REPRESENTATION_CONTEXT(2) 
PARAMETRIC_REPRESENTATION_CONTEXT() REPRESENTATION_CONTEXT('2D SPACE',''
  ) );
#7362 = PCURVE('',#7363,#7368);
#7363 = PLANE('',#7364);
#7364 = AXIS2_PLACEMENT_3D('',#7365,#7366,#7367);
#7365 = CARTESIAN_POINT('',(180.,82.,230.));
#7366 = DIRECTION('',(0.,-1.,2.22044604925E-16));
#7367 = DIRECTION('',(1.,0.,0.));
#7368 = DEFINITIONAL_REPRESENTATION('',(#7369),#7377);
#7369 = ( BOUNDED_CURVE() B_SPLINE_CURVE(2,(#7370,#7371,#7372,#7373,
#7374,#7375,#7376),.UNSPECIFIED.,.T.,.F.) B_SPLINE_CURVE_WITH_KNOTS((1,2
    ,2,2,2,1),(-2.094395102393,0.,2.094395102393,4.188790204786,
6.28318530718,8.377580409573),.UNSPECIFIED.) CURVE() 
GEOMETRIC_REPRESENTATION_ITEM() RATIONAL_B_SPLINE_CURVE((1.,0.5,1.,0.5,
1.,0.5,1.)) REPRESENTATION_ITEM('') );
#7370 = CARTESIAN_POINT('',(10.,21.817424229272));
#7371 = CARTESIAN_POINT('',(47.788887255382,4.496916153584));
#7372 = CARTESIAN_POINT('',(13.894443627692,-19.56896615248));
#7373 = CARTESIAN_POINT('',(-19.99999999999,-43.63484845854));
#7374 = CARTESIAN_POINT('',(-23.89444362769,-2.248458076792));
#7375 = CARTESIAN_POINT('',(-27.78888725538,39.13793230496));
#7376 = CARTESIAN_POINT('',(10.,21.817424229272));
#7377 = ( GEOMETRIC_REPRESENTATION_CONTEXT(2) 
PARAMETRIC_REPRESENTATION_CONTEXT() REPRESENTATION_CONTEXT('2D SPACE',''
  ) );
#7378 = ORIENTED_EDGE('',*,*,#7379,.F.);
#7379 = EDGE_CURVE('',#7285,#7347,#7380,.T.);
#7380 = SURFACE_CURVE('',#7381,(#7385,#7391),.PCURVE_S1.);
#7381 = LINE('',#7382,#7383);
#7382 = CARTESIAN_POINT('',(190.,94.,208.18257577072));
#7383 = VECTOR('',#7384,1.);
#7384 = DIRECTION('',(0.,-1.,2.22044604925E-16));
#7385 = PCURVE('',#7296,#7386);
#7386 = DEFINITIONAL_REPRESENTATION('',(#7387),#7390);
#7387 = B_SPLINE_CURVE_WITH_KNOTS('',1,(#7388,#7389),.UNSPECIFIED.,.F.,
  .F.,(2,2),(-6.941975965945E-29,12.),.PIECEWISE_BEZIER_KNOTS.);
#7388 = CARTESIAN_POINT('',(5.142164411689,-4.84444134347E-15));
#7389 = CARTESIAN_POINT('',(5.142164411689,12.));
#7390 = ( GEOMETRIC_REPRESENTATION_CONTEXT(2) 
PARAMETRIC_REPRESENTATION_CONTEXT() REPRESENTATION_CONTEXT('2D SPACE',''
  ) );
#7391 = PCURVE('',#7392,#7397);
#7392 = PLANE('',#7393);
#7393 = AXIS2_PLACEMENT_3D('',#7394,#7395,#7396);
#7394 = CARTESIAN_POINT('',(190.,82.,194.));
#7395 = DIRECTION('',(1.,0.,-0.));
#7396 = DIRECTION('',(0.,0.,1.));
#7397 = DEFINITIONAL_REPRESENTATION('',(#7398),#7401);
#7398 = B_SPLINE_CURVE_WITH_KNOTS('',1,(#7399,#7400),.UNSPECIFIED.,.F.,
  .F.,(2,2),(-2.399999999625E-06,12.0000024),.PIECEWISE_BEZIER_KNOTS.);
#7399 = CARTESIAN_POINT('',(14.182575770729,-12.0000024));
#7400 = CARTESIAN_POINT('',(14.182575770729,2.399999999625E-06));
#7401 = ( GEOMETRIC_REPRESENTATION_CONTEXT(2) 
PARAMETRIC_REPRESENTATION_CONTEXT() REPRESENTATION_CONTEXT('2D SPACE',''
  ) );
#7402 = ADVANCED_FACE('',(#7403,#7591,#7622,#7653),#7308,.F.);
#7403 = FACE_BOUND('',#7404,.F.);
#7404 = EDGE_LOOP('',(#7405,#7406,#7429,#7457,#7485,#7514,#7542,#7570));
#7405 = ORIENTED_EDGE('',*,*,#7284,.T.);
#7406 = ORIENTED_EDGE('',*,*,#7407,.T.);
#7407 = EDGE_CURVE('',#7287,#7408,#7410,.T.);
#7408 = VERTEX_POINT('',#7409);
#7409 = CARTESIAN_POINT('',(190.,94.,266.));
#7410 = SURFACE_CURVE('',#7411,(#7415,#7422),.PCURVE_S1.);
#7411 = LINE('',#7412,#7413);
#7412 = CARTESIAN_POINT('',(190.,94.,194.));
#7413 = VECTOR('',#7414,1.);
#7414 = DIRECTION('',(0.,0.,1.));
#7415 = PCURVE('',#7308,#7416);
#7416 = DEFINITIONAL_REPRESENTATION('',(#7417),#7421);
#7417 = LINE('',#7418,#7419);
#7418 = CARTESIAN_POINT('',(10.,-36.));
#7419 = VECTOR('',#7420,1.);
#7420 = DIRECTION('',(0.,1.));
#7421 = ( GEOMETRIC_REPRESENTATION_CONTEXT(2) 
PARAMETRIC_REPRESENTATION_CONTEXT() REPRESENTATION_CONTEXT('2D SPACE',''
  ) );
#7422 = PCURVE('',#7335,#7423);
#7423 = DEFINITIONAL_REPRESENTATION('',(#7424),#7428);
#7424 = LINE('',#7425,#7426);
#7425 = CARTESIAN_POINT('',(0.,-12.));
#7426 = VECTOR('',#7427,1.);
#7427 = DIRECTION('',(1.,0.));
#7428 = ( GEOMETRIC_REPRESENTATION_CONTEXT(2) 
PARAMETRIC_REPRESENTATION_CONTEXT() REPRESENTATION_CONTEXT('2D SPACE',''
  ) );
#7429 = ORIENTED_EDGE('',*,*,#7430,.F.);
#7430 = EDGE_CURVE('',#7431,#7408,#7433,.T.);
#7431 = VERTEX_POINT('',#7432);
#7432 = CARTESIAN_POINT('',(170.,94.,266.));
#7433 = SURFACE_CURVE('',#7434,(#7438,#7445),.PCURVE_S1.);
#7434 = LINE('',#7435,#7436);
#7435 = CARTESIAN_POINT('',(170.,94.,266.));
#7436 = VECTOR('',#7437,1.);
#7437 = DIRECTION('',(1.,0.,-0.));
#7438 = PCURVE('',#7308,#7439);
#7439 = DEFINITIONAL_REPRESENTATION('',(#7440),#7444);
#7440 = LINE('',#7441,#7442);
#7441 = CARTESIAN_POINT('',(-10.,36.));
#7442 = VECTOR('',#7443,1.);
#7443 = DIRECTION('',(1.,0.));
#7444 = ( GEOMETRIC_REPRESENTATION_CONTEXT(2) 
PARAMETRIC_REPRESENTATION_CONTEXT() REPRESENTATION_CONTEXT('2D SPACE',''
  ) );
#7445 = PCURVE('',#7446,#7451);
#7446 = PLANE('',#7447);
#7447 = AXIS2_PLACEMENT_3D('',#7448,#7449,#7450);
#7448 = CARTESIAN_POINT('',(170.,82.,266.));
#7449 = DIRECTION('',(0.,0.,1.));
#7450 = DIRECTION('',(1.,0.,-0.));
#7451 = DEFINITIONAL_REPRESENTATION('',(#7452),#7456);
#7452 = LINE('',#7453,#7454);
#7453 = CARTESIAN_POINT('',(0.,12.));
#7454 = VECTOR('',#7455,1.);
#7455 = DIRECTION('',(1.,0.));
#7456 = ( GEOMETRIC_REPRESENTATION_CONTEXT(2) 
PARAMETRIC_REPRESENTATION_CONTEXT() REPRESENTATION_CONTEXT('2D SPACE',''
  ) );
#7457 = ORIENTED_EDGE('',*,*,#7458,.F.);
#7458 = EDGE_CURVE('',#7459,#7431,#7461,.T.);
#7459 = VERTEX_POINT('',#7460);
#7460 = CARTESIAN_POINT('',(169.99999999999,94.,251.81742422927));
#7461 = SURFACE_CURVE('',#7462,(#7466,#7473),.PCURVE_S1.);
#7462 = LINE('',#7463,#7464);
#7463 = CARTESIAN_POINT('',(170.,94.,194.));
#7464 = VECTOR('',#7465,1.);
#7465 = DIRECTION('',(0.,0.,1.));
#7466 = PCURVE('',#7308,#7467);
#7467 = DEFINITIONAL_REPRESENTATION('',(#7468),#7472);
#7468 = LINE('',#7469,#7470);
#7469 = CARTESIAN_POINT('',(-10.,-36.));
#7470 = VECTOR('',#7471,1.);
#7471 = DIRECTION('',(0.,1.));
#7472 = ( GEOMETRIC_REPRESENTATION_CONTEXT(2) 
PARAMETRIC_REPRESENTATION_CONTEXT() REPRESENTATION_CONTEXT('2D SPACE',''
  ) );
#7473 = PCURVE('',#7474,#7479);
#7474 = PLANE('',#7475);
#7475 = AXIS2_PLACEMENT_3D('',#7476,#7477,#7478);
#7476 = CARTESIAN_POINT('',(170.,82.,194.));
#7477 = DIRECTION('',(1.,0.,-0.));
#7478 = DIRECTION('',(0.,0.,1.));
#7479 = DEFINITIONAL_REPRESENTATION('',(#7480),#7484);
#7480 = LINE('',#7481,#7482);
#7481 = CARTESIAN_POINT('',(0.,-12.));
#7482 = VECTOR('',#7483,1.);
#7483 = DIRECTION('',(1.,0.));
#7484 = ( GEOMETRIC_REPRESENTATION_CONTEXT(2) 
PARAMETRIC_REPRESENTATION_CONTEXT() REPRESENTATION_CONTEXT('2D SPACE',''
  ) );
#7485 = ORIENTED_EDGE('',*,*,#7486,.T.);
#7486 = EDGE_CURVE('',#7459,#7487,#7489,.T.);
#7487 = VERTEX_POINT('',#7488);
#7488 = CARTESIAN_POINT('',(169.99999999999,94.,208.18257577072));
#7489 = SURFACE_CURVE('',#7490,(#7495,#7502),.PCURVE_S1.);
#7490 = CIRCLE('',#7491,24.);
#7491 = AXIS2_PLACEMENT_3D('',#7492,#7493,#7494);
#7492 = CARTESIAN_POINT('',(180.,94.,230.));
#7493 = DIRECTION('',(0.,-1.,2.22044604925E-16));
#7494 = DIRECTION('',(1.,0.,0.));
#7495 = PCURVE('',#7308,#7496);
#7496 = DEFINITIONAL_REPRESENTATION('',(#7497),#7501);
#7497 = CIRCLE('',#7498,24.);
#7498 = AXIS2_PLACEMENT_2D('',#7499,#7500);
#7499 = CARTESIAN_POINT('',(0.,0.));
#7500 = DIRECTION('',(1.,0.));
#7501 = ( GEOMETRIC_REPRESENTATION_CONTEXT(2) 
PARAMETRIC_REPRESENTATION_CONTEXT() REPRESENTATION_CONTEXT('2D SPACE',''
  ) );
#7502 = PCURVE('',#7503,#7508);
#7503 = CYLINDRICAL_SURFACE('',#7504,24.);
#7504 = AXIS2_PLACEMENT_3D('',#7505,#7506,#7507);
#7505 = CARTESIAN_POINT('',(180.,94.,230.));
#7506 = DIRECTION('',(0.,-1.,2.22044604925E-16));
#7507 = DIRECTION('',(1.,0.,0.));
#7508 = DEFINITIONAL_REPRESENTATION('',(#7509),#7513);
#7509 = LINE('',#7510,#7511);
#7510 = CARTESIAN_POINT('',(0.,0.));
#7511 = VECTOR('',#7512,1.);
#7512 = DIRECTION('',(1.,0.));
#7513 = ( GEOMETRIC_REPRESENTATION_CONTEXT(2) 
PARAMETRIC_REPRESENTATION_CONTEXT() REPRESENTATION_CONTEXT('2D SPACE',''
  ) );
#7514 = ORIENTED_EDGE('',*,*,#7515,.F.);
#7515 = EDGE_CURVE('',#7516,#7487,#7518,.T.);
#7516 = VERTEX_POINT('',#7517);
#7517 = CARTESIAN_POINT('',(170.,94.,194.));
#7518 = SURFACE_CURVE('',#7519,(#7523,#7530),.PCURVE_S1.);
#7519 = LINE('',#7520,#7521);
#7520 = CARTESIAN_POINT('',(170.,94.,194.));
#7521 = VECTOR('',#7522,1.);
#7522 = DIRECTION('',(0.,0.,1.));
#7523 = PCURVE('',#7308,#7524);
#7524 = DEFINITIONAL_REPRESENTATION('',(#7525),#7529);
#7525 = LINE('',#7526,#7527);
#7526 = CARTESIAN_POINT('',(-10.,-36.));
#7527 = VECTOR('',#7528,1.);
#7528 = DIRECTION('',(0.,1.));
#7529 = ( GEOMETRIC_REPRESENTATION_CONTEXT(2) 
PARAMETRIC_REPRESENTATION_CONTEXT() REPRESENTATION_CONTEXT('2D SPACE',''
  ) );
#7530 = PCURVE('',#7531,#7536);
#7531 = PLANE('',#7532);
#7532 = AXIS2_PLACEMENT_3D('',#7533,#7534,#7535);
#7533 = CARTESIAN_POINT('',(170.,82.,194.));
#7534 = DIRECTION('',(1.,0.,-0.));
#7535 = DIRECTION('',(0.,0.,1.));
#7536 = DEFINITIONAL_REPRESENTATION('',(#7537),#7541);
#7537 = LINE('',#7538,#7539);
#7538 = CARTESIAN_POINT('',(0.,-12.));
#7539 = VECTOR('',#7540,1.);
#7540 = DIRECTION('',(1.,0.));
#7541 = ( GEOMETRIC_REPRESENTATION_CONTEXT(2) 
PARAMETRIC_REPRESENTATION_CONTEXT() REPRESENTATION_CONTEXT('2D SPACE',''
  ) );
#7542 = ORIENTED_EDGE('',*,*,#7543,.T.);
#7543 = EDGE_CURVE('',#7516,#7544,#7546,.T.);
#7544 = VERTEX_POINT('',#7545);
#7545 = CARTESIAN_POINT('',(190.,94.,194.));
#7546 = SURFACE_CURVE('',#7547,(#7551,#7558),.PCURVE_S1.);
#7547 = LINE('',#7548,#7549);
#7548 = CARTESIAN_POINT('',(170.,94.,194.));
#7549 = VECTOR('',#7550,1.);
#7550 = DIRECTION('',(1.,0.,-0.));
#7551 = PCURVE('',#7308,#7552);
#7552 = DEFINITIONAL_REPRESENTATION('',(#7553),#7557);
#7553 = LINE('',#7554,#7555);
#7554 = CARTESIAN_POINT('',(-10.,-36.));
#7555 = VECTOR('',#7556,1.);
#7556 = DIRECTION('',(1.,0.));
#7557 = ( GEOMETRIC_REPRESENTATION_CONTEXT(2) 
PARAMETRIC_REPRESENTATION_CONTEXT() REPRESENTATION_CONTEXT('2D SPACE',''
  ) );
#7558 = PCURVE('',#7559,#7564);
#7559 = PLANE('',#7560);
#7560 = AXIS2_PLACEMENT_3D('',#7561,#7562,#7563);
#7561 = CARTESIAN_POINT('',(170.,82.,194.));
#7562 = DIRECTION('',(0.,0.,1.));
#7563 = DIRECTION('',(1.,0.,-0.));
#7564 = DEFINITIONAL_REPRESENTATION('',(#7565),#7569);
#7565 = LINE('',#7566,#7567);
#7566 = CARTESIAN_POINT('',(0.,12.));
#7567 = VECTOR('',#7568,1.);
#7568 = DIRECTION('',(1.,0.));
#7569 = ( GEOMETRIC_REPRESENTATION_CONTEXT(2) 
PARAMETRIC_REPRESENTATION_CONTEXT() REPRESENTATION_CONTEXT('2D SPACE',''
  ) );
#7570 = ORIENTED_EDGE('',*,*,#7571,.T.);
#7571 = EDGE_CURVE('',#7544,#7285,#7572,.T.);
#7572 = SURFACE_CURVE('',#7573,(#7577,#7584),.PCURVE_S1.);
#7573 = LINE('',#7574,#7575);
#7574 = CARTESIAN_POINT('',(190.,94.,194.));
#7575 = VECTOR('',#7576,1.);
#7576 = DIRECTION('',(0.,0.,1.));
#7577 = PCURVE('',#7308,#7578);
#7578 = DEFINITIONAL_REPRESENTATION('',(#7579),#7583);
#7579 = LINE('',#7580,#7581);
#7580 = CARTESIAN_POINT('',(10.,-36.));
#7581 = VECTOR('',#7582,1.);
#7582 = DIRECTION('',(0.,1.));
#7583 = ( GEOMETRIC_REPRESENTATION_CONTEXT(2) 
PARAMETRIC_REPRESENTATION_CONTEXT() REPRESENTATION_CONTEXT('2D SPACE',''
  ) );
#7584 = PCURVE('',#7392,#7585);
#7585 = DEFINITIONAL_REPRESENTATION('',(#7586),#7590);
#7586 = LINE('',#7587,#7588);
#7587 = CARTESIAN_POINT('',(0.,-12.));
#7588 = VECTOR('',#7589,1.);
#7589 = DIRECTION('',(1.,0.));
#7590 = ( GEOMETRIC_REPRESENTATION_CONTEXT(2) 
PARAMETRIC_REPRESENTATION_CONTEXT() REPRESENTATION_CONTEXT('2D SPACE',''
  ) );
#7591 = FACE_BOUND('',#7592,.F.);
#7592 = EDGE_LOOP('',(#7593));
#7593 = ORIENTED_EDGE('',*,*,#7594,.F.);
#7594 = EDGE_CURVE('',#7595,#7595,#7597,.T.);
#7595 = VERTEX_POINT('',#7596);
#7596 = CARTESIAN_POINT('',(184.2,94.,203.));
#7597 = SURFACE_CURVE('',#7598,(#7603,#7610),.PCURVE_S1.);
#7598 = CIRCLE('',#7599,4.2);
#7599 = AXIS2_PLACEMENT_3D('',#7600,#7601,#7602);
#7600 = CARTESIAN_POINT('',(180.,94.,203.));
#7601 = DIRECTION('',(0.,-1.,2.22044604925E-16));
#7602 = DIRECTION('',(1.,0.,0.));
#7603 = PCURVE('',#7308,#7604);
#7604 = DEFINITIONAL_REPRESENTATION('',(#7605),#7609);
#7605 = CIRCLE('',#7606,4.2);
#7606 = AXIS2_PLACEMENT_2D('',#7607,#7608);
#7607 = CARTESIAN_POINT('',(0.,-27.));
#7608 = DIRECTION('',(1.,0.));
#7609 = ( GEOMETRIC_REPRESENTATION_CONTEXT(2) 
PARAMETRIC_REPRESENTATION_CONTEXT() REPRESENTATION_CONTEXT('2D SPACE',''
  ) );
#7610 = PCURVE('',#7611,#7616);
#7611 = CYLINDRICAL_SURFACE('',#7612,4.2);
#7612 = AXIS2_PLACEMENT_3D('',#7613,#7614,#7615);
#7613 = CARTESIAN_POINT('',(180.,95.,203.));
#7614 = DIRECTION('',(0.,-1.,2.22044604925E-16));
#7615 = DIRECTION('',(1.,0.,0.));
#7616 = DEFINITIONAL_REPRESENTATION('',(#7617),#7621);
#7617 = LINE('',#7618,#7619);
#7618 = CARTESIAN_POINT('',(0.,1.));
#7619 = VECTOR('',#7620,1.);
#7620 = DIRECTION('',(1.,0.));
#7621 = ( GEOMETRIC_REPRESENTATION_CONTEXT(2) 
PARAMETRIC_REPRESENTATION_CONTEXT() REPRESENTATION_CONTEXT('2D SPACE',''
  ) );
#7622 = FACE_BOUND('',#7623,.F.);
#7623 = EDGE_LOOP('',(#7624));
#7624 = ORIENTED_EDGE('',*,*,#7625,.F.);
#7625 = EDGE_CURVE('',#7626,#7626,#7628,.T.);
#7626 = VERTEX_POINT('',#7627);
#7627 = CARTESIAN_POINT('',(190.,94.,230.));
#7628 = SURFACE_CURVE('',#7629,(#7634,#7641),.PCURVE_S1.);
#7629 = CIRCLE('',#7630,10.);
#7630 = AXIS2_PLACEMENT_3D('',#7631,#7632,#7633);
#7631 = CARTESIAN_POINT('',(180.,94.,230.));
#7632 = DIRECTION('',(0.,-1.,2.22044604925E-16));
#7633 = DIRECTION('',(1.,0.,0.));
#7634 = PCURVE('',#7308,#7635);
#7635 = DEFINITIONAL_REPRESENTATION('',(#7636),#7640);
#7636 = CIRCLE('',#7637,10.);
#7637 = AXIS2_PLACEMENT_2D('',#7638,#7639);
#7638 = CARTESIAN_POINT('',(0.,0.));
#7639 = DIRECTION('',(1.,0.));
#7640 = ( GEOMETRIC_REPRESENTATION_CONTEXT(2) 
PARAMETRIC_REPRESENTATION_CONTEXT() REPRESENTATION_CONTEXT('2D SPACE',''
  ) );
#7641 = PCURVE('',#7642,#7647);
#7642 = CYLINDRICAL_SURFACE('',#7643,10.);
#7643 = AXIS2_PLACEMENT_3D('',#7644,#7645,#7646);
#7644 = CARTESIAN_POINT('',(180.,95.,230.));
#7645 = DIRECTION('',(0.,-1.,2.22044604925E-16));
#7646 = DIRECTION('',(1.,0.,0.));
#7647 = DEFINITIONAL_REPRESENTATION('',(#7648),#7652);
#7648 = LINE('',#7649,#7650);
#7649 = CARTESIAN_POINT('',(0.,1.));
#7650 = VECTOR('',#7651,1.);
#7651 = DIRECTION('',(1.,0.));
#7652 = ( GEOMETRIC_REPRESENTATION_CONTEXT(2) 
PARAMETRIC_REPRESENTATION_CONTEXT() REPRESENTATION_CONTEXT('2D SPACE',''
  ) );
#7653 = FACE_BOUND('',#7654,.F.);
#7654 = EDGE_LOOP('',(#7655));
#7655 = ORIENTED_EDGE('',*,*,#7656,.F.);
#7656 = EDGE_CURVE('',#7657,#7657,#7659,.T.);
#7657 = VERTEX_POINT('',#7658);
#7658 = CARTESIAN_POINT('',(184.2,94.,257.));
#7659 = SURFACE_CURVE('',#7660,(#7665,#7672),.PCURVE_S1.);
#7660 = CIRCLE('',#7661,4.2);
#7661 = AXIS2_PLACEMENT_3D('',#7662,#7663,#7664);
#7662 = CARTESIAN_POINT('',(180.,94.,257.));
#7663 = DIRECTION('',(0.,-1.,2.22044604925E-16));
#7664 = DIRECTION('',(1.,0.,0.));
#7665 = PCURVE('',#7308,#7666);
#7666 = DEFINITIONAL_REPRESENTATION('',(#7667),#7671);
#7667 = CIRCLE('',#7668,4.2);
#7668 = AXIS2_PLACEMENT_2D('',#7669,#7670);
#7669 = CARTESIAN_POINT('',(0.,27.));
#7670 = DIRECTION('',(1.,0.));
#7671 = ( GEOMETRIC_REPRESENTATION_CONTEXT(2) 
PARAMETRIC_REPRESENTATION_CONTEXT() REPRESENTATION_CONTEXT('2D SPACE',''
  ) );
#7672 = PCURVE('',#7673,#7678);
#7673 = CYLINDRICAL_SURFACE('',#7674,4.2);
#7674 = AXIS2_PLACEMENT_3D('',#7675,#7676,#7677);
#7675 = CARTESIAN_POINT('',(180.,95.,257.));
#7676 = DIRECTION('',(0.,-1.,2.22044604925E-16));
#7677 = DIRECTION('',(1.,0.,0.));
#7678 = DEFINITIONAL_REPRESENTATION('',(#7679),#7683);
#7679 = LINE('',#7680,#7681);
#7680 = CARTESIAN_POINT('',(0.,1.));
#7681 = VECTOR('',#7682,1.);
#7682 = DIRECTION('',(1.,0.));
#7683 = ( GEOMETRIC_REPRESENTATION_CONTEXT(2) 
PARAMETRIC_REPRESENTATION_CONTEXT() REPRESENTATION_CONTEXT('2D SPACE',''
  ) );
#7684 = ADVANCED_FACE('',(#7685),#7335,.T.);
#7685 = FACE_BOUND('',#7686,.T.);
#7686 = EDGE_LOOP('',(#7687,#7710,#7711,#7712));
#7687 = ORIENTED_EDGE('',*,*,#7688,.F.);
#7688 = EDGE_CURVE('',#7321,#7689,#7691,.T.);
#7689 = VERTEX_POINT('',#7690);
#7690 = CARTESIAN_POINT('',(190.,82.,266.));
#7691 = SURFACE_CURVE('',#7692,(#7696,#7703),.PCURVE_S1.);
#7692 = LINE('',#7693,#7694);
#7693 = CARTESIAN_POINT('',(190.,82.,194.));
#7694 = VECTOR('',#7695,1.);
#7695 = DIRECTION('',(0.,0.,1.));
#7696 = PCURVE('',#7335,#7697);
#7697 = DEFINITIONAL_REPRESENTATION('',(#7698),#7702);
#7698 = LINE('',#7699,#7700);
#7699 = CARTESIAN_POINT('',(0.,0.));
#7700 = VECTOR('',#7701,1.);
#7701 = DIRECTION('',(1.,0.));
#7702 = ( GEOMETRIC_REPRESENTATION_CONTEXT(2) 
PARAMETRIC_REPRESENTATION_CONTEXT() REPRESENTATION_CONTEXT('2D SPACE',''
  ) );
#7703 = PCURVE('',#7363,#7704);
#7704 = DEFINITIONAL_REPRESENTATION('',(#7705),#7709);
#7705 = LINE('',#7706,#7707);
#7706 = CARTESIAN_POINT('',(10.,-36.));
#7707 = VECTOR('',#7708,1.);
#7708 = DIRECTION('',(0.,1.));
#7709 = ( GEOMETRIC_REPRESENTATION_CONTEXT(2) 
PARAMETRIC_REPRESENTATION_CONTEXT() REPRESENTATION_CONTEXT('2D SPACE',''
  ) );
#7710 = ORIENTED_EDGE('',*,*,#7320,.F.);
#7711 = ORIENTED_EDGE('',*,*,#7407,.T.);
#7712 = ORIENTED_EDGE('',*,*,#7713,.F.);
#7713 = EDGE_CURVE('',#7689,#7408,#7714,.T.);
#7714 = SURFACE_CURVE('',#7715,(#7719,#7726),.PCURVE_S1.);
#7715 = LINE('',#7716,#7717);
#7716 = CARTESIAN_POINT('',(190.,82.,266.));
#7717 = VECTOR('',#7718,1.);
#7718 = DIRECTION('',(-0.,1.,0.));
#7719 = PCURVE('',#7335,#7720);
#7720 = DEFINITIONAL_REPRESENTATION('',(#7721),#7725);
#7721 = LINE('',#7722,#7723);
#7722 = CARTESIAN_POINT('',(72.,0.));
#7723 = VECTOR('',#7724,1.);
#7724 = DIRECTION('',(0.,-1.));
#7725 = ( GEOMETRIC_REPRESENTATION_CONTEXT(2) 
PARAMETRIC_REPRESENTATION_CONTEXT() REPRESENTATION_CONTEXT('2D SPACE',''
  ) );
#7726 = PCURVE('',#7446,#7727);
#7727 = DEFINITIONAL_REPRESENTATION('',(#7728),#7732);
#7728 = LINE('',#7729,#7730);
#7729 = CARTESIAN_POINT('',(20.,0.));
#7730 = VECTOR('',#7731,1.);
#7731 = DIRECTION('',(0.,1.));
#7732 = ( GEOMETRIC_REPRESENTATION_CONTEXT(2) 
PARAMETRIC_REPRESENTATION_CONTEXT() REPRESENTATION_CONTEXT('2D SPACE',''
  ) );
#7733 = ADVANCED_FACE('',(#7734,#7875,#7901,#7927),#7363,.T.);
#7734 = FACE_BOUND('',#7735,.T.);
#7735 = EDGE_LOOP('',(#7736,#7737,#7738,#7761,#7784,#7808,#7831,#7854));
#7736 = ORIENTED_EDGE('',*,*,#7346,.F.);
#7737 = ORIENTED_EDGE('',*,*,#7688,.T.);
#7738 = ORIENTED_EDGE('',*,*,#7739,.F.);
#7739 = EDGE_CURVE('',#7740,#7689,#7742,.T.);
#7740 = VERTEX_POINT('',#7741);
#7741 = CARTESIAN_POINT('',(170.,82.,266.));
#7742 = SURFACE_CURVE('',#7743,(#7747,#7754),.PCURVE_S1.);
#7743 = LINE('',#7744,#7745);
#7744 = CARTESIAN_POINT('',(170.,82.,266.));
#7745 = VECTOR('',#7746,1.);
#7746 = DIRECTION('',(1.,0.,-0.));
#7747 = PCURVE('',#7363,#7748);
#7748 = DEFINITIONAL_REPRESENTATION('',(#7749),#7753);
#7749 = LINE('',#7750,#7751);
#7750 = CARTESIAN_POINT('',(-10.,36.));
#7751 = VECTOR('',#7752,1.);
#7752 = DIRECTION('',(1.,0.));
#7753 = ( GEOMETRIC_REPRESENTATION_CONTEXT(2) 
PARAMETRIC_REPRESENTATION_CONTEXT() REPRESENTATION_CONTEXT('2D SPACE',''
  ) );
#7754 = PCURVE('',#7446,#7755);
#7755 = DEFINITIONAL_REPRESENTATION('',(#7756),#7760);
#7756 = LINE('',#7757,#7758);
#7757 = CARTESIAN_POINT('',(0.,0.));
#7758 = VECTOR('',#7759,1.);
#7759 = DIRECTION('',(1.,0.));
#7760 = ( GEOMETRIC_REPRESENTATION_CONTEXT(2) 
PARAMETRIC_REPRESENTATION_CONTEXT() REPRESENTATION_CONTEXT('2D SPACE',''
  ) );
#7761 = ORIENTED_EDGE('',*,*,#7762,.F.);
#7762 = EDGE_CURVE('',#7763,#7740,#7765,.T.);
#7763 = VERTEX_POINT('',#7764);
#7764 = CARTESIAN_POINT('',(169.99999999999,82.,251.81742422927));
#7765 = SURFACE_CURVE('',#7766,(#7770,#7777),.PCURVE_S1.);
#7766 = LINE('',#7767,#7768);
#7767 = CARTESIAN_POINT('',(170.,82.,194.));
#7768 = VECTOR('',#7769,1.);
#7769 = DIRECTION('',(0.,0.,1.));
#7770 = PCURVE('',#7363,#7771);
#7771 = DEFINITIONAL_REPRESENTATION('',(#7772),#7776);
#7772 = LINE('',#7773,#7774);
#7773 = CARTESIAN_POINT('',(-10.,-36.));
#7774 = VECTOR('',#7775,1.);
#7775 = DIRECTION('',(0.,1.));
#7776 = ( GEOMETRIC_REPRESENTATION_CONTEXT(2) 
PARAMETRIC_REPRESENTATION_CONTEXT() REPRESENTATION_CONTEXT('2D SPACE',''
  ) );
#7777 = PCURVE('',#7474,#7778);
#7778 = DEFINITIONAL_REPRESENTATION('',(#7779),#7783);
#7779 = LINE('',#7780,#7781);
#7780 = CARTESIAN_POINT('',(0.,0.));
#7781 = VECTOR('',#7782,1.);
#7782 = DIRECTION('',(1.,0.));
#7783 = ( GEOMETRIC_REPRESENTATION_CONTEXT(2) 
PARAMETRIC_REPRESENTATION_CONTEXT() REPRESENTATION_CONTEXT('2D SPACE',''
  ) );
#7784 = ORIENTED_EDGE('',*,*,#7785,.T.);
#7785 = EDGE_CURVE('',#7763,#7786,#7788,.T.);
#7786 = VERTEX_POINT('',#7787);
#7787 = CARTESIAN_POINT('',(169.99999999999,82.,208.18257577072));
#7788 = SURFACE_CURVE('',#7789,(#7794,#7801),.PCURVE_S1.);
#7789 = CIRCLE('',#7790,24.);
#7790 = AXIS2_PLACEMENT_3D('',#7791,#7792,#7793);
#7791 = CARTESIAN_POINT('',(180.,82.,230.));
#7792 = DIRECTION('',(0.,-1.,2.22044604925E-16));
#7793 = DIRECTION('',(1.,0.,0.));
#7794 = PCURVE('',#7363,#7795);
#7795 = DEFINITIONAL_REPRESENTATION('',(#7796),#7800);
#7796 = CIRCLE('',#7797,24.);
#7797 = AXIS2_PLACEMENT_2D('',#7798,#7799);
#7798 = CARTESIAN_POINT('',(0.,0.));
#7799 = DIRECTION('',(1.,0.));
#7800 = ( GEOMETRIC_REPRESENTATION_CONTEXT(2) 
PARAMETRIC_REPRESENTATION_CONTEXT() REPRESENTATION_CONTEXT('2D SPACE',''
  ) );
#7801 = PCURVE('',#7503,#7802);
#7802 = DEFINITIONAL_REPRESENTATION('',(#7803),#7807);
#7803 = LINE('',#7804,#7805);
#7804 = CARTESIAN_POINT('',(0.,12.));
#7805 = VECTOR('',#7806,1.);
#7806 = DIRECTION('',(1.,0.));
#7807 = ( GEOMETRIC_REPRESENTATION_CONTEXT(2) 
PARAMETRIC_REPRESENTATION_CONTEXT() REPRESENTATION_CONTEXT('2D SPACE',''
  ) );
#7808 = ORIENTED_EDGE('',*,*,#7809,.F.);
#7809 = EDGE_CURVE('',#7810,#7786,#7812,.T.);
#7810 = VERTEX_POINT('',#7811);
#7811 = CARTESIAN_POINT('',(170.,82.,194.));
#7812 = SURFACE_CURVE('',#7813,(#7817,#7824),.PCURVE_S1.);
#7813 = LINE('',#7814,#7815);
#7814 = CARTESIAN_POINT('',(170.,82.,194.));
#7815 = VECTOR('',#7816,1.);
#7816 = DIRECTION('',(0.,0.,1.));
#7817 = PCURVE('',#7363,#7818);
#7818 = DEFINITIONAL_REPRESENTATION('',(#7819),#7823);
#7819 = LINE('',#7820,#7821);
#7820 = CARTESIAN_POINT('',(-10.,-36.));
#7821 = VECTOR('',#7822,1.);
#7822 = DIRECTION('',(0.,1.));
#7823 = ( GEOMETRIC_REPRESENTATION_CONTEXT(2) 
PARAMETRIC_REPRESENTATION_CONTEXT() REPRESENTATION_CONTEXT('2D SPACE',''
  ) );
#7824 = PCURVE('',#7531,#7825);
#7825 = DEFINITIONAL_REPRESENTATION('',(#7826),#7830);
#7826 = LINE('',#7827,#7828);
#7827 = CARTESIAN_POINT('',(0.,0.));
#7828 = VECTOR('',#7829,1.);
#7829 = DIRECTION('',(1.,0.));
#7830 = ( GEOMETRIC_REPRESENTATION_CONTEXT(2) 
PARAMETRIC_REPRESENTATION_CONTEXT() REPRESENTATION_CONTEXT('2D SPACE',''
  ) );
#7831 = ORIENTED_EDGE('',*,*,#7832,.T.);
#7832 = EDGE_CURVE('',#7810,#7833,#7835,.T.);
#7833 = VERTEX_POINT('',#7834);
#7834 = CARTESIAN_POINT('',(190.,82.,194.));
#7835 = SURFACE_CURVE('',#7836,(#7840,#7847),.PCURVE_S1.);
#7836 = LINE('',#7837,#7838);
#7837 = CARTESIAN_POINT('',(170.,82.,194.));
#7838 = VECTOR('',#7839,1.);
#7839 = DIRECTION('',(1.,0.,-0.));
#7840 = PCURVE('',#7363,#7841);
#7841 = DEFINITIONAL_REPRESENTATION('',(#7842),#7846);
#7842 = LINE('',#7843,#7844);
#7843 = CARTESIAN_POINT('',(-10.,-36.));
#7844 = VECTOR('',#7845,1.);
#7845 = DIRECTION('',(1.,0.));
#7846 = ( GEOMETRIC_REPRESENTATION_CONTEXT(2) 
PARAMETRIC_REPRESENTATION_CONTEXT() REPRESENTATION_CONTEXT('2D SPACE',''
  ) );
#7847 = PCURVE('',#7559,#7848);
#7848 = DEFINITIONAL_REPRESENTATION('',(#7849),#7853);
#7849 = LINE('',#7850,#7851);
#7850 = CARTESIAN_POINT('',(0.,0.));
#7851 = VECTOR('',#7852,1.);
#7852 = DIRECTION('',(1.,0.));
#7853 = ( GEOMETRIC_REPRESENTATION_CONTEXT(2) 
PARAMETRIC_REPRESENTATION_CONTEXT() REPRESENTATION_CONTEXT('2D SPACE',''
  ) );
#7854 = ORIENTED_EDGE('',*,*,#7855,.T.);
#7855 = EDGE_CURVE('',#7833,#7347,#7856,.T.);
#7856 = SURFACE_CURVE('',#7857,(#7861,#7868),.PCURVE_S1.);
#7857 = LINE('',#7858,#7859);
#7858 = CARTESIAN_POINT('',(190.,82.,194.));
#7859 = VECTOR('',#7860,1.);
#7860 = DIRECTION('',(0.,0.,1.));
#7861 = PCURVE('',#7363,#7862);
#7862 = DEFINITIONAL_REPRESENTATION('',(#7863),#7867);
#7863 = LINE('',#7864,#7865);
#7864 = CARTESIAN_POINT('',(10.,-36.));
#7865 = VECTOR('',#7866,1.);
#7866 = DIRECTION('',(0.,1.));
#7867 = ( GEOMETRIC_REPRESENTATION_CONTEXT(2) 
PARAMETRIC_REPRESENTATION_CONTEXT() REPRESENTATION_CONTEXT('2D SPACE',''
  ) );
#7868 = PCURVE('',#7392,#7869);
#7869 = DEFINITIONAL_REPRESENTATION('',(#7870),#7874);
#7870 = LINE('',#7871,#7872);
#7871 = CARTESIAN_POINT('',(0.,0.));
#7872 = VECTOR('',#7873,1.);
#7873 = DIRECTION('',(1.,0.));
#7874 = ( GEOMETRIC_REPRESENTATION_CONTEXT(2) 
PARAMETRIC_REPRESENTATION_CONTEXT() REPRESENTATION_CONTEXT('2D SPACE',''
  ) );
#7875 = FACE_BOUND('',#7876,.T.);
#7876 = EDGE_LOOP('',(#7877));
#7877 = ORIENTED_EDGE('',*,*,#7878,.F.);
#7878 = EDGE_CURVE('',#7879,#7879,#7881,.T.);
#7879 = VERTEX_POINT('',#7880);
#7880 = CARTESIAN_POINT('',(184.2,82.,203.));
#7881 = SURFACE_CURVE('',#7882,(#7887,#7894),.PCURVE_S1.);
#7882 = CIRCLE('',#7883,4.2);
#7883 = AXIS2_PLACEMENT_3D('',#7884,#7885,#7886);
#7884 = CARTESIAN_POINT('',(180.,82.,203.));
#7885 = DIRECTION('',(0.,-1.,2.22044604925E-16));
#7886 = DIRECTION('',(1.,0.,0.));
#7887 = PCURVE('',#7363,#7888);
#7888 = DEFINITIONAL_REPRESENTATION('',(#7889),#7893);
#7889 = CIRCLE('',#7890,4.2);
#7890 = AXIS2_PLACEMENT_2D('',#7891,#7892);
#7891 = CARTESIAN_POINT('',(0.,-27.));
#7892 = DIRECTION('',(1.,0.));
#7893 = ( GEOMETRIC_REPRESENTATION_CONTEXT(2) 
PARAMETRIC_REPRESENTATION_CONTEXT() REPRESENTATION_CONTEXT('2D SPACE',''
  ) );
#7894 = PCURVE('',#7611,#7895);
#7895 = DEFINITIONAL_REPRESENTATION('',(#7896),#7900);
#7896 = LINE('',#7897,#7898);
#7897 = CARTESIAN_POINT('',(0.,13.));
#7898 = VECTOR('',#7899,1.);
#7899 = DIRECTION('',(1.,0.));
#7900 = ( GEOMETRIC_REPRESENTATION_CONTEXT(2) 
PARAMETRIC_REPRESENTATION_CONTEXT() REPRESENTATION_CONTEXT('2D SPACE',''
  ) );
#7901 = FACE_BOUND('',#7902,.T.);
#7902 = EDGE_LOOP('',(#7903));
#7903 = ORIENTED_EDGE('',*,*,#7904,.F.);
#7904 = EDGE_CURVE('',#7905,#7905,#7907,.T.);
#7905 = VERTEX_POINT('',#7906);
#7906 = CARTESIAN_POINT('',(190.,82.,230.));
#7907 = SURFACE_CURVE('',#7908,(#7913,#7920),.PCURVE_S1.);
#7908 = CIRCLE('',#7909,10.);
#7909 = AXIS2_PLACEMENT_3D('',#7910,#7911,#7912);
#7910 = CARTESIAN_POINT('',(180.,82.,230.));
#7911 = DIRECTION('',(0.,-1.,2.22044604925E-16));
#7912 = DIRECTION('',(1.,0.,0.));
#7913 = PCURVE('',#7363,#7914);
#7914 = DEFINITIONAL_REPRESENTATION('',(#7915),#7919);
#7915 = CIRCLE('',#7916,10.);
#7916 = AXIS2_PLACEMENT_2D('',#7917,#7918);
#7917 = CARTESIAN_POINT('',(0.,0.));
#7918 = DIRECTION('',(1.,0.));
#7919 = ( GEOMETRIC_REPRESENTATION_CONTEXT(2) 
PARAMETRIC_REPRESENTATION_CONTEXT() REPRESENTATION_CONTEXT('2D SPACE',''
  ) );
#7920 = PCURVE('',#7642,#7921);
#7921 = DEFINITIONAL_REPRESENTATION('',(#7922),#7926);
#7922 = LINE('',#7923,#7924);
#7923 = CARTESIAN_POINT('',(0.,13.));
#7924 = VECTOR('',#7925,1.);
#7925 = DIRECTION('',(1.,0.));
#7926 = ( GEOMETRIC_REPRESENTATION_CONTEXT(2) 
PARAMETRIC_REPRESENTATION_CONTEXT() REPRESENTATION_CONTEXT('2D SPACE',''
  ) );
#7927 = FACE_BOUND('',#7928,.T.);
#7928 = EDGE_LOOP('',(#7929));
#7929 = ORIENTED_EDGE('',*,*,#7930,.F.);
#7930 = EDGE_CURVE('',#7931,#7931,#7933,.T.);
#7931 = VERTEX_POINT('',#7932);
#7932 = CARTESIAN_POINT('',(184.2,82.,257.));
#7933 = SURFACE_CURVE('',#7934,(#7939,#7946),.PCURVE_S1.);
#7934 = CIRCLE('',#7935,4.2);
#7935 = AXIS2_PLACEMENT_3D('',#7936,#7937,#7938);
#7936 = CARTESIAN_POINT('',(180.,82.,257.));
#7937 = DIRECTION('',(0.,-1.,2.22044604925E-16));
#7938 = DIRECTION('',(1.,0.,0.));
#7939 = PCURVE('',#7363,#7940);
#7940 = DEFINITIONAL_REPRESENTATION('',(#7941),#7945);
#7941 = CIRCLE('',#7942,4.2);
#7942 = AXIS2_PLACEMENT_2D('',#7943,#7944);
#7943 = CARTESIAN_POINT('',(0.,27.));
#7944 = DIRECTION('',(1.,0.));
#7945 = ( GEOMETRIC_REPRESENTATION_CONTEXT(2) 
PARAMETRIC_REPRESENTATION_CONTEXT() REPRESENTATION_CONTEXT('2D SPACE',''
  ) );
#7946 = PCURVE('',#7673,#7947);
#7947 = DEFINITIONAL_REPRESENTATION('',(#7948),#7952);
#7948 = LINE('',#7949,#7950);
#7949 = CARTESIAN_POINT('',(0.,13.));
#7950 = VECTOR('',#7951,1.);
#7951 = DIRECTION('',(1.,0.));
#7952 = ( GEOMETRIC_REPRESENTATION_CONTEXT(2) 
PARAMETRIC_REPRESENTATION_CONTEXT() REPRESENTATION_CONTEXT('2D SPACE',''
  ) );
#7953 = ADVANCED_FACE('',(#7954),#7392,.T.);
#7954 = FACE_BOUND('',#7955,.T.);
#7955 = EDGE_LOOP('',(#7956,#7957,#7978,#7979));
#7956 = ORIENTED_EDGE('',*,*,#7855,.F.);
#7957 = ORIENTED_EDGE('',*,*,#7958,.T.);
#7958 = EDGE_CURVE('',#7833,#7544,#7959,.T.);
#7959 = SURFACE_CURVE('',#7960,(#7964,#7971),.PCURVE_S1.);
#7960 = LINE('',#7961,#7962);
#7961 = CARTESIAN_POINT('',(190.,82.,194.));
#7962 = VECTOR('',#7963,1.);
#7963 = DIRECTION('',(-0.,1.,0.));
#7964 = PCURVE('',#7392,#7965);
#7965 = DEFINITIONAL_REPRESENTATION('',(#7966),#7970);
#7966 = LINE('',#7967,#7968);
#7967 = CARTESIAN_POINT('',(0.,0.));
#7968 = VECTOR('',#7969,1.);
#7969 = DIRECTION('',(0.,-1.));
#7970 = ( GEOMETRIC_REPRESENTATION_CONTEXT(2) 
PARAMETRIC_REPRESENTATION_CONTEXT() REPRESENTATION_CONTEXT('2D SPACE',''
  ) );
#7971 = PCURVE('',#7559,#7972);
#7972 = DEFINITIONAL_REPRESENTATION('',(#7973),#7977);
#7973 = LINE('',#7974,#7975);
#7974 = CARTESIAN_POINT('',(20.,0.));
#7975 = VECTOR('',#7976,1.);
#7976 = DIRECTION('',(0.,1.));
#7977 = ( GEOMETRIC_REPRESENTATION_CONTEXT(2) 
PARAMETRIC_REPRESENTATION_CONTEXT() REPRESENTATION_CONTEXT('2D SPACE',''
  ) );
#7978 = ORIENTED_EDGE('',*,*,#7571,.T.);
#7979 = ORIENTED_EDGE('',*,*,#7379,.T.);
#7980 = ADVANCED_FACE('',(#7981),#7559,.F.);
#7981 = FACE_BOUND('',#7982,.F.);
#7982 = EDGE_LOOP('',(#7983,#8004,#8005,#8006));
#7983 = ORIENTED_EDGE('',*,*,#7984,.F.);
#7984 = EDGE_CURVE('',#7810,#7516,#7985,.T.);
#7985 = SURFACE_CURVE('',#7986,(#7990,#7997),.PCURVE_S1.);
#7986 = LINE('',#7987,#7988);
#7987 = CARTESIAN_POINT('',(170.,82.,194.));
#7988 = VECTOR('',#7989,1.);
#7989 = DIRECTION('',(-0.,1.,0.));
#7990 = PCURVE('',#7559,#7991);
#7991 = DEFINITIONAL_REPRESENTATION('',(#7992),#7996);
#7992 = LINE('',#7993,#7994);
#7993 = CARTESIAN_POINT('',(0.,0.));
#7994 = VECTOR('',#7995,1.);
#7995 = DIRECTION('',(0.,1.));
#7996 = ( GEOMETRIC_REPRESENTATION_CONTEXT(2) 
PARAMETRIC_REPRESENTATION_CONTEXT() REPRESENTATION_CONTEXT('2D SPACE',''
  ) );
#7997 = PCURVE('',#7531,#7998);
#7998 = DEFINITIONAL_REPRESENTATION('',(#7999),#8003);
#7999 = LINE('',#8000,#8001);
#8000 = CARTESIAN_POINT('',(0.,0.));
#8001 = VECTOR('',#8002,1.);
#8002 = DIRECTION('',(0.,-1.));
#8003 = ( GEOMETRIC_REPRESENTATION_CONTEXT(2) 
PARAMETRIC_REPRESENTATION_CONTEXT() REPRESENTATION_CONTEXT('2D SPACE',''
  ) );
#8004 = ORIENTED_EDGE('',*,*,#7832,.T.);
#8005 = ORIENTED_EDGE('',*,*,#7958,.T.);
#8006 = ORIENTED_EDGE('',*,*,#7543,.F.);
#8007 = ADVANCED_FACE('',(#8008),#7446,.T.);
#8008 = FACE_BOUND('',#8009,.T.);
#8009 = EDGE_LOOP('',(#8010,#8031,#8032,#8033));
#8010 = ORIENTED_EDGE('',*,*,#8011,.F.);
#8011 = EDGE_CURVE('',#7740,#7431,#8012,.T.);
#8012 = SURFACE_CURVE('',#8013,(#8017,#8024),.PCURVE_S1.);
#8013 = LINE('',#8014,#8015);
#8014 = CARTESIAN_POINT('',(170.,82.,266.));
#8015 = VECTOR('',#8016,1.);
#8016 = DIRECTION('',(-0.,1.,0.));
#8017 = PCURVE('',#7446,#8018);
#8018 = DEFINITIONAL_REPRESENTATION('',(#8019),#8023);
#8019 = LINE('',#8020,#8021);
#8020 = CARTESIAN_POINT('',(0.,0.));
#8021 = VECTOR('',#8022,1.);
#8022 = DIRECTION('',(0.,1.));
#8023 = ( GEOMETRIC_REPRESENTATION_CONTEXT(2) 
PARAMETRIC_REPRESENTATION_CONTEXT() REPRESENTATION_CONTEXT('2D SPACE',''
  ) );
#8024 = PCURVE('',#7474,#8025);
#8025 = DEFINITIONAL_REPRESENTATION('',(#8026),#8030);
#8026 = LINE('',#8027,#8028);
#8027 = CARTESIAN_POINT('',(72.,0.));
#8028 = VECTOR('',#8029,1.);
#8029 = DIRECTION('',(0.,-1.));
#8030 = ( GEOMETRIC_REPRESENTATION_CONTEXT(2) 
PARAMETRIC_REPRESENTATION_CONTEXT() REPRESENTATION_CONTEXT('2D SPACE',''
  ) );
#8031 = ORIENTED_EDGE('',*,*,#7739,.T.);
#8032 = ORIENTED_EDGE('',*,*,#7713,.T.);
#8033 = ORIENTED_EDGE('',*,*,#7430,.F.);
#8034 = ADVANCED_FACE('',(#8035),#7531,.F.);
#8035 = FACE_BOUND('',#8036,.F.);
#8036 = EDGE_LOOP('',(#8037,#8038,#8039,#8040));
#8037 = ORIENTED_EDGE('',*,*,#7809,.F.);
#8038 = ORIENTED_EDGE('',*,*,#7984,.T.);
#8039 = ORIENTED_EDGE('',*,*,#7515,.T.);
#8040 = ORIENTED_EDGE('',*,*,#8041,.T.);
#8041 = EDGE_CURVE('',#7487,#7786,#8042,.T.);
#8042 = SURFACE_CURVE('',#8043,(#8047,#8053),.PCURVE_S1.);
#8043 = LINE('',#8044,#8045);
#8044 = CARTESIAN_POINT('',(170.,94.,208.18257577072));
#8045 = VECTOR('',#8046,1.);
#8046 = DIRECTION('',(0.,-1.,2.22044604925E-16));
#8047 = PCURVE('',#7531,#8048);
#8048 = DEFINITIONAL_REPRESENTATION('',(#8049),#8052);
#8049 = B_SPLINE_CURVE_WITH_KNOTS('',1,(#8050,#8051),.UNSPECIFIED.,.F.,
  .F.,(2,2),(-2.399999999625E-06,12.0000024),.PIECEWISE_BEZIER_KNOTS.);
#8050 = CARTESIAN_POINT('',(14.182575770729,-12.0000024));
#8051 = CARTESIAN_POINT('',(14.182575770729,2.399999999625E-06));
#8052 = ( GEOMETRIC_REPRESENTATION_CONTEXT(2) 
PARAMETRIC_REPRESENTATION_CONTEXT() REPRESENTATION_CONTEXT('2D SPACE',''
  ) );
#8053 = PCURVE('',#7503,#8054);
#8054 = DEFINITIONAL_REPRESENTATION('',(#8055),#8058);
#8055 = B_SPLINE_CURVE_WITH_KNOTS('',1,(#8056,#8057),.UNSPECIFIED.,.F.,
  .F.,(2,2),(-2.399999999625E-06,12.0000024),.PIECEWISE_BEZIER_KNOTS.);
#8056 = CARTESIAN_POINT('',(4.28261354908,-2.400000004469E-06));
#8057 = CARTESIAN_POINT('',(4.28261354908,12.0000024));
#8058 = ( GEOMETRIC_REPRESENTATION_CONTEXT(2) 
PARAMETRIC_REPRESENTATION_CONTEXT() REPRESENTATION_CONTEXT('2D SPACE',''
  ) );
#8059 = ADVANCED_FACE('',(#8060),#7474,.F.);
#8060 = FACE_BOUND('',#8061,.F.);
#8061 = EDGE_LOOP('',(#8062,#8063,#8082,#8083));
#8062 = ORIENTED_EDGE('',*,*,#7762,.F.);
#8063 = ORIENTED_EDGE('',*,*,#8064,.F.);
#8064 = EDGE_CURVE('',#7459,#7763,#8065,.T.);
#8065 = SURFACE_CURVE('',#8066,(#8070,#8076),.PCURVE_S1.);
#8066 = LINE('',#8067,#8068);
#8067 = CARTESIAN_POINT('',(170.,94.,251.81742422927));
#8068 = VECTOR('',#8069,1.);
#8069 = DIRECTION('',(0.,-1.,2.22044604925E-16));
#8070 = PCURVE('',#7474,#8071);
#8071 = DEFINITIONAL_REPRESENTATION('',(#8072),#8075);
#8072 = B_SPLINE_CURVE_WITH_KNOTS('',1,(#8073,#8074),.UNSPECIFIED.,.F.,
  .F.,(2,2),(-2.399999999625E-06,12.0000024),.PIECEWISE_BEZIER_KNOTS.);
#8073 = CARTESIAN_POINT('',(57.817424229271,-12.0000024));
#8074 = CARTESIAN_POINT('',(57.817424229271,2.399999999625E-06));
#8075 = ( GEOMETRIC_REPRESENTATION_CONTEXT(2) 
PARAMETRIC_REPRESENTATION_CONTEXT() REPRESENTATION_CONTEXT('2D SPACE',''
  ) );
#8076 = PCURVE('',#7503,#8077);
#8077 = DEFINITIONAL_REPRESENTATION('',(#8078),#8081);
#8078 = B_SPLINE_CURVE_WITH_KNOTS('',1,(#8079,#8080),.UNSPECIFIED.,.F.,
  .F.,(2,2),(-2.399999999625E-06,12.0000024),.PIECEWISE_BEZIER_KNOTS.);
#8079 = CARTESIAN_POINT('',(2.000571758099,-2.39999999478E-06));
#8080 = CARTESIAN_POINT('',(2.000571758099,12.0000024));
#8081 = ( GEOMETRIC_REPRESENTATION_CONTEXT(2) 
PARAMETRIC_REPRESENTATION_CONTEXT() REPRESENTATION_CONTEXT('2D SPACE',''
  ) );
#8082 = ORIENTED_EDGE('',*,*,#7458,.T.);
#8083 = ORIENTED_EDGE('',*,*,#8011,.F.);
#8084 = ADVANCED_FACE('',(#8085),#7503,.T.);
#8085 = FACE_BOUND('',#8086,.T.);
#8086 = EDGE_LOOP('',(#8087,#8088,#8089,#8090));
#8087 = ORIENTED_EDGE('',*,*,#7785,.F.);
#8088 = ORIENTED_EDGE('',*,*,#8064,.F.);
#8089 = ORIENTED_EDGE('',*,*,#7486,.T.);
#8090 = ORIENTED_EDGE('',*,*,#8041,.T.);
#8091 = ADVANCED_FACE('',(#8092),#7611,.F.);
#8092 = FACE_BOUND('',#8093,.F.);
#8093 = EDGE_LOOP('',(#8094,#8095,#8116,#8117));
#8094 = ORIENTED_EDGE('',*,*,#7878,.F.);
#8095 = ORIENTED_EDGE('',*,*,#8096,.F.);
#8096 = EDGE_CURVE('',#7595,#7879,#8097,.T.);
#8097 = SEAM_CURVE('',#8098,(#8102,#8109),.PCURVE_S1.);
#8098 = LINE('',#8099,#8100);
#8099 = CARTESIAN_POINT('',(184.2,95.,203.));
#8100 = VECTOR('',#8101,1.);
#8101 = DIRECTION('',(0.,-1.,2.22044604925E-16));
#8102 = PCURVE('',#7611,#8103);
#8103 = DEFINITIONAL_REPRESENTATION('',(#8104),#8108);
#8104 = LINE('',#8105,#8106);
#8105 = CARTESIAN_POINT('',(6.28318530718,-0.));
#8106 = VECTOR('',#8107,1.);
#8107 = DIRECTION('',(0.,1.));
#8108 = ( GEOMETRIC_REPRESENTATION_CONTEXT(2) 
PARAMETRIC_REPRESENTATION_CONTEXT() REPRESENTATION_CONTEXT('2D SPACE',''
  ) );
#8109 = PCURVE('',#7611,#8110);
#8110 = DEFINITIONAL_REPRESENTATION('',(#8111),#8115);
#8111 = LINE('',#8112,#8113);
#8112 = CARTESIAN_POINT('',(0.,-0.));
#8113 = VECTOR('',#8114,1.);
#8114 = DIRECTION('',(0.,1.));
#8115 = ( GEOMETRIC_REPRESENTATION_CONTEXT(2) 
PARAMETRIC_REPRESENTATION_CONTEXT() REPRESENTATION_CONTEXT('2D SPACE',''
  ) );
#8116 = ORIENTED_EDGE('',*,*,#7594,.T.);
#8117 = ORIENTED_EDGE('',*,*,#8096,.T.);
#8118 = ADVANCED_FACE('',(#8119),#7642,.F.);
#8119 = FACE_BOUND('',#8120,.F.);
#8120 = EDGE_LOOP('',(#8121,#8122,#8143,#8144));
#8121 = ORIENTED_EDGE('',*,*,#7904,.F.);
#8122 = ORIENTED_EDGE('',*,*,#8123,.F.);
#8123 = EDGE_CURVE('',#7626,#7905,#8124,.T.);
#8124 = SEAM_CURVE('',#8125,(#8129,#8136),.PCURVE_S1.);
#8125 = LINE('',#8126,#8127);
#8126 = CARTESIAN_POINT('',(190.,95.,230.));
#8127 = VECTOR('',#8128,1.);
#8128 = DIRECTION('',(0.,-1.,2.22044604925E-16));
#8129 = PCURVE('',#7642,#8130);
#8130 = DEFINITIONAL_REPRESENTATION('',(#8131),#8135);
#8131 = LINE('',#8132,#8133);
#8132 = CARTESIAN_POINT('',(6.28318530718,-0.));
#8133 = VECTOR('',#8134,1.);
#8134 = DIRECTION('',(0.,1.));
#8135 = ( GEOMETRIC_REPRESENTATION_CONTEXT(2) 
PARAMETRIC_REPRESENTATION_CONTEXT() REPRESENTATION_CONTEXT('2D SPACE',''
  ) );
#8136 = PCURVE('',#7642,#8137);
#8137 = DEFINITIONAL_REPRESENTATION('',(#8138),#8142);
#8138 = LINE('',#8139,#8140);
#8139 = CARTESIAN_POINT('',(0.,-0.));
#8140 = VECTOR('',#8141,1.);
#8141 = DIRECTION('',(0.,1.));
#8142 = ( GEOMETRIC_REPRESENTATION_CONTEXT(2) 
PARAMETRIC_REPRESENTATION_CONTEXT() REPRESENTATION_CONTEXT('2D SPACE',''
  ) );
#8143 = ORIENTED_EDGE('',*,*,#7625,.T.);
#8144 = ORIENTED_EDGE('',*,*,#8123,.T.);
#8145 = ADVANCED_FACE('',(#8146),#7673,.F.);
#8146 = FACE_BOUND('',#8147,.F.);
#8147 = EDGE_LOOP('',(#8148,#8149,#8170,#8171));
#8148 = ORIENTED_EDGE('',*,*,#7930,.F.);
#8149 = ORIENTED_EDGE('',*,*,#8150,.F.);
#8150 = EDGE_CURVE('',#7657,#7931,#8151,.T.);
#8151 = SEAM_CURVE('',#8152,(#8156,#8163),.PCURVE_S1.);
#8152 = LINE('',#8153,#8154);
#8153 = CARTESIAN_POINT('',(184.2,95.,257.));
#8154 = VECTOR('',#8155,1.);
#8155 = DIRECTION('',(0.,-1.,2.22044604925E-16));
#8156 = PCURVE('',#7673,#8157);
#8157 = DEFINITIONAL_REPRESENTATION('',(#8158),#8162);
#8158 = LINE('',#8159,#8160);
#8159 = CARTESIAN_POINT('',(6.28318530718,-0.));
#8160 = VECTOR('',#8161,1.);
#8161 = DIRECTION('',(0.,1.));
#8162 = ( GEOMETRIC_REPRESENTATION_CONTEXT(2) 
PARAMETRIC_REPRESENTATION_CONTEXT() REPRESENTATION_CONTEXT('2D SPACE',''
  ) );
#8163 = PCURVE('',#7673,#8164);
#8164 = DEFINITIONAL_REPRESENTATION('',(#8165),#8169);
#8165 = LINE('',#8166,#8167);
#8166 = CARTESIAN_POINT('',(0.,-0.));
#8167 = VECTOR('',#8168,1.);
#8168 = DIRECTION('',(0.,1.));
#8169 = ( GEOMETRIC_REPRESENTATION_CONTEXT(2) 
PARAMETRIC_REPRESENTATION_CONTEXT() REPRESENTATION_CONTEXT('2D SPACE',''
  ) );
#8170 = ORIENTED_EDGE('',*,*,#7656,.T.);
#8171 = ORIENTED_EDGE('',*,*,#8150,.T.);
#8172 = MANIFOLD_SOLID_BREP('',#8173);
#8173 = CLOSED_SHELL('',(#8174,#8296,#8578,#8627,#8847,#8874,#8901,#8928
    ,#8953,#8978,#8985,#9012,#9039));
#8174 = ADVANCED_FACE('',(#8175),#8190,.T.);
#8175 = FACE_BOUND('',#8176,.T.);
#8176 = EDGE_LOOP('',(#8177,#8213,#8239,#8272));
#8177 = ORIENTED_EDGE('',*,*,#8178,.T.);
#8178 = EDGE_CURVE('',#8179,#8181,#8183,.T.);
#8179 = VERTEX_POINT('',#8180);
#8180 = CARTESIAN_POINT('',(190.,-82.,208.18257577072));
#8181 = VERTEX_POINT('',#8182);
#8182 = CARTESIAN_POINT('',(190.,-82.,251.81742422927));
#8183 = SURFACE_CURVE('',#8184,(#8189,#8201),.PCURVE_S1.);
#8184 = CIRCLE('',#8185,24.);
#8185 = AXIS2_PLACEMENT_3D('',#8186,#8187,#8188);
#8186 = CARTESIAN_POINT('',(180.,-82.,230.));
#8187 = DIRECTION('',(0.,-1.,0.));
#8188 = DIRECTION('',(0.416666666667,0.,-0.909059342886));
#8189 = PCURVE('',#8190,#8195);
#8190 = CYLINDRICAL_SURFACE('',#8191,24.);
#8191 = AXIS2_PLACEMENT_3D('',#8192,#8193,#8194);
#8192 = CARTESIAN_POINT('',(180.,-82.,230.));
#8193 = DIRECTION('',(0.,-1.,2.22044604925E-16));
#8194 = DIRECTION('',(1.,0.,0.));
#8195 = DEFINITIONAL_REPRESENTATION('',(#8196),#8200);
#8196 = LINE('',#8197,#8198);
#8197 = CARTESIAN_POINT('',(5.142164411689,0.));
#8198 = VECTOR('',#8199,1.);
#8199 = DIRECTION('',(1.,0.));
#8200 = ( GEOMETRIC_REPRESENTATION_CONTEXT(2) 
PARAMETRIC_REPRESENTATION_CONTEXT() REPRESENTATION_CONTEXT('2D SPACE',''
  ) );
#8201 = PCURVE('',#8202,#8207);
#8202 = PLANE('',#8203);
#8203 = AXIS2_PLACEMENT_3D('',#8204,#8205,#8206);
#8204 = CARTESIAN_POINT('',(180.,-82.,230.));
#8205 = DIRECTION('',(0.,-1.,2.22044604925E-16));
#8206 = DIRECTION('',(1.,0.,0.));
#8207 = DEFINITIONAL_REPRESENTATION('',(#8208),#8212);
#8208 = CIRCLE('',#8209,24.);
#8209 = AXIS2_PLACEMENT_2D('',#8210,#8211);
#8210 = CARTESIAN_POINT('',(0.,0.));
#8211 = DIRECTION('',(0.416666666667,-0.909059342886));
#8212 = ( GEOMETRIC_REPRESENTATION_CONTEXT(2) 
PARAMETRIC_REPRESENTATION_CONTEXT() REPRESENTATION_CONTEXT('2D SPACE',''
  ) );
#8213 = ORIENTED_EDGE('',*,*,#8214,.T.);
#8214 = EDGE_CURVE('',#8181,#8215,#8217,.T.);
#8215 = VERTEX_POINT('',#8216);
#8216 = CARTESIAN_POINT('',(190.,-94.,251.81742422927));
#8217 = SURFACE_CURVE('',#8218,(#8222,#8228),.PCURVE_S1.);
#8218 = LINE('',#8219,#8220);
#8219 = CARTESIAN_POINT('',(190.,-82.,251.81742422927));
#8220 = VECTOR('',#8221,1.);
#8221 = DIRECTION('',(0.,-1.,2.22044604925E-16));
#8222 = PCURVE('',#8190,#8223);
#8223 = DEFINITIONAL_REPRESENTATION('',(#8224),#8227);
#8224 = B_SPLINE_CURVE_WITH_KNOTS('',1,(#8225,#8226),.UNSPECIFIED.,.F.,
  .F.,(2,2),(7.573064690122E-29,12.),.PIECEWISE_BEZIER_KNOTS.);
#8225 = CARTESIAN_POINT('',(7.42420620267,4.84444134347E-15));
#8226 = CARTESIAN_POINT('',(7.42420620267,12.));
#8227 = ( GEOMETRIC_REPRESENTATION_CONTEXT(2) 
PARAMETRIC_REPRESENTATION_CONTEXT() REPRESENTATION_CONTEXT('2D SPACE',''
  ) );
#8228 = PCURVE('',#8229,#8234);
#8229 = PLANE('',#8230);
#8230 = AXIS2_PLACEMENT_3D('',#8231,#8232,#8233);
#8231 = CARTESIAN_POINT('',(190.,-94.,194.));
#8232 = DIRECTION('',(1.,0.,-0.));
#8233 = DIRECTION('',(0.,0.,1.));
#8234 = DEFINITIONAL_REPRESENTATION('',(#8235),#8238);
#8235 = B_SPLINE_CURVE_WITH_KNOTS('',1,(#8236,#8237),.UNSPECIFIED.,.F.,
  .F.,(2,2),(-2.399999999625E-06,12.0000024),.PIECEWISE_BEZIER_KNOTS.);
#8236 = CARTESIAN_POINT('',(57.817424229271,-12.0000024));
#8237 = CARTESIAN_POINT('',(57.817424229271,2.399999999625E-06));
#8238 = ( GEOMETRIC_REPRESENTATION_CONTEXT(2) 
PARAMETRIC_REPRESENTATION_CONTEXT() REPRESENTATION_CONTEXT('2D SPACE',''
  ) );
#8239 = ORIENTED_EDGE('',*,*,#8240,.T.);
#8240 = EDGE_CURVE('',#8215,#8241,#8243,.T.);
#8241 = VERTEX_POINT('',#8242);
#8242 = CARTESIAN_POINT('',(190.,-94.,208.18257577072));
#8243 = SURFACE_CURVE('',#8244,(#8249,#8256),.PCURVE_S1.);
#8244 = CIRCLE('',#8245,24.);
#8245 = AXIS2_PLACEMENT_3D('',#8246,#8247,#8248);
#8246 = CARTESIAN_POINT('',(180.,-94.,230.));
#8247 = DIRECTION('',(0.,1.,0.));
#8248 = DIRECTION('',(0.416666666667,-0.,0.909059342886));
#8249 = PCURVE('',#8190,#8250);
#8250 = DEFINITIONAL_REPRESENTATION('',(#8251),#8255);
#8251 = LINE('',#8252,#8253);
#8252 = CARTESIAN_POINT('',(7.42420620267,12.));
#8253 = VECTOR('',#8254,1.);
#8254 = DIRECTION('',(-1.,-0.));
#8255 = ( GEOMETRIC_REPRESENTATION_CONTEXT(2) 
PARAMETRIC_REPRESENTATION_CONTEXT() REPRESENTATION_CONTEXT('2D SPACE',''
  ) );
#8256 = PCURVE('',#8257,#8262);
#8257 = PLANE('',#8258);
#8258 = AXIS2_PLACEMENT_3D('',#8259,#8260,#8261);
#8259 = CARTESIAN_POINT('',(180.,-94.,230.));
#8260 = DIRECTION('',(0.,-1.,2.22044604925E-16));
#8261 = DIRECTION('',(1.,0.,0.));
#8262 = DEFINITIONAL_REPRESENTATION('',(#8263),#8271);
#8263 = ( BOUNDED_CURVE() B_SPLINE_CURVE(2,(#8264,#8265,#8266,#8267,
#8268,#8269,#8270),.UNSPECIFIED.,.T.,.F.) B_SPLINE_CURVE_WITH_KNOTS((1,2
    ,2,2,2,1),(-2.094395102393,0.,2.094395102393,4.188790204786,
6.28318530718,8.377580409573),.UNSPECIFIED.) CURVE() 
GEOMETRIC_REPRESENTATION_ITEM() RATIONAL_B_SPLINE_CURVE((1.,0.5,1.,0.5,
1.,0.5,1.)) REPRESENTATION_ITEM('') );
#8264 = CARTESIAN_POINT('',(10.,21.817424229272));
#8265 = CARTESIAN_POINT('',(47.788887255382,4.496916153584));
#8266 = CARTESIAN_POINT('',(13.894443627692,-19.56896615248));
#8267 = CARTESIAN_POINT('',(-19.99999999999,-43.63484845854));
#8268 = CARTESIAN_POINT('',(-23.89444362769,-2.248458076792));
#8269 = CARTESIAN_POINT('',(-27.78888725538,39.13793230496));
#8270 = CARTESIAN_POINT('',(10.,21.817424229272));
#8271 = ( GEOMETRIC_REPRESENTATION_CONTEXT(2) 
PARAMETRIC_REPRESENTATION_CONTEXT() REPRESENTATION_CONTEXT('2D SPACE',''
  ) );
#8272 = ORIENTED_EDGE('',*,*,#8273,.F.);
#8273 = EDGE_CURVE('',#8179,#8241,#8274,.T.);
#8274 = SURFACE_CURVE('',#8275,(#8279,#8285),.PCURVE_S1.);
#8275 = LINE('',#8276,#8277);
#8276 = CARTESIAN_POINT('',(190.,-82.,208.18257577072));
#8277 = VECTOR('',#8278,1.);
#8278 = DIRECTION('',(0.,-1.,2.22044604925E-16));
#8279 = PCURVE('',#8190,#8280);
#8280 = DEFINITIONAL_REPRESENTATION('',(#8281),#8284);
#8281 = B_SPLINE_CURVE_WITH_KNOTS('',1,(#8282,#8283),.UNSPECIFIED.,.F.,
  .F.,(2,2),(-6.941975965945E-29,12.),.PIECEWISE_BEZIER_KNOTS.);
#8282 = CARTESIAN_POINT('',(5.142164411689,-4.84444134347E-15));
#8283 = CARTESIAN_POINT('',(5.142164411689,12.));
#8284 = ( GEOMETRIC_REPRESENTATION_CONTEXT(2) 
PARAMETRIC_REPRESENTATION_CONTEXT() REPRESENTATION_CONTEXT('2D SPACE',''
  ) );
#8285 = PCURVE('',#8286,#8291);
#8286 = PLANE('',#8287);
#8287 = AXIS2_PLACEMENT_3D('',#8288,#8289,#8290);
#8288 = CARTESIAN_POINT('',(190.,-94.,194.));
#8289 = DIRECTION('',(1.,0.,-0.));
#8290 = DIRECTION('',(0.,0.,1.));
#8291 = DEFINITIONAL_REPRESENTATION('',(#8292),#8295);
#8292 = B_SPLINE_CURVE_WITH_KNOTS('',1,(#8293,#8294),.UNSPECIFIED.,.F.,
  .F.,(2,2),(-2.399999999625E-06,12.0000024),.PIECEWISE_BEZIER_KNOTS.);
#8293 = CARTESIAN_POINT('',(14.182575770729,-12.0000024));
#8294 = CARTESIAN_POINT('',(14.182575770729,2.399999999625E-06));
#8295 = ( GEOMETRIC_REPRESENTATION_CONTEXT(2) 
PARAMETRIC_REPRESENTATION_CONTEXT() REPRESENTATION_CONTEXT('2D SPACE',''
  ) );
#8296 = ADVANCED_FACE('',(#8297,#8485,#8516,#8547),#8202,.F.);
#8297 = FACE_BOUND('',#8298,.F.);
#8298 = EDGE_LOOP('',(#8299,#8300,#8323,#8351,#8379,#8408,#8436,#8464));
#8299 = ORIENTED_EDGE('',*,*,#8178,.T.);
#8300 = ORIENTED_EDGE('',*,*,#8301,.T.);
#8301 = EDGE_CURVE('',#8181,#8302,#8304,.T.);
#8302 = VERTEX_POINT('',#8303);
#8303 = CARTESIAN_POINT('',(190.,-82.,266.));
#8304 = SURFACE_CURVE('',#8305,(#8309,#8316),.PCURVE_S1.);
#8305 = LINE('',#8306,#8307);
#8306 = CARTESIAN_POINT('',(190.,-82.,194.));
#8307 = VECTOR('',#8308,1.);
#8308 = DIRECTION('',(0.,0.,1.));
#8309 = PCURVE('',#8202,#8310);
#8310 = DEFINITIONAL_REPRESENTATION('',(#8311),#8315);
#8311 = LINE('',#8312,#8313);
#8312 = CARTESIAN_POINT('',(10.,-36.));
#8313 = VECTOR('',#8314,1.);
#8314 = DIRECTION('',(0.,1.));
#8315 = ( GEOMETRIC_REPRESENTATION_CONTEXT(2) 
PARAMETRIC_REPRESENTATION_CONTEXT() REPRESENTATION_CONTEXT('2D SPACE',''
  ) );
#8316 = PCURVE('',#8229,#8317);
#8317 = DEFINITIONAL_REPRESENTATION('',(#8318),#8322);
#8318 = LINE('',#8319,#8320);
#8319 = CARTESIAN_POINT('',(0.,-12.));
#8320 = VECTOR('',#8321,1.);
#8321 = DIRECTION('',(1.,0.));
#8322 = ( GEOMETRIC_REPRESENTATION_CONTEXT(2) 
PARAMETRIC_REPRESENTATION_CONTEXT() REPRESENTATION_CONTEXT('2D SPACE',''
  ) );
#8323 = ORIENTED_EDGE('',*,*,#8324,.F.);
#8324 = EDGE_CURVE('',#8325,#8302,#8327,.T.);
#8325 = VERTEX_POINT('',#8326);
#8326 = CARTESIAN_POINT('',(170.,-82.,266.));
#8327 = SURFACE_CURVE('',#8328,(#8332,#8339),.PCURVE_S1.);
#8328 = LINE('',#8329,#8330);
#8329 = CARTESIAN_POINT('',(170.,-82.,266.));
#8330 = VECTOR('',#8331,1.);
#8331 = DIRECTION('',(1.,0.,-0.));
#8332 = PCURVE('',#8202,#8333);
#8333 = DEFINITIONAL_REPRESENTATION('',(#8334),#8338);
#8334 = LINE('',#8335,#8336);
#8335 = CARTESIAN_POINT('',(-10.,36.));
#8336 = VECTOR('',#8337,1.);
#8337 = DIRECTION('',(1.,0.));
#8338 = ( GEOMETRIC_REPRESENTATION_CONTEXT(2) 
PARAMETRIC_REPRESENTATION_CONTEXT() REPRESENTATION_CONTEXT('2D SPACE',''
  ) );
#8339 = PCURVE('',#8340,#8345);
#8340 = PLANE('',#8341);
#8341 = AXIS2_PLACEMENT_3D('',#8342,#8343,#8344);
#8342 = CARTESIAN_POINT('',(170.,-94.,266.));
#8343 = DIRECTION('',(0.,0.,1.));
#8344 = DIRECTION('',(1.,0.,-0.));
#8345 = DEFINITIONAL_REPRESENTATION('',(#8346),#8350);
#8346 = LINE('',#8347,#8348);
#8347 = CARTESIAN_POINT('',(0.,12.));
#8348 = VECTOR('',#8349,1.);
#8349 = DIRECTION('',(1.,0.));
#8350 = ( GEOMETRIC_REPRESENTATION_CONTEXT(2) 
PARAMETRIC_REPRESENTATION_CONTEXT() REPRESENTATION_CONTEXT('2D SPACE',''
  ) );
#8351 = ORIENTED_EDGE('',*,*,#8352,.F.);
#8352 = EDGE_CURVE('',#8353,#8325,#8355,.T.);
#8353 = VERTEX_POINT('',#8354);
#8354 = CARTESIAN_POINT('',(169.99999999999,-82.,251.81742422927));
#8355 = SURFACE_CURVE('',#8356,(#8360,#8367),.PCURVE_S1.);
#8356 = LINE('',#8357,#8358);
#8357 = CARTESIAN_POINT('',(170.,-82.,194.));
#8358 = VECTOR('',#8359,1.);
#8359 = DIRECTION('',(0.,0.,1.));
#8360 = PCURVE('',#8202,#8361);
#8361 = DEFINITIONAL_REPRESENTATION('',(#8362),#8366);
#8362 = LINE('',#8363,#8364);
#8363 = CARTESIAN_POINT('',(-10.,-36.));
#8364 = VECTOR('',#8365,1.);
#8365 = DIRECTION('',(0.,1.));
#8366 = ( GEOMETRIC_REPRESENTATION_CONTEXT(2) 
PARAMETRIC_REPRESENTATION_CONTEXT() REPRESENTATION_CONTEXT('2D SPACE',''
  ) );
#8367 = PCURVE('',#8368,#8373);
#8368 = PLANE('',#8369);
#8369 = AXIS2_PLACEMENT_3D('',#8370,#8371,#8372);
#8370 = CARTESIAN_POINT('',(170.,-94.,194.));
#8371 = DIRECTION('',(1.,0.,-0.));
#8372 = DIRECTION('',(0.,0.,1.));
#8373 = DEFINITIONAL_REPRESENTATION('',(#8374),#8378);
#8374 = LINE('',#8375,#8376);
#8375 = CARTESIAN_POINT('',(0.,-12.));
#8376 = VECTOR('',#8377,1.);
#8377 = DIRECTION('',(1.,0.));
#8378 = ( GEOMETRIC_REPRESENTATION_CONTEXT(2) 
PARAMETRIC_REPRESENTATION_CONTEXT() REPRESENTATION_CONTEXT('2D SPACE',''
  ) );
#8379 = ORIENTED_EDGE('',*,*,#8380,.T.);
#8380 = EDGE_CURVE('',#8353,#8381,#8383,.T.);
#8381 = VERTEX_POINT('',#8382);
#8382 = CARTESIAN_POINT('',(169.99999999999,-82.,208.18257577072));
#8383 = SURFACE_CURVE('',#8384,(#8389,#8396),.PCURVE_S1.);
#8384 = CIRCLE('',#8385,24.);
#8385 = AXIS2_PLACEMENT_3D('',#8386,#8387,#8388);
#8386 = CARTESIAN_POINT('',(180.,-82.,230.));
#8387 = DIRECTION('',(0.,-1.,2.22044604925E-16));
#8388 = DIRECTION('',(1.,0.,0.));
#8389 = PCURVE('',#8202,#8390);
#8390 = DEFINITIONAL_REPRESENTATION('',(#8391),#8395);
#8391 = CIRCLE('',#8392,24.);
#8392 = AXIS2_PLACEMENT_2D('',#8393,#8394);
#8393 = CARTESIAN_POINT('',(0.,0.));
#8394 = DIRECTION('',(1.,0.));
#8395 = ( GEOMETRIC_REPRESENTATION_CONTEXT(2) 
PARAMETRIC_REPRESENTATION_CONTEXT() REPRESENTATION_CONTEXT('2D SPACE',''
  ) );
#8396 = PCURVE('',#8397,#8402);
#8397 = CYLINDRICAL_SURFACE('',#8398,24.);
#8398 = AXIS2_PLACEMENT_3D('',#8399,#8400,#8401);
#8399 = CARTESIAN_POINT('',(180.,-82.,230.));
#8400 = DIRECTION('',(0.,-1.,2.22044604925E-16));
#8401 = DIRECTION('',(1.,0.,0.));
#8402 = DEFINITIONAL_REPRESENTATION('',(#8403),#8407);
#8403 = LINE('',#8404,#8405);
#8404 = CARTESIAN_POINT('',(0.,0.));
#8405 = VECTOR('',#8406,1.);
#8406 = DIRECTION('',(1.,0.));
#8407 = ( GEOMETRIC_REPRESENTATION_CONTEXT(2) 
PARAMETRIC_REPRESENTATION_CONTEXT() REPRESENTATION_CONTEXT('2D SPACE',''
  ) );
#8408 = ORIENTED_EDGE('',*,*,#8409,.F.);
#8409 = EDGE_CURVE('',#8410,#8381,#8412,.T.);
#8410 = VERTEX_POINT('',#8411);
#8411 = CARTESIAN_POINT('',(170.,-82.,194.));
#8412 = SURFACE_CURVE('',#8413,(#8417,#8424),.PCURVE_S1.);
#8413 = LINE('',#8414,#8415);
#8414 = CARTESIAN_POINT('',(170.,-82.,194.));
#8415 = VECTOR('',#8416,1.);
#8416 = DIRECTION('',(0.,0.,1.));
#8417 = PCURVE('',#8202,#8418);
#8418 = DEFINITIONAL_REPRESENTATION('',(#8419),#8423);
#8419 = LINE('',#8420,#8421);
#8420 = CARTESIAN_POINT('',(-10.,-36.));
#8421 = VECTOR('',#8422,1.);
#8422 = DIRECTION('',(0.,1.));
#8423 = ( GEOMETRIC_REPRESENTATION_CONTEXT(2) 
PARAMETRIC_REPRESENTATION_CONTEXT() REPRESENTATION_CONTEXT('2D SPACE',''
  ) );
#8424 = PCURVE('',#8425,#8430);
#8425 = PLANE('',#8426);
#8426 = AXIS2_PLACEMENT_3D('',#8427,#8428,#8429);
#8427 = CARTESIAN_POINT('',(170.,-94.,194.));
#8428 = DIRECTION('',(1.,0.,-0.));
#8429 = DIRECTION('',(0.,0.,1.));
#8430 = DEFINITIONAL_REPRESENTATION('',(#8431),#8435);
#8431 = LINE('',#8432,#8433);
#8432 = CARTESIAN_POINT('',(0.,-12.));
#8433 = VECTOR('',#8434,1.);
#8434 = DIRECTION('',(1.,0.));
#8435 = ( GEOMETRIC_REPRESENTATION_CONTEXT(2) 
PARAMETRIC_REPRESENTATION_CONTEXT() REPRESENTATION_CONTEXT('2D SPACE',''
  ) );
#8436 = ORIENTED_EDGE('',*,*,#8437,.T.);
#8437 = EDGE_CURVE('',#8410,#8438,#8440,.T.);
#8438 = VERTEX_POINT('',#8439);
#8439 = CARTESIAN_POINT('',(190.,-82.,194.));
#8440 = SURFACE_CURVE('',#8441,(#8445,#8452),.PCURVE_S1.);
#8441 = LINE('',#8442,#8443);
#8442 = CARTESIAN_POINT('',(170.,-82.,194.));
#8443 = VECTOR('',#8444,1.);
#8444 = DIRECTION('',(1.,0.,-0.));
#8445 = PCURVE('',#8202,#8446);
#8446 = DEFINITIONAL_REPRESENTATION('',(#8447),#8451);
#8447 = LINE('',#8448,#8449);
#8448 = CARTESIAN_POINT('',(-10.,-36.));
#8449 = VECTOR('',#8450,1.);
#8450 = DIRECTION('',(1.,0.));
#8451 = ( GEOMETRIC_REPRESENTATION_CONTEXT(2) 
PARAMETRIC_REPRESENTATION_CONTEXT() REPRESENTATION_CONTEXT('2D SPACE',''
  ) );
#8452 = PCURVE('',#8453,#8458);
#8453 = PLANE('',#8454);
#8454 = AXIS2_PLACEMENT_3D('',#8455,#8456,#8457);
#8455 = CARTESIAN_POINT('',(170.,-94.,194.));
#8456 = DIRECTION('',(0.,0.,1.));
#8457 = DIRECTION('',(1.,0.,-0.));
#8458 = DEFINITIONAL_REPRESENTATION('',(#8459),#8463);
#8459 = LINE('',#8460,#8461);
#8460 = CARTESIAN_POINT('',(0.,12.));
#8461 = VECTOR('',#8462,1.);
#8462 = DIRECTION('',(1.,0.));
#8463 = ( GEOMETRIC_REPRESENTATION_CONTEXT(2) 
PARAMETRIC_REPRESENTATION_CONTEXT() REPRESENTATION_CONTEXT('2D SPACE',''
  ) );
#8464 = ORIENTED_EDGE('',*,*,#8465,.T.);
#8465 = EDGE_CURVE('',#8438,#8179,#8466,.T.);
#8466 = SURFACE_CURVE('',#8467,(#8471,#8478),.PCURVE_S1.);
#8467 = LINE('',#8468,#8469);
#8468 = CARTESIAN_POINT('',(190.,-82.,194.));
#8469 = VECTOR('',#8470,1.);
#8470 = DIRECTION('',(0.,0.,1.));
#8471 = PCURVE('',#8202,#8472);
#8472 = DEFINITIONAL_REPRESENTATION('',(#8473),#8477);
#8473 = LINE('',#8474,#8475);
#8474 = CARTESIAN_POINT('',(10.,-36.));
#8475 = VECTOR('',#8476,1.);
#8476 = DIRECTION('',(0.,1.));
#8477 = ( GEOMETRIC_REPRESENTATION_CONTEXT(2) 
PARAMETRIC_REPRESENTATION_CONTEXT() REPRESENTATION_CONTEXT('2D SPACE',''
  ) );
#8478 = PCURVE('',#8286,#8479);
#8479 = DEFINITIONAL_REPRESENTATION('',(#8480),#8484);
#8480 = LINE('',#8481,#8482);
#8481 = CARTESIAN_POINT('',(0.,-12.));
#8482 = VECTOR('',#8483,1.);
#8483 = DIRECTION('',(1.,0.));
#8484 = ( GEOMETRIC_REPRESENTATION_CONTEXT(2) 
PARAMETRIC_REPRESENTATION_CONTEXT() REPRESENTATION_CONTEXT('2D SPACE',''
  ) );
#8485 = FACE_BOUND('',#8486,.F.);
#8486 = EDGE_LOOP('',(#8487));
#8487 = ORIENTED_EDGE('',*,*,#8488,.F.);
#8488 = EDGE_CURVE('',#8489,#8489,#8491,.T.);
#8489 = VERTEX_POINT('',#8490);
#8490 = CARTESIAN_POINT('',(184.2,-82.,203.));
#8491 = SURFACE_CURVE('',#8492,(#8497,#8504),.PCURVE_S1.);
#8492 = CIRCLE('',#8493,4.2);
#8493 = AXIS2_PLACEMENT_3D('',#8494,#8495,#8496);
#8494 = CARTESIAN_POINT('',(180.,-82.,203.));
#8495 = DIRECTION('',(0.,-1.,2.22044604925E-16));
#8496 = DIRECTION('',(1.,0.,0.));
#8497 = PCURVE('',#8202,#8498);
#8498 = DEFINITIONAL_REPRESENTATION('',(#8499),#8503);
#8499 = CIRCLE('',#8500,4.2);
#8500 = AXIS2_PLACEMENT_2D('',#8501,#8502);
#8501 = CARTESIAN_POINT('',(0.,-27.));
#8502 = DIRECTION('',(1.,0.));
#8503 = ( GEOMETRIC_REPRESENTATION_CONTEXT(2) 
PARAMETRIC_REPRESENTATION_CONTEXT() REPRESENTATION_CONTEXT('2D SPACE',''
  ) );
#8504 = PCURVE('',#8505,#8510);
#8505 = CYLINDRICAL_SURFACE('',#8506,4.2);
#8506 = AXIS2_PLACEMENT_3D('',#8507,#8508,#8509);
#8507 = CARTESIAN_POINT('',(180.,-81.,203.));
#8508 = DIRECTION('',(0.,-1.,2.22044604925E-16));
#8509 = DIRECTION('',(1.,0.,0.));
#8510 = DEFINITIONAL_REPRESENTATION('',(#8511),#8515);
#8511 = LINE('',#8512,#8513);
#8512 = CARTESIAN_POINT('',(0.,1.));
#8513 = VECTOR('',#8514,1.);
#8514 = DIRECTION('',(1.,0.));
#8515 = ( GEOMETRIC_REPRESENTATION_CONTEXT(2) 
PARAMETRIC_REPRESENTATION_CONTEXT() REPRESENTATION_CONTEXT('2D SPACE',''
  ) );
#8516 = FACE_BOUND('',#8517,.F.);
#8517 = EDGE_LOOP('',(#8518));
#8518 = ORIENTED_EDGE('',*,*,#8519,.F.);
#8519 = EDGE_CURVE('',#8520,#8520,#8522,.T.);
#8520 = VERTEX_POINT('',#8521);
#8521 = CARTESIAN_POINT('',(190.,-82.,230.));
#8522 = SURFACE_CURVE('',#8523,(#8528,#8535),.PCURVE_S1.);
#8523 = CIRCLE('',#8524,10.);
#8524 = AXIS2_PLACEMENT_3D('',#8525,#8526,#8527);
#8525 = CARTESIAN_POINT('',(180.,-82.,230.));
#8526 = DIRECTION('',(0.,-1.,2.22044604925E-16));
#8527 = DIRECTION('',(1.,0.,0.));
#8528 = PCURVE('',#8202,#8529);
#8529 = DEFINITIONAL_REPRESENTATION('',(#8530),#8534);
#8530 = CIRCLE('',#8531,10.);
#8531 = AXIS2_PLACEMENT_2D('',#8532,#8533);
#8532 = CARTESIAN_POINT('',(0.,0.));
#8533 = DIRECTION('',(1.,0.));
#8534 = ( GEOMETRIC_REPRESENTATION_CONTEXT(2) 
PARAMETRIC_REPRESENTATION_CONTEXT() REPRESENTATION_CONTEXT('2D SPACE',''
  ) );
#8535 = PCURVE('',#8536,#8541);
#8536 = CYLINDRICAL_SURFACE('',#8537,10.);
#8537 = AXIS2_PLACEMENT_3D('',#8538,#8539,#8540);
#8538 = CARTESIAN_POINT('',(180.,-81.,230.));
#8539 = DIRECTION('',(0.,-1.,2.22044604925E-16));
#8540 = DIRECTION('',(1.,0.,0.));
#8541 = DEFINITIONAL_REPRESENTATION('',(#8542),#8546);
#8542 = LINE('',#8543,#8544);
#8543 = CARTESIAN_POINT('',(0.,1.));
#8544 = VECTOR('',#8545,1.);
#8545 = DIRECTION('',(1.,0.));
#8546 = ( GEOMETRIC_REPRESENTATION_CONTEXT(2) 
PARAMETRIC_REPRESENTATION_CONTEXT() REPRESENTATION_CONTEXT('2D SPACE',''
  ) );
#8547 = FACE_BOUND('',#8548,.F.);
#8548 = EDGE_LOOP('',(#8549));
#8549 = ORIENTED_EDGE('',*,*,#8550,.F.);
#8550 = EDGE_CURVE('',#8551,#8551,#8553,.T.);
#8551 = VERTEX_POINT('',#8552);
#8552 = CARTESIAN_POINT('',(184.2,-82.,257.));
#8553 = SURFACE_CURVE('',#8554,(#8559,#8566),.PCURVE_S1.);
#8554 = CIRCLE('',#8555,4.2);
#8555 = AXIS2_PLACEMENT_3D('',#8556,#8557,#8558);
#8556 = CARTESIAN_POINT('',(180.,-82.,257.));
#8557 = DIRECTION('',(0.,-1.,2.22044604925E-16));
#8558 = DIRECTION('',(1.,0.,0.));
#8559 = PCURVE('',#8202,#8560);
#8560 = DEFINITIONAL_REPRESENTATION('',(#8561),#8565);
#8561 = CIRCLE('',#8562,4.2);
#8562 = AXIS2_PLACEMENT_2D('',#8563,#8564);
#8563 = CARTESIAN_POINT('',(0.,27.));
#8564 = DIRECTION('',(1.,0.));
#8565 = ( GEOMETRIC_REPRESENTATION_CONTEXT(2) 
PARAMETRIC_REPRESENTATION_CONTEXT() REPRESENTATION_CONTEXT('2D SPACE',''
  ) );
#8566 = PCURVE('',#8567,#8572);
#8567 = CYLINDRICAL_SURFACE('',#8568,4.2);
#8568 = AXIS2_PLACEMENT_3D('',#8569,#8570,#8571);
#8569 = CARTESIAN_POINT('',(180.,-81.,257.));
#8570 = DIRECTION('',(0.,-1.,2.22044604925E-16));
#8571 = DIRECTION('',(1.,0.,0.));
#8572 = DEFINITIONAL_REPRESENTATION('',(#8573),#8577);
#8573 = LINE('',#8574,#8575);
#8574 = CARTESIAN_POINT('',(0.,1.));
#8575 = VECTOR('',#8576,1.);
#8576 = DIRECTION('',(1.,0.));
#8577 = ( GEOMETRIC_REPRESENTATION_CONTEXT(2) 
PARAMETRIC_REPRESENTATION_CONTEXT() REPRESENTATION_CONTEXT('2D SPACE',''
  ) );
#8578 = ADVANCED_FACE('',(#8579),#8229,.T.);
#8579 = FACE_BOUND('',#8580,.T.);
#8580 = EDGE_LOOP('',(#8581,#8604,#8605,#8606));
#8581 = ORIENTED_EDGE('',*,*,#8582,.F.);
#8582 = EDGE_CURVE('',#8215,#8583,#8585,.T.);
#8583 = VERTEX_POINT('',#8584);
#8584 = CARTESIAN_POINT('',(190.,-94.,266.));
#8585 = SURFACE_CURVE('',#8586,(#8590,#8597),.PCURVE_S1.);
#8586 = LINE('',#8587,#8588);
#8587 = CARTESIAN_POINT('',(190.,-94.,194.));
#8588 = VECTOR('',#8589,1.);
#8589 = DIRECTION('',(0.,0.,1.));
#8590 = PCURVE('',#8229,#8591);
#8591 = DEFINITIONAL_REPRESENTATION('',(#8592),#8596);
#8592 = LINE('',#8593,#8594);
#8593 = CARTESIAN_POINT('',(0.,0.));
#8594 = VECTOR('',#8595,1.);
#8595 = DIRECTION('',(1.,0.));
#8596 = ( GEOMETRIC_REPRESENTATION_CONTEXT(2) 
PARAMETRIC_REPRESENTATION_CONTEXT() REPRESENTATION_CONTEXT('2D SPACE',''
  ) );
#8597 = PCURVE('',#8257,#8598);
#8598 = DEFINITIONAL_REPRESENTATION('',(#8599),#8603);
#8599 = LINE('',#8600,#8601);
#8600 = CARTESIAN_POINT('',(10.,-36.));
#8601 = VECTOR('',#8602,1.);
#8602 = DIRECTION('',(0.,1.));
#8603 = ( GEOMETRIC_REPRESENTATION_CONTEXT(2) 
PARAMETRIC_REPRESENTATION_CONTEXT() REPRESENTATION_CONTEXT('2D SPACE',''
  ) );
#8604 = ORIENTED_EDGE('',*,*,#8214,.F.);
#8605 = ORIENTED_EDGE('',*,*,#8301,.T.);
#8606 = ORIENTED_EDGE('',*,*,#8607,.F.);
#8607 = EDGE_CURVE('',#8583,#8302,#8608,.T.);
#8608 = SURFACE_CURVE('',#8609,(#8613,#8620),.PCURVE_S1.);
#8609 = LINE('',#8610,#8611);
#8610 = CARTESIAN_POINT('',(190.,-94.,266.));
#8611 = VECTOR('',#8612,1.);
#8612 = DIRECTION('',(-0.,1.,0.));
#8613 = PCURVE('',#8229,#8614);
#8614 = DEFINITIONAL_REPRESENTATION('',(#8615),#8619);
#8615 = LINE('',#8616,#8617);
#8616 = CARTESIAN_POINT('',(72.,0.));
#8617 = VECTOR('',#8618,1.);
#8618 = DIRECTION('',(0.,-1.));
#8619 = ( GEOMETRIC_REPRESENTATION_CONTEXT(2) 
PARAMETRIC_REPRESENTATION_CONTEXT() REPRESENTATION_CONTEXT('2D SPACE',''
  ) );
#8620 = PCURVE('',#8340,#8621);
#8621 = DEFINITIONAL_REPRESENTATION('',(#8622),#8626);
#8622 = LINE('',#8623,#8624);
#8623 = CARTESIAN_POINT('',(20.,0.));
#8624 = VECTOR('',#8625,1.);
#8625 = DIRECTION('',(0.,1.));
#8626 = ( GEOMETRIC_REPRESENTATION_CONTEXT(2) 
PARAMETRIC_REPRESENTATION_CONTEXT() REPRESENTATION_CONTEXT('2D SPACE',''
  ) );
#8627 = ADVANCED_FACE('',(#8628,#8769,#8795,#8821),#8257,.T.);
#8628 = FACE_BOUND('',#8629,.T.);
#8629 = EDGE_LOOP('',(#8630,#8631,#8632,#8655,#8678,#8702,#8725,#8748));
#8630 = ORIENTED_EDGE('',*,*,#8240,.F.);
#8631 = ORIENTED_EDGE('',*,*,#8582,.T.);
#8632 = ORIENTED_EDGE('',*,*,#8633,.F.);
#8633 = EDGE_CURVE('',#8634,#8583,#8636,.T.);
#8634 = VERTEX_POINT('',#8635);
#8635 = CARTESIAN_POINT('',(170.,-94.,266.));
#8636 = SURFACE_CURVE('',#8637,(#8641,#8648),.PCURVE_S1.);
#8637 = LINE('',#8638,#8639);
#8638 = CARTESIAN_POINT('',(170.,-94.,266.));
#8639 = VECTOR('',#8640,1.);
#8640 = DIRECTION('',(1.,0.,-0.));
#8641 = PCURVE('',#8257,#8642);
#8642 = DEFINITIONAL_REPRESENTATION('',(#8643),#8647);
#8643 = LINE('',#8644,#8645);
#8644 = CARTESIAN_POINT('',(-10.,36.));
#8645 = VECTOR('',#8646,1.);
#8646 = DIRECTION('',(1.,0.));
#8647 = ( GEOMETRIC_REPRESENTATION_CONTEXT(2) 
PARAMETRIC_REPRESENTATION_CONTEXT() REPRESENTATION_CONTEXT('2D SPACE',''
  ) );
#8648 = PCURVE('',#8340,#8649);
#8649 = DEFINITIONAL_REPRESENTATION('',(#8650),#8654);
#8650 = LINE('',#8651,#8652);
#8651 = CARTESIAN_POINT('',(0.,0.));
#8652 = VECTOR('',#8653,1.);
#8653 = DIRECTION('',(1.,0.));
#8654 = ( GEOMETRIC_REPRESENTATION_CONTEXT(2) 
PARAMETRIC_REPRESENTATION_CONTEXT() REPRESENTATION_CONTEXT('2D SPACE',''
  ) );
#8655 = ORIENTED_EDGE('',*,*,#8656,.F.);
#8656 = EDGE_CURVE('',#8657,#8634,#8659,.T.);
#8657 = VERTEX_POINT('',#8658);
#8658 = CARTESIAN_POINT('',(169.99999999999,-94.,251.81742422927));
#8659 = SURFACE_CURVE('',#8660,(#8664,#8671),.PCURVE_S1.);
#8660 = LINE('',#8661,#8662);
#8661 = CARTESIAN_POINT('',(170.,-94.,194.));
#8662 = VECTOR('',#8663,1.);
#8663 = DIRECTION('',(0.,0.,1.));
#8664 = PCURVE('',#8257,#8665);
#8665 = DEFINITIONAL_REPRESENTATION('',(#8666),#8670);
#8666 = LINE('',#8667,#8668);
#8667 = CARTESIAN_POINT('',(-10.,-36.));
#8668 = VECTOR('',#8669,1.);
#8669 = DIRECTION('',(0.,1.));
#8670 = ( GEOMETRIC_REPRESENTATION_CONTEXT(2) 
PARAMETRIC_REPRESENTATION_CONTEXT() REPRESENTATION_CONTEXT('2D SPACE',''
  ) );
#8671 = PCURVE('',#8368,#8672);
#8672 = DEFINITIONAL_REPRESENTATION('',(#8673),#8677);
#8673 = LINE('',#8674,#8675);
#8674 = CARTESIAN_POINT('',(0.,0.));
#8675 = VECTOR('',#8676,1.);
#8676 = DIRECTION('',(1.,0.));
#8677 = ( GEOMETRIC_REPRESENTATION_CONTEXT(2) 
PARAMETRIC_REPRESENTATION_CONTEXT() REPRESENTATION_CONTEXT('2D SPACE',''
  ) );
#8678 = ORIENTED_EDGE('',*,*,#8679,.T.);
#8679 = EDGE_CURVE('',#8657,#8680,#8682,.T.);
#8680 = VERTEX_POINT('',#8681);
#8681 = CARTESIAN_POINT('',(169.99999999999,-94.,208.18257577072));
#8682 = SURFACE_CURVE('',#8683,(#8688,#8695),.PCURVE_S1.);
#8683 = CIRCLE('',#8684,24.);
#8684 = AXIS2_PLACEMENT_3D('',#8685,#8686,#8687);
#8685 = CARTESIAN_POINT('',(180.,-94.,230.));
#8686 = DIRECTION('',(0.,-1.,2.22044604925E-16));
#8687 = DIRECTION('',(1.,0.,0.));
#8688 = PCURVE('',#8257,#8689);
#8689 = DEFINITIONAL_REPRESENTATION('',(#8690),#8694);
#8690 = CIRCLE('',#8691,24.);
#8691 = AXIS2_PLACEMENT_2D('',#8692,#8693);
#8692 = CARTESIAN_POINT('',(0.,0.));
#8693 = DIRECTION('',(1.,0.));
#8694 = ( GEOMETRIC_REPRESENTATION_CONTEXT(2) 
PARAMETRIC_REPRESENTATION_CONTEXT() REPRESENTATION_CONTEXT('2D SPACE',''
  ) );
#8695 = PCURVE('',#8397,#8696);
#8696 = DEFINITIONAL_REPRESENTATION('',(#8697),#8701);
#8697 = LINE('',#8698,#8699);
#8698 = CARTESIAN_POINT('',(0.,12.));
#8699 = VECTOR('',#8700,1.);
#8700 = DIRECTION('',(1.,0.));
#8701 = ( GEOMETRIC_REPRESENTATION_CONTEXT(2) 
PARAMETRIC_REPRESENTATION_CONTEXT() REPRESENTATION_CONTEXT('2D SPACE',''
  ) );
#8702 = ORIENTED_EDGE('',*,*,#8703,.F.);
#8703 = EDGE_CURVE('',#8704,#8680,#8706,.T.);
#8704 = VERTEX_POINT('',#8705);
#8705 = CARTESIAN_POINT('',(170.,-94.,194.));
#8706 = SURFACE_CURVE('',#8707,(#8711,#8718),.PCURVE_S1.);
#8707 = LINE('',#8708,#8709);
#8708 = CARTESIAN_POINT('',(170.,-94.,194.));
#8709 = VECTOR('',#8710,1.);
#8710 = DIRECTION('',(0.,0.,1.));
#8711 = PCURVE('',#8257,#8712);
#8712 = DEFINITIONAL_REPRESENTATION('',(#8713),#8717);
#8713 = LINE('',#8714,#8715);
#8714 = CARTESIAN_POINT('',(-10.,-36.));
#8715 = VECTOR('',#8716,1.);
#8716 = DIRECTION('',(0.,1.));
#8717 = ( GEOMETRIC_REPRESENTATION_CONTEXT(2) 
PARAMETRIC_REPRESENTATION_CONTEXT() REPRESENTATION_CONTEXT('2D SPACE',''
  ) );
#8718 = PCURVE('',#8425,#8719);
#8719 = DEFINITIONAL_REPRESENTATION('',(#8720),#8724);
#8720 = LINE('',#8721,#8722);
#8721 = CARTESIAN_POINT('',(0.,0.));
#8722 = VECTOR('',#8723,1.);
#8723 = DIRECTION('',(1.,0.));
#8724 = ( GEOMETRIC_REPRESENTATION_CONTEXT(2) 
PARAMETRIC_REPRESENTATION_CONTEXT() REPRESENTATION_CONTEXT('2D SPACE',''
  ) );
#8725 = ORIENTED_EDGE('',*,*,#8726,.T.);
#8726 = EDGE_CURVE('',#8704,#8727,#8729,.T.);
#8727 = VERTEX_POINT('',#8728);
#8728 = CARTESIAN_POINT('',(190.,-94.,194.));
#8729 = SURFACE_CURVE('',#8730,(#8734,#8741),.PCURVE_S1.);
#8730 = LINE('',#8731,#8732);
#8731 = CARTESIAN_POINT('',(170.,-94.,194.));
#8732 = VECTOR('',#8733,1.);
#8733 = DIRECTION('',(1.,0.,-0.));
#8734 = PCURVE('',#8257,#8735);
#8735 = DEFINITIONAL_REPRESENTATION('',(#8736),#8740);
#8736 = LINE('',#8737,#8738);
#8737 = CARTESIAN_POINT('',(-10.,-36.));
#8738 = VECTOR('',#8739,1.);
#8739 = DIRECTION('',(1.,0.));
#8740 = ( GEOMETRIC_REPRESENTATION_CONTEXT(2) 
PARAMETRIC_REPRESENTATION_CONTEXT() REPRESENTATION_CONTEXT('2D SPACE',''
  ) );
#8741 = PCURVE('',#8453,#8742);
#8742 = DEFINITIONAL_REPRESENTATION('',(#8743),#8747);
#8743 = LINE('',#8744,#8745);
#8744 = CARTESIAN_POINT('',(0.,0.));
#8745 = VECTOR('',#8746,1.);
#8746 = DIRECTION('',(1.,0.));
#8747 = ( GEOMETRIC_REPRESENTATION_CONTEXT(2) 
PARAMETRIC_REPRESENTATION_CONTEXT() REPRESENTATION_CONTEXT('2D SPACE',''
  ) );
#8748 = ORIENTED_EDGE('',*,*,#8749,.T.);
#8749 = EDGE_CURVE('',#8727,#8241,#8750,.T.);
#8750 = SURFACE_CURVE('',#8751,(#8755,#8762),.PCURVE_S1.);
#8751 = LINE('',#8752,#8753);
#8752 = CARTESIAN_POINT('',(190.,-94.,194.));
#8753 = VECTOR('',#8754,1.);
#8754 = DIRECTION('',(0.,0.,1.));
#8755 = PCURVE('',#8257,#8756);
#8756 = DEFINITIONAL_REPRESENTATION('',(#8757),#8761);
#8757 = LINE('',#8758,#8759);
#8758 = CARTESIAN_POINT('',(10.,-36.));
#8759 = VECTOR('',#8760,1.);
#8760 = DIRECTION('',(0.,1.));
#8761 = ( GEOMETRIC_REPRESENTATION_CONTEXT(2) 
PARAMETRIC_REPRESENTATION_CONTEXT() REPRESENTATION_CONTEXT('2D SPACE',''
  ) );
#8762 = PCURVE('',#8286,#8763);
#8763 = DEFINITIONAL_REPRESENTATION('',(#8764),#8768);
#8764 = LINE('',#8765,#8766);
#8765 = CARTESIAN_POINT('',(0.,0.));
#8766 = VECTOR('',#8767,1.);
#8767 = DIRECTION('',(1.,0.));
#8768 = ( GEOMETRIC_REPRESENTATION_CONTEXT(2) 
PARAMETRIC_REPRESENTATION_CONTEXT() REPRESENTATION_CONTEXT('2D SPACE',''
  ) );
#8769 = FACE_BOUND('',#8770,.T.);
#8770 = EDGE_LOOP('',(#8771));
#8771 = ORIENTED_EDGE('',*,*,#8772,.F.);
#8772 = EDGE_CURVE('',#8773,#8773,#8775,.T.);
#8773 = VERTEX_POINT('',#8774);
#8774 = CARTESIAN_POINT('',(184.2,-94.,203.));
#8775 = SURFACE_CURVE('',#8776,(#8781,#8788),.PCURVE_S1.);
#8776 = CIRCLE('',#8777,4.2);
#8777 = AXIS2_PLACEMENT_3D('',#8778,#8779,#8780);
#8778 = CARTESIAN_POINT('',(180.,-94.,203.));
#8779 = DIRECTION('',(0.,-1.,2.22044604925E-16));
#8780 = DIRECTION('',(1.,0.,0.));
#8781 = PCURVE('',#8257,#8782);
#8782 = DEFINITIONAL_REPRESENTATION('',(#8783),#8787);
#8783 = CIRCLE('',#8784,4.2);
#8784 = AXIS2_PLACEMENT_2D('',#8785,#8786);
#8785 = CARTESIAN_POINT('',(0.,-27.));
#8786 = DIRECTION('',(1.,0.));
#8787 = ( GEOMETRIC_REPRESENTATION_CONTEXT(2) 
PARAMETRIC_REPRESENTATION_CONTEXT() REPRESENTATION_CONTEXT('2D SPACE',''
  ) );
#8788 = PCURVE('',#8505,#8789);
#8789 = DEFINITIONAL_REPRESENTATION('',(#8790),#8794);
#8790 = LINE('',#8791,#8792);
#8791 = CARTESIAN_POINT('',(0.,13.));
#8792 = VECTOR('',#8793,1.);
#8793 = DIRECTION('',(1.,0.));
#8794 = ( GEOMETRIC_REPRESENTATION_CONTEXT(2) 
PARAMETRIC_REPRESENTATION_CONTEXT() REPRESENTATION_CONTEXT('2D SPACE',''
  ) );
#8795 = FACE_BOUND('',#8796,.T.);
#8796 = EDGE_LOOP('',(#8797));
#8797 = ORIENTED_EDGE('',*,*,#8798,.F.);
#8798 = EDGE_CURVE('',#8799,#8799,#8801,.T.);
#8799 = VERTEX_POINT('',#8800);
#8800 = CARTESIAN_POINT('',(190.,-94.,230.));
#8801 = SURFACE_CURVE('',#8802,(#8807,#8814),.PCURVE_S1.);
#8802 = CIRCLE('',#8803,10.);
#8803 = AXIS2_PLACEMENT_3D('',#8804,#8805,#8806);
#8804 = CARTESIAN_POINT('',(180.,-94.,230.));
#8805 = DIRECTION('',(0.,-1.,2.22044604925E-16));
#8806 = DIRECTION('',(1.,0.,0.));
#8807 = PCURVE('',#8257,#8808);
#8808 = DEFINITIONAL_REPRESENTATION('',(#8809),#8813);
#8809 = CIRCLE('',#8810,10.);
#8810 = AXIS2_PLACEMENT_2D('',#8811,#8812);
#8811 = CARTESIAN_POINT('',(0.,0.));
#8812 = DIRECTION('',(1.,0.));
#8813 = ( GEOMETRIC_REPRESENTATION_CONTEXT(2) 
PARAMETRIC_REPRESENTATION_CONTEXT() REPRESENTATION_CONTEXT('2D SPACE',''
  ) );
#8814 = PCURVE('',#8536,#8815);
#8815 = DEFINITIONAL_REPRESENTATION('',(#8816),#8820);
#8816 = LINE('',#8817,#8818);
#8817 = CARTESIAN_POINT('',(0.,13.));
#8818 = VECTOR('',#8819,1.);
#8819 = DIRECTION('',(1.,0.));
#8820 = ( GEOMETRIC_REPRESENTATION_CONTEXT(2) 
PARAMETRIC_REPRESENTATION_CONTEXT() REPRESENTATION_CONTEXT('2D SPACE',''
  ) );
#8821 = FACE_BOUND('',#8822,.T.);
#8822 = EDGE_LOOP('',(#8823));
#8823 = ORIENTED_EDGE('',*,*,#8824,.F.);
#8824 = EDGE_CURVE('',#8825,#8825,#8827,.T.);
#8825 = VERTEX_POINT('',#8826);
#8826 = CARTESIAN_POINT('',(184.2,-94.,257.));
#8827 = SURFACE_CURVE('',#8828,(#8833,#8840),.PCURVE_S1.);
#8828 = CIRCLE('',#8829,4.2);
#8829 = AXIS2_PLACEMENT_3D('',#8830,#8831,#8832);
#8830 = CARTESIAN_POINT('',(180.,-94.,257.));
#8831 = DIRECTION('',(0.,-1.,2.22044604925E-16));
#8832 = DIRECTION('',(1.,0.,0.));
#8833 = PCURVE('',#8257,#8834);
#8834 = DEFINITIONAL_REPRESENTATION('',(#8835),#8839);
#8835 = CIRCLE('',#8836,4.2);
#8836 = AXIS2_PLACEMENT_2D('',#8837,#8838);
#8837 = CARTESIAN_POINT('',(0.,27.));
#8838 = DIRECTION('',(1.,0.));
#8839 = ( GEOMETRIC_REPRESENTATION_CONTEXT(2) 
PARAMETRIC_REPRESENTATION_CONTEXT() REPRESENTATION_CONTEXT('2D SPACE',''
  ) );
#8840 = PCURVE('',#8567,#8841);
#8841 = DEFINITIONAL_REPRESENTATION('',(#8842),#8846);
#8842 = LINE('',#8843,#8844);
#8843 = CARTESIAN_POINT('',(0.,13.));
#8844 = VECTOR('',#8845,1.);
#8845 = DIRECTION('',(1.,0.));
#8846 = ( GEOMETRIC_REPRESENTATION_CONTEXT(2) 
PARAMETRIC_REPRESENTATION_CONTEXT() REPRESENTATION_CONTEXT('2D SPACE',''
  ) );
#8847 = ADVANCED_FACE('',(#8848),#8286,.T.);
#8848 = FACE_BOUND('',#8849,.T.);
#8849 = EDGE_LOOP('',(#8850,#8851,#8872,#8873));
#8850 = ORIENTED_EDGE('',*,*,#8749,.F.);
#8851 = ORIENTED_EDGE('',*,*,#8852,.T.);
#8852 = EDGE_CURVE('',#8727,#8438,#8853,.T.);
#8853 = SURFACE_CURVE('',#8854,(#8858,#8865),.PCURVE_S1.);
#8854 = LINE('',#8855,#8856);
#8855 = CARTESIAN_POINT('',(190.,-94.,194.));
#8856 = VECTOR('',#8857,1.);
#8857 = DIRECTION('',(-0.,1.,0.));
#8858 = PCURVE('',#8286,#8859);
#8859 = DEFINITIONAL_REPRESENTATION('',(#8860),#8864);
#8860 = LINE('',#8861,#8862);
#8861 = CARTESIAN_POINT('',(0.,0.));
#8862 = VECTOR('',#8863,1.);
#8863 = DIRECTION('',(0.,-1.));
#8864 = ( GEOMETRIC_REPRESENTATION_CONTEXT(2) 
PARAMETRIC_REPRESENTATION_CONTEXT() REPRESENTATION_CONTEXT('2D SPACE',''
  ) );
#8865 = PCURVE('',#8453,#8866);
#8866 = DEFINITIONAL_REPRESENTATION('',(#8867),#8871);
#8867 = LINE('',#8868,#8869);
#8868 = CARTESIAN_POINT('',(20.,0.));
#8869 = VECTOR('',#8870,1.);
#8870 = DIRECTION('',(0.,1.));
#8871 = ( GEOMETRIC_REPRESENTATION_CONTEXT(2) 
PARAMETRIC_REPRESENTATION_CONTEXT() REPRESENTATION_CONTEXT('2D SPACE',''
  ) );
#8872 = ORIENTED_EDGE('',*,*,#8465,.T.);
#8873 = ORIENTED_EDGE('',*,*,#8273,.T.);
#8874 = ADVANCED_FACE('',(#8875),#8453,.F.);
#8875 = FACE_BOUND('',#8876,.F.);
#8876 = EDGE_LOOP('',(#8877,#8898,#8899,#8900));
#8877 = ORIENTED_EDGE('',*,*,#8878,.F.);
#8878 = EDGE_CURVE('',#8704,#8410,#8879,.T.);
#8879 = SURFACE_CURVE('',#8880,(#8884,#8891),.PCURVE_S1.);
#8880 = LINE('',#8881,#8882);
#8881 = CARTESIAN_POINT('',(170.,-94.,194.));
#8882 = VECTOR('',#8883,1.);
#8883 = DIRECTION('',(-0.,1.,0.));
#8884 = PCURVE('',#8453,#8885);
#8885 = DEFINITIONAL_REPRESENTATION('',(#8886),#8890);
#8886 = LINE('',#8887,#8888);
#8887 = CARTESIAN_POINT('',(0.,0.));
#8888 = VECTOR('',#8889,1.);
#8889 = DIRECTION('',(0.,1.));
#8890 = ( GEOMETRIC_REPRESENTATION_CONTEXT(2) 
PARAMETRIC_REPRESENTATION_CONTEXT() REPRESENTATION_CONTEXT('2D SPACE',''
  ) );
#8891 = PCURVE('',#8425,#8892);
#8892 = DEFINITIONAL_REPRESENTATION('',(#8893),#8897);
#8893 = LINE('',#8894,#8895);
#8894 = CARTESIAN_POINT('',(0.,0.));
#8895 = VECTOR('',#8896,1.);
#8896 = DIRECTION('',(0.,-1.));
#8897 = ( GEOMETRIC_REPRESENTATION_CONTEXT(2) 
PARAMETRIC_REPRESENTATION_CONTEXT() REPRESENTATION_CONTEXT('2D SPACE',''
  ) );
#8898 = ORIENTED_EDGE('',*,*,#8726,.T.);
#8899 = ORIENTED_EDGE('',*,*,#8852,.T.);
#8900 = ORIENTED_EDGE('',*,*,#8437,.F.);
#8901 = ADVANCED_FACE('',(#8902),#8340,.T.);
#8902 = FACE_BOUND('',#8903,.T.);
#8903 = EDGE_LOOP('',(#8904,#8925,#8926,#8927));
#8904 = ORIENTED_EDGE('',*,*,#8905,.F.);
#8905 = EDGE_CURVE('',#8634,#8325,#8906,.T.);
#8906 = SURFACE_CURVE('',#8907,(#8911,#8918),.PCURVE_S1.);
#8907 = LINE('',#8908,#8909);
#8908 = CARTESIAN_POINT('',(170.,-94.,266.));
#8909 = VECTOR('',#8910,1.);
#8910 = DIRECTION('',(-0.,1.,0.));
#8911 = PCURVE('',#8340,#8912);
#8912 = DEFINITIONAL_REPRESENTATION('',(#8913),#8917);
#8913 = LINE('',#8914,#8915);
#8914 = CARTESIAN_POINT('',(0.,0.));
#8915 = VECTOR('',#8916,1.);
#8916 = DIRECTION('',(0.,1.));
#8917 = ( GEOMETRIC_REPRESENTATION_CONTEXT(2) 
PARAMETRIC_REPRESENTATION_CONTEXT() REPRESENTATION_CONTEXT('2D SPACE',''
  ) );
#8918 = PCURVE('',#8368,#8919);
#8919 = DEFINITIONAL_REPRESENTATION('',(#8920),#8924);
#8920 = LINE('',#8921,#8922);
#8921 = CARTESIAN_POINT('',(72.,0.));
#8922 = VECTOR('',#8923,1.);
#8923 = DIRECTION('',(0.,-1.));
#8924 = ( GEOMETRIC_REPRESENTATION_CONTEXT(2) 
PARAMETRIC_REPRESENTATION_CONTEXT() REPRESENTATION_CONTEXT('2D SPACE',''
  ) );
#8925 = ORIENTED_EDGE('',*,*,#8633,.T.);
#8926 = ORIENTED_EDGE('',*,*,#8607,.T.);
#8927 = ORIENTED_EDGE('',*,*,#8324,.F.);
#8928 = ADVANCED_FACE('',(#8929),#8425,.F.);
#8929 = FACE_BOUND('',#8930,.F.);
#8930 = EDGE_LOOP('',(#8931,#8932,#8933,#8934));
#8931 = ORIENTED_EDGE('',*,*,#8703,.F.);
#8932 = ORIENTED_EDGE('',*,*,#8878,.T.);
#8933 = ORIENTED_EDGE('',*,*,#8409,.T.);
#8934 = ORIENTED_EDGE('',*,*,#8935,.T.);
#8935 = EDGE_CURVE('',#8381,#8680,#8936,.T.);
#8936 = SURFACE_CURVE('',#8937,(#8941,#8947),.PCURVE_S1.);
#8937 = LINE('',#8938,#8939);
#8938 = CARTESIAN_POINT('',(170.,-82.,208.18257577072));
#8939 = VECTOR('',#8940,1.);
#8940 = DIRECTION('',(0.,-1.,2.22044604925E-16));
#8941 = PCURVE('',#8425,#8942);
#8942 = DEFINITIONAL_REPRESENTATION('',(#8943),#8946);
#8943 = B_SPLINE_CURVE_WITH_KNOTS('',1,(#8944,#8945),.UNSPECIFIED.,.F.,
  .F.,(2,2),(-2.399999999625E-06,12.0000024),.PIECEWISE_BEZIER_KNOTS.);
#8944 = CARTESIAN_POINT('',(14.182575770729,-12.0000024));
#8945 = CARTESIAN_POINT('',(14.182575770729,2.399999999625E-06));
#8946 = ( GEOMETRIC_REPRESENTATION_CONTEXT(2) 
PARAMETRIC_REPRESENTATION_CONTEXT() REPRESENTATION_CONTEXT('2D SPACE',''
  ) );
#8947 = PCURVE('',#8397,#8948);
#8948 = DEFINITIONAL_REPRESENTATION('',(#8949),#8952);
#8949 = B_SPLINE_CURVE_WITH_KNOTS('',1,(#8950,#8951),.UNSPECIFIED.,.F.,
  .F.,(2,2),(-2.399999999625E-06,12.0000024),.PIECEWISE_BEZIER_KNOTS.);
#8950 = CARTESIAN_POINT('',(4.28261354908,-2.400000004469E-06));
#8951 = CARTESIAN_POINT('',(4.28261354908,12.0000024));
#8952 = ( GEOMETRIC_REPRESENTATION_CONTEXT(2) 
PARAMETRIC_REPRESENTATION_CONTEXT() REPRESENTATION_CONTEXT('2D SPACE',''
  ) );
#8953 = ADVANCED_FACE('',(#8954),#8368,.F.);
#8954 = FACE_BOUND('',#8955,.F.);
#8955 = EDGE_LOOP('',(#8956,#8957,#8976,#8977));
#8956 = ORIENTED_EDGE('',*,*,#8656,.F.);
#8957 = ORIENTED_EDGE('',*,*,#8958,.F.);
#8958 = EDGE_CURVE('',#8353,#8657,#8959,.T.);
#8959 = SURFACE_CURVE('',#8960,(#8964,#8970),.PCURVE_S1.);
#8960 = LINE('',#8961,#8962);
#8961 = CARTESIAN_POINT('',(170.,-82.,251.81742422927));
#8962 = VECTOR('',#8963,1.);
#8963 = DIRECTION('',(0.,-1.,2.22044604925E-16));
#8964 = PCURVE('',#8368,#8965);
#8965 = DEFINITIONAL_REPRESENTATION('',(#8966),#8969);
#8966 = B_SPLINE_CURVE_WITH_KNOTS('',1,(#8967,#8968),.UNSPECIFIED.,.F.,
  .F.,(2,2),(-2.399999999625E-06,12.0000024),.PIECEWISE_BEZIER_KNOTS.);
#8967 = CARTESIAN_POINT('',(57.817424229271,-12.0000024));
#8968 = CARTESIAN_POINT('',(57.817424229271,2.399999999625E-06));
#8969 = ( GEOMETRIC_REPRESENTATION_CONTEXT(2) 
PARAMETRIC_REPRESENTATION_CONTEXT() REPRESENTATION_CONTEXT('2D SPACE',''
  ) );
#8970 = PCURVE('',#8397,#8971);
#8971 = DEFINITIONAL_REPRESENTATION('',(#8972),#8975);
#8972 = B_SPLINE_CURVE_WITH_KNOTS('',1,(#8973,#8974),.UNSPECIFIED.,.F.,
  .F.,(2,2),(-2.399999999625E-06,12.0000024),.PIECEWISE_BEZIER_KNOTS.);
#8973 = CARTESIAN_POINT('',(2.000571758099,-2.39999999478E-06));
#8974 = CARTESIAN_POINT('',(2.000571758099,12.0000024));
#8975 = ( GEOMETRIC_REPRESENTATION_CONTEXT(2) 
PARAMETRIC_REPRESENTATION_CONTEXT() REPRESENTATION_CONTEXT('2D SPACE',''
  ) );
#8976 = ORIENTED_EDGE('',*,*,#8352,.T.);
#8977 = ORIENTED_EDGE('',*,*,#8905,.F.);
#8978 = ADVANCED_FACE('',(#8979),#8397,.T.);
#8979 = FACE_BOUND('',#8980,.T.);
#8980 = EDGE_LOOP('',(#8981,#8982,#8983,#8984));
#8981 = ORIENTED_EDGE('',*,*,#8679,.F.);
#8982 = ORIENTED_EDGE('',*,*,#8958,.F.);
#8983 = ORIENTED_EDGE('',*,*,#8380,.T.);
#8984 = ORIENTED_EDGE('',*,*,#8935,.T.);
#8985 = ADVANCED_FACE('',(#8986),#8505,.F.);
#8986 = FACE_BOUND('',#8987,.F.);
#8987 = EDGE_LOOP('',(#8988,#8989,#9010,#9011));
#8988 = ORIENTED_EDGE('',*,*,#8772,.F.);
#8989 = ORIENTED_EDGE('',*,*,#8990,.F.);
#8990 = EDGE_CURVE('',#8489,#8773,#8991,.T.);
#8991 = SEAM_CURVE('',#8992,(#8996,#9003),.PCURVE_S1.);
#8992 = LINE('',#8993,#8994);
#8993 = CARTESIAN_POINT('',(184.2,-81.,203.));
#8994 = VECTOR('',#8995,1.);
#8995 = DIRECTION('',(0.,-1.,2.22044604925E-16));
#8996 = PCURVE('',#8505,#8997);
#8997 = DEFINITIONAL_REPRESENTATION('',(#8998),#9002);
#8998 = LINE('',#8999,#9000);
#8999 = CARTESIAN_POINT('',(6.28318530718,-0.));
#9000 = VECTOR('',#9001,1.);
#9001 = DIRECTION('',(0.,1.));
#9002 = ( GEOMETRIC_REPRESENTATION_CONTEXT(2) 
PARAMETRIC_REPRESENTATION_CONTEXT() REPRESENTATION_CONTEXT('2D SPACE',''
  ) );
#9003 = PCURVE('',#8505,#9004);
#9004 = DEFINITIONAL_REPRESENTATION('',(#9005),#9009);
#9005 = LINE('',#9006,#9007);
#9006 = CARTESIAN_POINT('',(0.,-0.));
#9007 = VECTOR('',#9008,1.);
#9008 = DIRECTION('',(0.,1.));
#9009 = ( GEOMETRIC_REPRESENTATION_CONTEXT(2) 
PARAMETRIC_REPRESENTATION_CONTEXT() REPRESENTATION_CONTEXT('2D SPACE',''
  ) );
#9010 = ORIENTED_EDGE('',*,*,#8488,.T.);
#9011 = ORIENTED_EDGE('',*,*,#8990,.T.);
#9012 = ADVANCED_FACE('',(#9013),#8536,.F.);
#9013 = FACE_BOUND('',#9014,.F.);
#9014 = EDGE_LOOP('',(#9015,#9016,#9037,#9038));
#9015 = ORIENTED_EDGE('',*,*,#8798,.F.);
#9016 = ORIENTED_EDGE('',*,*,#9017,.F.);
#9017 = EDGE_CURVE('',#8520,#8799,#9018,.T.);
#9018 = SEAM_CURVE('',#9019,(#9023,#9030),.PCURVE_S1.);
#9019 = LINE('',#9020,#9021);
#9020 = CARTESIAN_POINT('',(190.,-81.,230.));
#9021 = VECTOR('',#9022,1.);
#9022 = DIRECTION('',(0.,-1.,2.22044604925E-16));
#9023 = PCURVE('',#8536,#9024);
#9024 = DEFINITIONAL_REPRESENTATION('',(#9025),#9029);
#9025 = LINE('',#9026,#9027);
#9026 = CARTESIAN_POINT('',(6.28318530718,-0.));
#9027 = VECTOR('',#9028,1.);
#9028 = DIRECTION('',(0.,1.));
#9029 = ( GEOMETRIC_REPRESENTATION_CONTEXT(2) 
PARAMETRIC_REPRESENTATION_CONTEXT() REPRESENTATION_CONTEXT('2D SPACE',''
  ) );
#9030 = PCURVE('',#8536,#9031);
#9031 = DEFINITIONAL_REPRESENTATION('',(#9032),#9036);
#9032 = LINE('',#9033,#9034);
#9033 = CARTESIAN_POINT('',(0.,-0.));
#9034 = VECTOR('',#9035,1.);
#9035 = DIRECTION('',(0.,1.));
#9036 = ( GEOMETRIC_REPRESENTATION_CONTEXT(2) 
PARAMETRIC_REPRESENTATION_CONTEXT() REPRESENTATION_CONTEXT('2D SPACE',''
  ) );
#9037 = ORIENTED_EDGE('',*,*,#8519,.T.);
#9038 = ORIENTED_EDGE('',*,*,#9017,.T.);
#9039 = ADVANCED_FACE('',(#9040),#8567,.F.);
#9040 = FACE_BOUND('',#9041,.F.);
#9041 = EDGE_LOOP('',(#9042,#9043,#9064,#9065));
#9042 = ORIENTED_EDGE('',*,*,#8824,.F.);
#9043 = ORIENTED_EDGE('',*,*,#9044,.F.);
#9044 = EDGE_CURVE('',#8551,#8825,#9045,.T.);
#9045 = SEAM_CURVE('',#9046,(#9050,#9057),.PCURVE_S1.);
#9046 = LINE('',#9047,#9048);
#9047 = CARTESIAN_POINT('',(184.2,-81.,257.));
#9048 = VECTOR('',#9049,1.);
#9049 = DIRECTION('',(0.,-1.,2.22044604925E-16));
#9050 = PCURVE('',#8567,#9051);
#9051 = DEFINITIONAL_REPRESENTATION('',(#9052),#9056);
#9052 = LINE('',#9053,#9054);
#9053 = CARTESIAN_POINT('',(6.28318530718,-0.));
#9054 = VECTOR('',#9055,1.);
#9055 = DIRECTION('',(0.,1.));
#9056 = ( GEOMETRIC_REPRESENTATION_CONTEXT(2) 
PARAMETRIC_REPRESENTATION_CONTEXT() REPRESENTATION_CONTEXT('2D SPACE',''
  ) );
#9057 = PCURVE('',#8567,#9058);
#9058 = DEFINITIONAL_REPRESENTATION('',(#9059),#9063);
#9059 = LINE('',#9060,#9061);
#9060 = CARTESIAN_POINT('',(0.,-0.));
#9061 = VECTOR('',#9062,1.);
#9062 = DIRECTION('',(0.,1.));
#9063 = ( GEOMETRIC_REPRESENTATION_CONTEXT(2) 
PARAMETRIC_REPRESENTATION_CONTEXT() REPRESENTATION_CONTEXT('2D SPACE',''
  ) );
#9064 = ORIENTED_EDGE('',*,*,#8550,.T.);
#9065 = ORIENTED_EDGE('',*,*,#9044,.T.);
#9066 = ( GEOMETRIC_REPRESENTATION_CONTEXT(3) 
GLOBAL_UNCERTAINTY_ASSIGNED_CONTEXT((#9070)) 
GLOBAL_UNIT_ASSIGNED_CONTEXT((#9067,#9068,#9069)) REPRESENTATION_CONTEXT
('Context #1','3D Context with UNIT and UNCERTAINTY') );
#9067 = ( LENGTH_UNIT() NAMED_UNIT(*) SI_UNIT(.MILLI.,.METRE.) );
#9068 = ( NAMED_UNIT(*) PLANE_ANGLE_UNIT() SI_UNIT($,.RADIAN.) );
#9069 = ( NAMED_UNIT(*) SI_UNIT($,.STERADIAN.) SOLID_ANGLE_UNIT() );
#9070 = UNCERTAINTY_MEASURE_WITH_UNIT(LENGTH_MEASURE(1.E-07),#9067,
  'distance_accuracy_value','confusion accuracy');
#9071 = CONTEXT_DEPENDENT_SHAPE_REPRESENTATION(#9072,#9074);
#9072 = ( REPRESENTATION_RELATIONSHIP('','',#7277,#10) 
REPRESENTATION_RELATIONSHIP_WITH_TRANSFORMATION(#9073) 
SHAPE_REPRESENTATION_RELATIONSHIP() );
#9073 = ITEM_DEFINED_TRANSFORMATION('','',#11,#51);
#9074 = PRODUCT_DEFINITION_SHAPE('Placement','Placement of an item',
  #9075);
#9075 = NEXT_ASSEMBLY_USAGE_OCCURRENCE('46','=>[0:1:1:11]','',#5,#7272,$
  );
#9076 = PRODUCT_RELATED_PRODUCT_CATEGORY('part',$,(#7274));
#9077 = SHAPE_DEFINITION_REPRESENTATION(#9078,#9084);
#9078 = PRODUCT_DEFINITION_SHAPE('','',#9079);
#9079 = PRODUCT_DEFINITION('design','',#9080,#9083);
#9080 = PRODUCT_DEFINITION_FORMATION('','',#9081);
#9081 = PRODUCT('COMPOUND','COMPOUND','',(#9082));
#9082 = PRODUCT_CONTEXT('',#2,'mechanical');
#9083 = PRODUCT_DEFINITION_CONTEXT('part definition',#2,'design');
#9084 = SHAPE_REPRESENTATION('',(#11,#9085,#9183,#9281,#9379),#9477);
#9085 = MANIFOLD_SOLID_BREP('',#9086);
#9086 = CLOSED_SHELL('',(#9087,#9175,#9179));
#9087 = ADVANCED_FACE('',(#9088),#9101,.T.);
#9088 = FACE_BOUND('',#9089,.T.);
#9089 = EDGE_LOOP('',(#9090,#9124,#9147,#9174));
#9090 = ORIENTED_EDGE('',*,*,#9091,.F.);
#9091 = EDGE_CURVE('',#9092,#9092,#9094,.T.);
#9092 = VERTEX_POINT('',#9093);
#9093 = CARTESIAN_POINT('',(184.,74.,203.));
#9094 = SURFACE_CURVE('',#9095,(#9100,#9112),.PCURVE_S1.);
#9095 = CIRCLE('',#9096,4.);
#9096 = AXIS2_PLACEMENT_3D('',#9097,#9098,#9099);
#9097 = CARTESIAN_POINT('',(180.,74.,203.));
#9098 = DIRECTION('',(0.,-1.,2.22044604925E-16));
#9099 = DIRECTION('',(1.,0.,0.));
#9100 = PCURVE('',#9101,#9106);
#9101 = CYLINDRICAL_SURFACE('',#9102,4.);
#9102 = AXIS2_PLACEMENT_3D('',#9103,#9104,#9105);
#9103 = CARTESIAN_POINT('',(180.,100.,203.));
#9104 = DIRECTION('',(0.,-1.,2.22044604925E-16));
#9105 = DIRECTION('',(1.,0.,0.));
#9106 = DEFINITIONAL_REPRESENTATION('',(#9107),#9111);
#9107 = LINE('',#9108,#9109);
#9108 = CARTESIAN_POINT('',(0.,26.));
#9109 = VECTOR('',#9110,1.);
#9110 = DIRECTION('',(1.,0.));
#9111 = ( GEOMETRIC_REPRESENTATION_CONTEXT(2) 
PARAMETRIC_REPRESENTATION_CONTEXT() REPRESENTATION_CONTEXT('2D SPACE',''
  ) );
#9112 = PCURVE('',#9113,#9118);
#9113 = PLANE('',#9114);
#9114 = AXIS2_PLACEMENT_3D('',#9115,#9116,#9117);
#9115 = CARTESIAN_POINT('',(180.,74.,203.));
#9116 = DIRECTION('',(0.,-1.,2.22044604925E-16));
#9117 = DIRECTION('',(1.,0.,0.));
#9118 = DEFINITIONAL_REPRESENTATION('',(#9119),#9123);
#9119 = CIRCLE('',#9120,4.);
#9120 = AXIS2_PLACEMENT_2D('',#9121,#9122);
#9121 = CARTESIAN_POINT('',(0.,0.));
#9122 = DIRECTION('',(1.,0.));
#9123 = ( GEOMETRIC_REPRESENTATION_CONTEXT(2) 
PARAMETRIC_REPRESENTATION_CONTEXT() REPRESENTATION_CONTEXT('2D SPACE',''
  ) );
#9124 = ORIENTED_EDGE('',*,*,#9125,.F.);
#9125 = EDGE_CURVE('',#9126,#9092,#9128,.T.);
#9126 = VERTEX_POINT('',#9127);
#9127 = CARTESIAN_POINT('',(184.,100.,203.));
#9128 = SEAM_CURVE('',#9129,(#9133,#9140),.PCURVE_S1.);
#9129 = LINE('',#9130,#9131);
#9130 = CARTESIAN_POINT('',(184.,100.,203.));
#9131 = VECTOR('',#9132,1.);
#9132 = DIRECTION('',(0.,-1.,2.22044604925E-16));
#9133 = PCURVE('',#9101,#9134);
#9134 = DEFINITIONAL_REPRESENTATION('',(#9135),#9139);
#9135 = LINE('',#9136,#9137);
#9136 = CARTESIAN_POINT('',(6.28318530718,-0.));
#9137 = VECTOR('',#9138,1.);
#9138 = DIRECTION('',(0.,1.));
#9139 = ( GEOMETRIC_REPRESENTATION_CONTEXT(2) 
PARAMETRIC_REPRESENTATION_CONTEXT() REPRESENTATION_CONTEXT('2D SPACE',''
  ) );
#9140 = PCURVE('',#9101,#9141);
#9141 = DEFINITIONAL_REPRESENTATION('',(#9142),#9146);
#9142 = LINE('',#9143,#9144);
#9143 = CARTESIAN_POINT('',(0.,-0.));
#9144 = VECTOR('',#9145,1.);
#9145 = DIRECTION('',(0.,1.));
#9146 = ( GEOMETRIC_REPRESENTATION_CONTEXT(2) 
PARAMETRIC_REPRESENTATION_CONTEXT() REPRESENTATION_CONTEXT('2D SPACE',''
  ) );
#9147 = ORIENTED_EDGE('',*,*,#9148,.T.);
#9148 = EDGE_CURVE('',#9126,#9126,#9149,.T.);
#9149 = SURFACE_CURVE('',#9150,(#9155,#9162),.PCURVE_S1.);
#9150 = CIRCLE('',#9151,4.);
#9151 = AXIS2_PLACEMENT_3D('',#9152,#9153,#9154);
#9152 = CARTESIAN_POINT('',(180.,100.,203.));
#9153 = DIRECTION('',(0.,-1.,2.22044604925E-16));
#9154 = DIRECTION('',(1.,0.,0.));
#9155 = PCURVE('',#9101,#9156);
#9156 = DEFINITIONAL_REPRESENTATION('',(#9157),#9161);
#9157 = LINE('',#9158,#9159);
#9158 = CARTESIAN_POINT('',(0.,0.));
#9159 = VECTOR('',#9160,1.);
#9160 = DIRECTION('',(1.,0.));
#9161 = ( GEOMETRIC_REPRESENTATION_CONTEXT(2) 
PARAMETRIC_REPRESENTATION_CONTEXT() REPRESENTATION_CONTEXT('2D SPACE',''
  ) );
#9162 = PCURVE('',#9163,#9168);
#9163 = PLANE('',#9164);
#9164 = AXIS2_PLACEMENT_3D('',#9165,#9166,#9167);
#9165 = CARTESIAN_POINT('',(180.,100.,203.));
#9166 = DIRECTION('',(0.,-1.,2.22044604925E-16));
#9167 = DIRECTION('',(1.,0.,0.));
#9168 = DEFINITIONAL_REPRESENTATION('',(#9169),#9173);
#9169 = CIRCLE('',#9170,4.);
#9170 = AXIS2_PLACEMENT_2D('',#9171,#9172);
#9171 = CARTESIAN_POINT('',(0.,0.));
#9172 = DIRECTION('',(1.,0.));
#9173 = ( GEOMETRIC_REPRESENTATION_CONTEXT(2) 
PARAMETRIC_REPRESENTATION_CONTEXT() REPRESENTATION_CONTEXT('2D SPACE',''
  ) );
#9174 = ORIENTED_EDGE('',*,*,#9125,.T.);
#9175 = ADVANCED_FACE('',(#9176),#9113,.T.);
#9176 = FACE_BOUND('',#9177,.T.);
#9177 = EDGE_LOOP('',(#9178));
#9178 = ORIENTED_EDGE('',*,*,#9091,.T.);
#9179 = ADVANCED_FACE('',(#9180),#9163,.F.);
#9180 = FACE_BOUND('',#9181,.T.);
#9181 = EDGE_LOOP('',(#9182));
#9182 = ORIENTED_EDGE('',*,*,#9148,.F.);
#9183 = MANIFOLD_SOLID_BREP('',#9184);
#9184 = CLOSED_SHELL('',(#9185,#9273,#9277));
#9185 = ADVANCED_FACE('',(#9186),#9199,.T.);
#9186 = FACE_BOUND('',#9187,.T.);
#9187 = EDGE_LOOP('',(#9188,#9222,#9245,#9272));
#9188 = ORIENTED_EDGE('',*,*,#9189,.F.);
#9189 = EDGE_CURVE('',#9190,#9190,#9192,.T.);
#9190 = VERTEX_POINT('',#9191);
#9191 = CARTESIAN_POINT('',(184.,74.,257.));
#9192 = SURFACE_CURVE('',#9193,(#9198,#9210),.PCURVE_S1.);
#9193 = CIRCLE('',#9194,4.);
#9194 = AXIS2_PLACEMENT_3D('',#9195,#9196,#9197);
#9195 = CARTESIAN_POINT('',(180.,74.,257.));
#9196 = DIRECTION('',(0.,-1.,2.22044604925E-16));
#9197 = DIRECTION('',(1.,0.,0.));
#9198 = PCURVE('',#9199,#9204);
#9199 = CYLINDRICAL_SURFACE('',#9200,4.);
#9200 = AXIS2_PLACEMENT_3D('',#9201,#9202,#9203);
#9201 = CARTESIAN_POINT('',(180.,100.,257.));
#9202 = DIRECTION('',(0.,-1.,2.22044604925E-16));
#9203 = DIRECTION('',(1.,0.,0.));
#9204 = DEFINITIONAL_REPRESENTATION('',(#9205),#9209);
#9205 = LINE('',#9206,#9207);
#9206 = CARTESIAN_POINT('',(0.,26.));
#9207 = VECTOR('',#9208,1.);
#9208 = DIRECTION('',(1.,0.));
#9209 = ( GEOMETRIC_REPRESENTATION_CONTEXT(2) 
PARAMETRIC_REPRESENTATION_CONTEXT() REPRESENTATION_CONTEXT('2D SPACE',''
  ) );
#9210 = PCURVE('',#9211,#9216);
#9211 = PLANE('',#9212);
#9212 = AXIS2_PLACEMENT_3D('',#9213,#9214,#9215);
#9213 = CARTESIAN_POINT('',(180.,74.,257.));
#9214 = DIRECTION('',(0.,-1.,2.22044604925E-16));
#9215 = DIRECTION('',(1.,0.,0.));
#9216 = DEFINITIONAL_REPRESENTATION('',(#9217),#9221);
#9217 = CIRCLE('',#9218,4.);
#9218 = AXIS2_PLACEMENT_2D('',#9219,#9220);
#9219 = CARTESIAN_POINT('',(0.,0.));
#9220 = DIRECTION('',(1.,0.));
#9221 = ( GEOMETRIC_REPRESENTATION_CONTEXT(2) 
PARAMETRIC_REPRESENTATION_CONTEXT() REPRESENTATION_CONTEXT('2D SPACE',''
  ) );
#9222 = ORIENTED_EDGE('',*,*,#9223,.F.);
#9223 = EDGE_CURVE('',#9224,#9190,#9226,.T.);
#9224 = VERTEX_POINT('',#9225);
#9225 = CARTESIAN_POINT('',(184.,100.,257.));
#9226 = SEAM_CURVE('',#9227,(#9231,#9238),.PCURVE_S1.);
#9227 = LINE('',#9228,#9229);
#9228 = CARTESIAN_POINT('',(184.,100.,257.));
#9229 = VECTOR('',#9230,1.);
#9230 = DIRECTION('',(0.,-1.,2.22044604925E-16));
#9231 = PCURVE('',#9199,#9232);
#9232 = DEFINITIONAL_REPRESENTATION('',(#9233),#9237);
#9233 = LINE('',#9234,#9235);
#9234 = CARTESIAN_POINT('',(6.28318530718,-0.));
#9235 = VECTOR('',#9236,1.);
#9236 = DIRECTION('',(0.,1.));
#9237 = ( GEOMETRIC_REPRESENTATION_CONTEXT(2) 
PARAMETRIC_REPRESENTATION_CONTEXT() REPRESENTATION_CONTEXT('2D SPACE',''
  ) );
#9238 = PCURVE('',#9199,#9239);
#9239 = DEFINITIONAL_REPRESENTATION('',(#9240),#9244);
#9240 = LINE('',#9241,#9242);
#9241 = CARTESIAN_POINT('',(0.,-0.));
#9242 = VECTOR('',#9243,1.);
#9243 = DIRECTION('',(0.,1.));
#9244 = ( GEOMETRIC_REPRESENTATION_CONTEXT(2) 
PARAMETRIC_REPRESENTATION_CONTEXT() REPRESENTATION_CONTEXT('2D SPACE',''
  ) );
#9245 = ORIENTED_EDGE('',*,*,#9246,.T.);
#9246 = EDGE_CURVE('',#9224,#9224,#9247,.T.);
#9247 = SURFACE_CURVE('',#9248,(#9253,#9260),.PCURVE_S1.);
#9248 = CIRCLE('',#9249,4.);
#9249 = AXIS2_PLACEMENT_3D('',#9250,#9251,#9252);
#9250 = CARTESIAN_POINT('',(180.,100.,257.));
#9251 = DIRECTION('',(0.,-1.,2.22044604925E-16));
#9252 = DIRECTION('',(1.,0.,0.));
#9253 = PCURVE('',#9199,#9254);
#9254 = DEFINITIONAL_REPRESENTATION('',(#9255),#9259);
#9255 = LINE('',#9256,#9257);
#9256 = CARTESIAN_POINT('',(0.,0.));
#9257 = VECTOR('',#9258,1.);
#9258 = DIRECTION('',(1.,0.));
#9259 = ( GEOMETRIC_REPRESENTATION_CONTEXT(2) 
PARAMETRIC_REPRESENTATION_CONTEXT() REPRESENTATION_CONTEXT('2D SPACE',''
  ) );
#9260 = PCURVE('',#9261,#9266);
#9261 = PLANE('',#9262);
#9262 = AXIS2_PLACEMENT_3D('',#9263,#9264,#9265);
#9263 = CARTESIAN_POINT('',(180.,100.,257.));
#9264 = DIRECTION('',(0.,-1.,2.22044604925E-16));
#9265 = DIRECTION('',(1.,0.,0.));
#9266 = DEFINITIONAL_REPRESENTATION('',(#9267),#9271);
#9267 = CIRCLE('',#9268,4.);
#9268 = AXIS2_PLACEMENT_2D('',#9269,#9270);
#9269 = CARTESIAN_POINT('',(0.,0.));
#9270 = DIRECTION('',(1.,0.));
#9271 = ( GEOMETRIC_REPRESENTATION_CONTEXT(2) 
PARAMETRIC_REPRESENTATION_CONTEXT() REPRESENTATION_CONTEXT('2D SPACE',''
  ) );
#9272 = ORIENTED_EDGE('',*,*,#9223,.T.);
#9273 = ADVANCED_FACE('',(#9274),#9211,.T.);
#9274 = FACE_BOUND('',#9275,.T.);
#9275 = EDGE_LOOP('',(#9276));
#9276 = ORIENTED_EDGE('',*,*,#9189,.T.);
#9277 = ADVANCED_FACE('',(#9278),#9261,.F.);
#9278 = FACE_BOUND('',#9279,.T.);
#9279 = EDGE_LOOP('',(#9280));
#9280 = ORIENTED_EDGE('',*,*,#9246,.F.);
#9281 = MANIFOLD_SOLID_BREP('',#9282);
#9282 = CLOSED_SHELL('',(#9283,#9371,#9375));
#9283 = ADVANCED_FACE('',(#9284),#9297,.T.);
#9284 = FACE_BOUND('',#9285,.T.);
#9285 = EDGE_LOOP('',(#9286,#9320,#9343,#9370));
#9286 = ORIENTED_EDGE('',*,*,#9287,.F.);
#9287 = EDGE_CURVE('',#9288,#9288,#9290,.T.);
#9288 = VERTEX_POINT('',#9289);
#9289 = CARTESIAN_POINT('',(184.,-100.,203.));
#9290 = SURFACE_CURVE('',#9291,(#9296,#9308),.PCURVE_S1.);
#9291 = CIRCLE('',#9292,4.);
#9292 = AXIS2_PLACEMENT_3D('',#9293,#9294,#9295);
#9293 = CARTESIAN_POINT('',(180.,-100.,203.));
#9294 = DIRECTION('',(0.,-1.,2.22044604925E-16));
#9295 = DIRECTION('',(1.,0.,0.));
#9296 = PCURVE('',#9297,#9302);
#9297 = CYLINDRICAL_SURFACE('',#9298,4.);
#9298 = AXIS2_PLACEMENT_3D('',#9299,#9300,#9301);
#9299 = CARTESIAN_POINT('',(180.,-74.,203.));
#9300 = DIRECTION('',(0.,-1.,2.22044604925E-16));
#9301 = DIRECTION('',(1.,0.,0.));
#9302 = DEFINITIONAL_REPRESENTATION('',(#9303),#9307);
#9303 = LINE('',#9304,#9305);
#9304 = CARTESIAN_POINT('',(0.,26.));
#9305 = VECTOR('',#9306,1.);
#9306 = DIRECTION('',(1.,0.));
#9307 = ( GEOMETRIC_REPRESENTATION_CONTEXT(2) 
PARAMETRIC_REPRESENTATION_CONTEXT() REPRESENTATION_CONTEXT('2D SPACE',''
  ) );
#9308 = PCURVE('',#9309,#9314);
#9309 = PLANE('',#9310);
#9310 = AXIS2_PLACEMENT_3D('',#9311,#9312,#9313);
#9311 = CARTESIAN_POINT('',(180.,-100.,203.));
#9312 = DIRECTION('',(0.,-1.,2.22044604925E-16));
#9313 = DIRECTION('',(1.,0.,0.));
#9314 = DEFINITIONAL_REPRESENTATION('',(#9315),#9319);
#9315 = CIRCLE('',#9316,4.);
#9316 = AXIS2_PLACEMENT_2D('',#9317,#9318);
#9317 = CARTESIAN_POINT('',(0.,0.));
#9318 = DIRECTION('',(1.,0.));
#9319 = ( GEOMETRIC_REPRESENTATION_CONTEXT(2) 
PARAMETRIC_REPRESENTATION_CONTEXT() REPRESENTATION_CONTEXT('2D SPACE',''
  ) );
#9320 = ORIENTED_EDGE('',*,*,#9321,.F.);
#9321 = EDGE_CURVE('',#9322,#9288,#9324,.T.);
#9322 = VERTEX_POINT('',#9323);
#9323 = CARTESIAN_POINT('',(184.,-74.,203.));
#9324 = SEAM_CURVE('',#9325,(#9329,#9336),.PCURVE_S1.);
#9325 = LINE('',#9326,#9327);
#9326 = CARTESIAN_POINT('',(184.,-74.,203.));
#9327 = VECTOR('',#9328,1.);
#9328 = DIRECTION('',(0.,-1.,2.22044604925E-16));
#9329 = PCURVE('',#9297,#9330);
#9330 = DEFINITIONAL_REPRESENTATION('',(#9331),#9335);
#9331 = LINE('',#9332,#9333);
#9332 = CARTESIAN_POINT('',(6.28318530718,-0.));
#9333 = VECTOR('',#9334,1.);
#9334 = DIRECTION('',(0.,1.));
#9335 = ( GEOMETRIC_REPRESENTATION_CONTEXT(2) 
PARAMETRIC_REPRESENTATION_CONTEXT() REPRESENTATION_CONTEXT('2D SPACE',''
  ) );
#9336 = PCURVE('',#9297,#9337);
#9337 = DEFINITIONAL_REPRESENTATION('',(#9338),#9342);
#9338 = LINE('',#9339,#9340);
#9339 = CARTESIAN_POINT('',(0.,-0.));
#9340 = VECTOR('',#9341,1.);
#9341 = DIRECTION('',(0.,1.));
#9342 = ( GEOMETRIC_REPRESENTATION_CONTEXT(2) 
PARAMETRIC_REPRESENTATION_CONTEXT() REPRESENTATION_CONTEXT('2D SPACE',''
  ) );
#9343 = ORIENTED_EDGE('',*,*,#9344,.T.);
#9344 = EDGE_CURVE('',#9322,#9322,#9345,.T.);
#9345 = SURFACE_CURVE('',#9346,(#9351,#9358),.PCURVE_S1.);
#9346 = CIRCLE('',#9347,4.);
#9347 = AXIS2_PLACEMENT_3D('',#9348,#9349,#9350);
#9348 = CARTESIAN_POINT('',(180.,-74.,203.));
#9349 = DIRECTION('',(0.,-1.,2.22044604925E-16));
#9350 = DIRECTION('',(1.,0.,0.));
#9351 = PCURVE('',#9297,#9352);
#9352 = DEFINITIONAL_REPRESENTATION('',(#9353),#9357);
#9353 = LINE('',#9354,#9355);
#9354 = CARTESIAN_POINT('',(0.,0.));
#9355 = VECTOR('',#9356,1.);
#9356 = DIRECTION('',(1.,0.));
#9357 = ( GEOMETRIC_REPRESENTATION_CONTEXT(2) 
PARAMETRIC_REPRESENTATION_CONTEXT() REPRESENTATION_CONTEXT('2D SPACE',''
  ) );
#9358 = PCURVE('',#9359,#9364);
#9359 = PLANE('',#9360);
#9360 = AXIS2_PLACEMENT_3D('',#9361,#9362,#9363);
#9361 = CARTESIAN_POINT('',(180.,-74.,203.));
#9362 = DIRECTION('',(0.,-1.,2.22044604925E-16));
#9363 = DIRECTION('',(1.,0.,0.));
#9364 = DEFINITIONAL_REPRESENTATION('',(#9365),#9369);
#9365 = CIRCLE('',#9366,4.);
#9366 = AXIS2_PLACEMENT_2D('',#9367,#9368);
#9367 = CARTESIAN_POINT('',(0.,0.));
#9368 = DIRECTION('',(1.,0.));
#9369 = ( GEOMETRIC_REPRESENTATION_CONTEXT(2) 
PARAMETRIC_REPRESENTATION_CONTEXT() REPRESENTATION_CONTEXT('2D SPACE',''
  ) );
#9370 = ORIENTED_EDGE('',*,*,#9321,.T.);
#9371 = ADVANCED_FACE('',(#9372),#9309,.T.);
#9372 = FACE_BOUND('',#9373,.T.);
#9373 = EDGE_LOOP('',(#9374));
#9374 = ORIENTED_EDGE('',*,*,#9287,.T.);
#9375 = ADVANCED_FACE('',(#9376),#9359,.F.);
#9376 = FACE_BOUND('',#9377,.T.);
#9377 = EDGE_LOOP('',(#9378));
#9378 = ORIENTED_EDGE('',*,*,#9344,.F.);
#9379 = MANIFOLD_SOLID_BREP('',#9380);
#9380 = CLOSED_SHELL('',(#9381,#9469,#9473));
#9381 = ADVANCED_FACE('',(#9382),#9395,.T.);
#9382 = FACE_BOUND('',#9383,.T.);
#9383 = EDGE_LOOP('',(#9384,#9418,#9441,#9468));
#9384 = ORIENTED_EDGE('',*,*,#9385,.F.);
#9385 = EDGE_CURVE('',#9386,#9386,#9388,.T.);
#9386 = VERTEX_POINT('',#9387);
#9387 = CARTESIAN_POINT('',(184.,-100.,257.));
#9388 = SURFACE_CURVE('',#9389,(#9394,#9406),.PCURVE_S1.);
#9389 = CIRCLE('',#9390,4.);
#9390 = AXIS2_PLACEMENT_3D('',#9391,#9392,#9393);
#9391 = CARTESIAN_POINT('',(180.,-100.,257.));
#9392 = DIRECTION('',(0.,-1.,2.22044604925E-16));
#9393 = DIRECTION('',(1.,0.,0.));
#9394 = PCURVE('',#9395,#9400);
#9395 = CYLINDRICAL_SURFACE('',#9396,4.);
#9396 = AXIS2_PLACEMENT_3D('',#9397,#9398,#9399);
#9397 = CARTESIAN_POINT('',(180.,-74.,257.));
#9398 = DIRECTION('',(0.,-1.,2.22044604925E-16));
#9399 = DIRECTION('',(1.,0.,0.));
#9400 = DEFINITIONAL_REPRESENTATION('',(#9401),#9405);
#9401 = LINE('',#9402,#9403);
#9402 = CARTESIAN_POINT('',(0.,26.));
#9403 = VECTOR('',#9404,1.);
#9404 = DIRECTION('',(1.,0.));
#9405 = ( GEOMETRIC_REPRESENTATION_CONTEXT(2) 
PARAMETRIC_REPRESENTATION_CONTEXT() REPRESENTATION_CONTEXT('2D SPACE',''
  ) );
#9406 = PCURVE('',#9407,#9412);
#9407 = PLANE('',#9408);
#9408 = AXIS2_PLACEMENT_3D('',#9409,#9410,#9411);
#9409 = CARTESIAN_POINT('',(180.,-100.,257.));
#9410 = DIRECTION('',(0.,-1.,2.22044604925E-16));
#9411 = DIRECTION('',(1.,0.,0.));
#9412 = DEFINITIONAL_REPRESENTATION('',(#9413),#9417);
#9413 = CIRCLE('',#9414,4.);
#9414 = AXIS2_PLACEMENT_2D('',#9415,#9416);
#9415 = CARTESIAN_POINT('',(0.,0.));
#9416 = DIRECTION('',(1.,0.));
#9417 = ( GEOMETRIC_REPRESENTATION_CONTEXT(2) 
PARAMETRIC_REPRESENTATION_CONTEXT() REPRESENTATION_CONTEXT('2D SPACE',''
  ) );
#9418 = ORIENTED_EDGE('',*,*,#9419,.F.);
#9419 = EDGE_CURVE('',#9420,#9386,#9422,.T.);
#9420 = VERTEX_POINT('',#9421);
#9421 = CARTESIAN_POINT('',(184.,-74.,257.));
#9422 = SEAM_CURVE('',#9423,(#9427,#9434),.PCURVE_S1.);
#9423 = LINE('',#9424,#9425);
#9424 = CARTESIAN_POINT('',(184.,-74.,257.));
#9425 = VECTOR('',#9426,1.);
#9426 = DIRECTION('',(0.,-1.,2.22044604925E-16));
#9427 = PCURVE('',#9395,#9428);
#9428 = DEFINITIONAL_REPRESENTATION('',(#9429),#9433);
#9429 = LINE('',#9430,#9431);
#9430 = CARTESIAN_POINT('',(6.28318530718,-0.));
#9431 = VECTOR('',#9432,1.);
#9432 = DIRECTION('',(0.,1.));
#9433 = ( GEOMETRIC_REPRESENTATION_CONTEXT(2) 
PARAMETRIC_REPRESENTATION_CONTEXT() REPRESENTATION_CONTEXT('2D SPACE',''
  ) );
#9434 = PCURVE('',#9395,#9435);
#9435 = DEFINITIONAL_REPRESENTATION('',(#9436),#9440);
#9436 = LINE('',#9437,#9438);
#9437 = CARTESIAN_POINT('',(0.,-0.));
#9438 = VECTOR('',#9439,1.);
#9439 = DIRECTION('',(0.,1.));
#9440 = ( GEOMETRIC_REPRESENTATION_CONTEXT(2) 
PARAMETRIC_REPRESENTATION_CONTEXT() REPRESENTATION_CONTEXT('2D SPACE',''
  ) );
#9441 = ORIENTED_EDGE('',*,*,#9442,.T.);
#9442 = EDGE_CURVE('',#9420,#9420,#9443,.T.);
#9443 = SURFACE_CURVE('',#9444,(#9449,#9456),.PCURVE_S1.);
#9444 = CIRCLE('',#9445,4.);
#9445 = AXIS2_PLACEMENT_3D('',#9446,#9447,#9448);
#9446 = CARTESIAN_POINT('',(180.,-74.,257.));
#9447 = DIRECTION('',(0.,-1.,2.22044604925E-16));
#9448 = DIRECTION('',(1.,0.,0.));
#9449 = PCURVE('',#9395,#9450);
#9450 = DEFINITIONAL_REPRESENTATION('',(#9451),#9455);
#9451 = LINE('',#9452,#9453);
#9452 = CARTESIAN_POINT('',(0.,0.));
#9453 = VECTOR('',#9454,1.);
#9454 = DIRECTION('',(1.,0.));
#9455 = ( GEOMETRIC_REPRESENTATION_CONTEXT(2) 
PARAMETRIC_REPRESENTATION_CONTEXT() REPRESENTATION_CONTEXT('2D SPACE',''
  ) );
#9456 = PCURVE('',#9457,#9462);
#9457 = PLANE('',#9458);
#9458 = AXIS2_PLACEMENT_3D('',#9459,#9460,#9461);
#9459 = CARTESIAN_POINT('',(180.,-74.,257.));
#9460 = DIRECTION('',(0.,-1.,2.22044604925E-16));
#9461 = DIRECTION('',(1.,0.,0.));
#9462 = DEFINITIONAL_REPRESENTATION('',(#9463),#9467);
#9463 = CIRCLE('',#9464,4.);
#9464 = AXIS2_PLACEMENT_2D('',#9465,#9466);
#9465 = CARTESIAN_POINT('',(0.,0.));
#9466 = DIRECTION('',(1.,0.));
#9467 = ( GEOMETRIC_REPRESENTATION_CONTEXT(2) 
PARAMETRIC_REPRESENTATION_CONTEXT() REPRESENTATION_CONTEXT('2D SPACE',''
  ) );
#9468 = ORIENTED_EDGE('',*,*,#9419,.T.);
#9469 = ADVANCED_FACE('',(#9470),#9407,.T.);
#9470 = FACE_BOUND('',#9471,.T.);
#9471 = EDGE_LOOP('',(#9472));
#9472 = ORIENTED_EDGE('',*,*,#9385,.T.);
#9473 = ADVANCED_FACE('',(#9474),#9457,.F.);
#9474 = FACE_BOUND('',#9475,.T.);
#9475 = EDGE_LOOP('',(#9476));
#9476 = ORIENTED_EDGE('',*,*,#9442,.F.);
#9477 = ( GEOMETRIC_REPRESENTATION_CONTEXT(3) 
GLOBAL_UNCERTAINTY_ASSIGNED_CONTEXT((#9481)) 
GLOBAL_UNIT_ASSIGNED_CONTEXT((#9478,#9479,#9480)) REPRESENTATION_CONTEXT
('Context #1','3D Context with UNIT and UNCERTAINTY') );
#9478 = ( LENGTH_UNIT() NAMED_UNIT(*) SI_UNIT(.MILLI.,.METRE.) );
#9479 = ( NAMED_UNIT(*) PLANE_ANGLE_UNIT() SI_UNIT($,.RADIAN.) );
#9480 = ( NAMED_UNIT(*) SI_UNIT($,.STERADIAN.) SOLID_ANGLE_UNIT() );
#9481 = UNCERTAINTY_MEASURE_WITH_UNIT(LENGTH_MEASURE(1.E-07),#9478,
  'distance_accuracy_value','confusion accuracy');
#9482 = CONTEXT_DEPENDENT_SHAPE_REPRESENTATION(#9483,#9485);
#9483 = ( REPRESENTATION_RELATIONSHIP('','',#9084,#10) 
REPRESENTATION_RELATIONSHIP_WITH_TRANSFORMATION(#9484) 
SHAPE_REPRESENTATION_RELATIONSHIP() );
#9484 = ITEM_DEFINED_TRANSFORMATION('','',#11,#55);
#9485 = PRODUCT_DEFINITION_SHAPE('Placement','Placement of an item',
  #9486);
#9486 = NEXT_ASSEMBLY_USAGE_OCCURRENCE('47','=>[0:1:1:12]','',#5,#9079,$
  );
#9487 = PRODUCT_RELATED_PRODUCT_CATEGORY('part',$,(#9081));
#9488 = SHAPE_DEFINITION_REPRESENTATION(#9489,#9495);
#9489 = PRODUCT_DEFINITION_SHAPE('','',#9490);
#9490 = PRODUCT_DEFINITION('design','',#9491,#9494);
#9491 = PRODUCT_DEFINITION_FORMATION('','',#9492);
#9492 = PRODUCT('COMPOUND','COMPOUND','',(#9493));
#9493 = PRODUCT_CONTEXT('',#2,'mechanical');
#9494 = PRODUCT_DEFINITION_CONTEXT('part definition',#2,'design');
#9495 = ADVANCED_BREP_SHAPE_REPRESENTATION('',(#11,#9496),#10200);
#9496 = MANIFOLD_SOLID_BREP('',#9497);
#9497 = CLOSED_SHELL('',(#9498,#9706,#9741,#9771,#9875,#9934,#10006,
    #10033,#10060,#10132,#10139,#10196));
#9498 = ADVANCED_FACE('',(#9499,#9586),#9513,.T.);
#9499 = FACE_BOUND('',#9500,.T.);
#9500 = EDGE_LOOP('',(#9501,#9531,#9558,#9559));
#9501 = ORIENTED_EDGE('',*,*,#9502,.T.);
#9502 = EDGE_CURVE('',#9503,#9505,#9507,.T.);
#9503 = VERTEX_POINT('',#9504);
#9504 = CARTESIAN_POINT('',(194.,-94.,230.));
#9505 = VERTEX_POINT('',#9506);
#9506 = CARTESIAN_POINT('',(194.,-108.,230.));
#9507 = SEAM_CURVE('',#9508,(#9512,#9524),.PCURVE_S1.);
#9508 = LINE('',#9509,#9510);
#9509 = CARTESIAN_POINT('',(194.,-94.,230.));
#9510 = VECTOR('',#9511,1.);
#9511 = DIRECTION('',(0.,-1.,2.22044604925E-16));
#9512 = PCURVE('',#9513,#9518);
#9513 = CYLINDRICAL_SURFACE('',#9514,14.);
#9514 = AXIS2_PLACEMENT_3D('',#9515,#9516,#9517);
#9515 = CARTESIAN_POINT('',(180.,-94.,230.));
#9516 = DIRECTION('',(0.,-1.,2.22044604925E-16));
#9517 = DIRECTION('',(1.,0.,0.));
#9518 = DEFINITIONAL_REPRESENTATION('',(#9519),#9523);
#9519 = LINE('',#9520,#9521);
#9520 = CARTESIAN_POINT('',(6.28318530718,-0.));
#9521 = VECTOR('',#9522,1.);
#9522 = DIRECTION('',(0.,1.));
#9523 = ( GEOMETRIC_REPRESENTATION_CONTEXT(2) 
PARAMETRIC_REPRESENTATION_CONTEXT() REPRESENTATION_CONTEXT('2D SPACE',''
  ) );
#9524 = PCURVE('',#9513,#9525);
#9525 = DEFINITIONAL_REPRESENTATION('',(#9526),#9530);
#9526 = LINE('',#9527,#9528);
#9527 = CARTESIAN_POINT('',(0.,-0.));
#9528 = VECTOR('',#9529,1.);
#9529 = DIRECTION('',(0.,1.));
#9530 = ( GEOMETRIC_REPRESENTATION_CONTEXT(2) 
PARAMETRIC_REPRESENTATION_CONTEXT() REPRESENTATION_CONTEXT('2D SPACE',''
  ) );
#9531 = ORIENTED_EDGE('',*,*,#9532,.F.);
#9532 = EDGE_CURVE('',#9505,#9505,#9533,.T.);
#9533 = SURFACE_CURVE('',#9534,(#9539,#9546),.PCURVE_S1.);
#9534 = CIRCLE('',#9535,14.);
#9535 = AXIS2_PLACEMENT_3D('',#9536,#9537,#9538);
#9536 = CARTESIAN_POINT('',(180.,-108.,230.));
#9537 = DIRECTION('',(0.,-1.,2.22044604925E-16));
#9538 = DIRECTION('',(1.,0.,0.));
#9539 = PCURVE('',#9513,#9540);
#9540 = DEFINITIONAL_REPRESENTATION('',(#9541),#9545);
#9541 = LINE('',#9542,#9543);
#9542 = CARTESIAN_POINT('',(0.,14.));
#9543 = VECTOR('',#9544,1.);
#9544 = DIRECTION('',(1.,0.));
#9545 = ( GEOMETRIC_REPRESENTATION_CONTEXT(2) 
PARAMETRIC_REPRESENTATION_CONTEXT() REPRESENTATION_CONTEXT('2D SPACE',''
  ) );
#9546 = PCURVE('',#9547,#9552);
#9547 = PLANE('',#9548);
#9548 = AXIS2_PLACEMENT_3D('',#9549,#9550,#9551);
#9549 = CARTESIAN_POINT('',(180.,-108.,230.));
#9550 = DIRECTION('',(0.,-1.,2.22044604925E-16));
#9551 = DIRECTION('',(1.,0.,0.));
#9552 = DEFINITIONAL_REPRESENTATION('',(#9553),#9557);
#9553 = CIRCLE('',#9554,14.);
#9554 = AXIS2_PLACEMENT_2D('',#9555,#9556);
#9555 = CARTESIAN_POINT('',(0.,0.));
#9556 = DIRECTION('',(1.,0.));
#9557 = ( GEOMETRIC_REPRESENTATION_CONTEXT(2) 
PARAMETRIC_REPRESENTATION_CONTEXT() REPRESENTATION_CONTEXT('2D SPACE',''
  ) );
#9558 = ORIENTED_EDGE('',*,*,#9502,.F.);
#9559 = ORIENTED_EDGE('',*,*,#9560,.T.);
#9560 = EDGE_CURVE('',#9503,#9503,#9561,.T.);
#9561 = SURFACE_CURVE('',#9562,(#9567,#9574),.PCURVE_S1.);
#9562 = CIRCLE('',#9563,14.);
#9563 = AXIS2_PLACEMENT_3D('',#9564,#9565,#9566);
#9564 = CARTESIAN_POINT('',(180.,-94.,230.));
#9565 = DIRECTION('',(0.,-1.,2.22044604925E-16));
#9566 = DIRECTION('',(1.,0.,0.));
#9567 = PCURVE('',#9513,#9568);
#9568 = DEFINITIONAL_REPRESENTATION('',(#9569),#9573);
#9569 = LINE('',#9570,#9571);
#9570 = CARTESIAN_POINT('',(0.,0.));
#9571 = VECTOR('',#9572,1.);
#9572 = DIRECTION('',(1.,0.));
#9573 = ( GEOMETRIC_REPRESENTATION_CONTEXT(2) 
PARAMETRIC_REPRESENTATION_CONTEXT() REPRESENTATION_CONTEXT('2D SPACE',''
  ) );
#9574 = PCURVE('',#9575,#9580);
#9575 = PLANE('',#9576);
#9576 = AXIS2_PLACEMENT_3D('',#9577,#9578,#9579);
#9577 = CARTESIAN_POINT('',(180.,-94.,230.));
#9578 = DIRECTION('',(0.,-1.,2.22044604925E-16));
#9579 = DIRECTION('',(1.,0.,0.));
#9580 = DEFINITIONAL_REPRESENTATION('',(#9581),#9585);
#9581 = CIRCLE('',#9582,14.);
#9582 = AXIS2_PLACEMENT_2D('',#9583,#9584);
#9583 = CARTESIAN_POINT('',(0.,0.));
#9584 = DIRECTION('',(1.,0.));
#9585 = ( GEOMETRIC_REPRESENTATION_CONTEXT(2) 
PARAMETRIC_REPRESENTATION_CONTEXT() REPRESENTATION_CONTEXT('2D SPACE',''
  ) );
#9586 = FACE_BOUND('',#9587,.T.);
#9587 = EDGE_LOOP('',(#9588,#9616,#9649,#9675));
#9588 = ORIENTED_EDGE('',*,*,#9589,.F.);
#9589 = EDGE_CURVE('',#9590,#9592,#9594,.T.);
#9590 = VERTEX_POINT('',#9591);
#9591 = CARTESIAN_POINT('',(174.,-100.,242.64911064067));
#9592 = VERTEX_POINT('',#9593);
#9593 = CARTESIAN_POINT('',(174.,-106.,242.64911064067));
#9594 = SURFACE_CURVE('',#9595,(#9599,#9605),.PCURVE_S1.);
#9595 = LINE('',#9596,#9597);
#9596 = CARTESIAN_POINT('',(174.,-94.,242.64911064067));
#9597 = VECTOR('',#9598,1.);
#9598 = DIRECTION('',(0.,-1.,2.22044604925E-16));
#9599 = PCURVE('',#9513,#9600);
#9600 = DEFINITIONAL_REPRESENTATION('',(#9601),#9604);
#9601 = B_SPLINE_CURVE_WITH_KNOTS('',1,(#9602,#9603),.UNSPECIFIED.,.F.,
  .F.,(2,2),(5.4,12.6),.PIECEWISE_BEZIER_KNOTS.);
#9602 = CARTESIAN_POINT('',(2.013707370869,5.4));
#9603 = CARTESIAN_POINT('',(2.013707370869,12.6));
#9604 = ( GEOMETRIC_REPRESENTATION_CONTEXT(2) 
PARAMETRIC_REPRESENTATION_CONTEXT() REPRESENTATION_CONTEXT('2D SPACE',''
  ) );
#9605 = PCURVE('',#9606,#9611);
#9606 = PLANE('',#9607);
#9607 = AXIS2_PLACEMENT_3D('',#9608,#9609,#9610);
#9608 = CARTESIAN_POINT('',(174.,-106.,242.));
#9609 = DIRECTION('',(1.,0.,-0.));
#9610 = DIRECTION('',(0.,0.,1.));
#9611 = DEFINITIONAL_REPRESENTATION('',(#9612),#9615);
#9612 = B_SPLINE_CURVE_WITH_KNOTS('',1,(#9613,#9614),.UNSPECIFIED.,.F.,
  .F.,(2,2),(5.4,12.6),.PIECEWISE_BEZIER_KNOTS.);
#9613 = CARTESIAN_POINT('',(0.649110640674,-6.6));
#9614 = CARTESIAN_POINT('',(0.649110640674,0.6));
#9615 = ( GEOMETRIC_REPRESENTATION_CONTEXT(2) 
PARAMETRIC_REPRESENTATION_CONTEXT() REPRESENTATION_CONTEXT('2D SPACE',''
  ) );
#9616 = ORIENTED_EDGE('',*,*,#9617,.F.);
#9617 = EDGE_CURVE('',#9618,#9590,#9620,.T.);
#9618 = VERTEX_POINT('',#9619);
#9619 = CARTESIAN_POINT('',(186.,-100.,242.64911064067));
#9620 = SURFACE_CURVE('',#9621,(#9626,#9633),.PCURVE_S1.);
#9621 = CIRCLE('',#9622,14.);
#9622 = AXIS2_PLACEMENT_3D('',#9623,#9624,#9625);
#9623 = CARTESIAN_POINT('',(180.,-100.,230.));
#9624 = DIRECTION('',(0.,-1.,2.22044604925E-16));
#9625 = DIRECTION('',(1.,0.,0.));
#9626 = PCURVE('',#9513,#9627);
#9627 = DEFINITIONAL_REPRESENTATION('',(#9628),#9632);
#9628 = LINE('',#9629,#9630);
#9629 = CARTESIAN_POINT('',(0.,6.));
#9630 = VECTOR('',#9631,1.);
#9631 = DIRECTION('',(1.,0.));
#9632 = ( GEOMETRIC_REPRESENTATION_CONTEXT(2) 
PARAMETRIC_REPRESENTATION_CONTEXT() REPRESENTATION_CONTEXT('2D SPACE',''
  ) );
#9633 = PCURVE('',#9634,#9639);
#9634 = PLANE('',#9635);
#9635 = AXIS2_PLACEMENT_3D('',#9636,#9637,#9638);
#9636 = CARTESIAN_POINT('',(174.,-100.,242.));
#9637 = DIRECTION('',(-0.,1.,0.));
#9638 = DIRECTION('',(0.,0.,1.));
#9639 = DEFINITIONAL_REPRESENTATION('',(#9640),#9648);
#9640 = ( BOUNDED_CURVE() B_SPLINE_CURVE(2,(#9641,#9642,#9643,#9644,
#9645,#9646,#9647),.UNSPECIFIED.,.T.,.F.) B_SPLINE_CURVE_WITH_KNOTS((1,2
    ,2,2,2,1),(-2.094395102393,0.,2.094395102393,4.188790204786,
6.28318530718,8.377580409573),.UNSPECIFIED.) CURVE() 
GEOMETRIC_REPRESENTATION_ITEM() RATIONAL_B_SPLINE_CURVE((1.,0.5,1.,0.5,
1.,0.5,1.)) REPRESENTATION_ITEM('') );
#9641 = CARTESIAN_POINT('',(-12.,20.));
#9642 = CARTESIAN_POINT('',(12.248711305964,20.));
#9643 = CARTESIAN_POINT('',(0.124355652982,-1.));
#9644 = CARTESIAN_POINT('',(-12.,-22.));
#9645 = CARTESIAN_POINT('',(-24.12435565298,-1.));
#9646 = CARTESIAN_POINT('',(-36.24871130596,20.));
#9647 = CARTESIAN_POINT('',(-12.,20.));
#9648 = ( GEOMETRIC_REPRESENTATION_CONTEXT(2) 
PARAMETRIC_REPRESENTATION_CONTEXT() REPRESENTATION_CONTEXT('2D SPACE',''
  ) );
#9649 = ORIENTED_EDGE('',*,*,#9650,.T.);
#9650 = EDGE_CURVE('',#9618,#9651,#9653,.T.);
#9651 = VERTEX_POINT('',#9652);
#9652 = CARTESIAN_POINT('',(186.,-106.,242.64911064067));
#9653 = SURFACE_CURVE('',#9654,(#9658,#9664),.PCURVE_S1.);
#9654 = LINE('',#9655,#9656);
#9655 = CARTESIAN_POINT('',(186.,-94.,242.64911064067));
#9656 = VECTOR('',#9657,1.);
#9657 = DIRECTION('',(0.,-1.,2.22044604925E-16));
#9658 = PCURVE('',#9513,#9659);
#9659 = DEFINITIONAL_REPRESENTATION('',(#9660),#9663);
#9660 = B_SPLINE_CURVE_WITH_KNOTS('',1,(#9661,#9662),.UNSPECIFIED.,.F.,
  .F.,(2,2),(5.4,12.6),.PIECEWISE_BEZIER_KNOTS.);
#9661 = CARTESIAN_POINT('',(1.127885282721,5.4));
#9662 = CARTESIAN_POINT('',(1.127885282721,12.6));
#9663 = ( GEOMETRIC_REPRESENTATION_CONTEXT(2) 
PARAMETRIC_REPRESENTATION_CONTEXT() REPRESENTATION_CONTEXT('2D SPACE',''
  ) );
#9664 = PCURVE('',#9665,#9670);
#9665 = PLANE('',#9666);
#9666 = AXIS2_PLACEMENT_3D('',#9667,#9668,#9669);
#9667 = CARTESIAN_POINT('',(186.,-106.,242.));
#9668 = DIRECTION('',(1.,0.,-0.));
#9669 = DIRECTION('',(0.,0.,1.));
#9670 = DEFINITIONAL_REPRESENTATION('',(#9671),#9674);
#9671 = B_SPLINE_CURVE_WITH_KNOTS('',1,(#9672,#9673),.UNSPECIFIED.,.F.,
  .F.,(2,2),(5.4,12.6),.PIECEWISE_BEZIER_KNOTS.);
#9672 = CARTESIAN_POINT('',(0.649110640674,-6.6));
#9673 = CARTESIAN_POINT('',(0.649110640674,0.6));
#9674 = ( GEOMETRIC_REPRESENTATION_CONTEXT(2) 
PARAMETRIC_REPRESENTATION_CONTEXT() REPRESENTATION_CONTEXT('2D SPACE',''
  ) );
#9675 = ORIENTED_EDGE('',*,*,#9676,.T.);
#9676 = EDGE_CURVE('',#9651,#9592,#9677,.T.);
#9677 = SURFACE_CURVE('',#9678,(#9683,#9690),.PCURVE_S1.);
#9678 = CIRCLE('',#9679,14.);
#9679 = AXIS2_PLACEMENT_3D('',#9680,#9681,#9682);
#9680 = CARTESIAN_POINT('',(180.,-106.,230.));
#9681 = DIRECTION('',(0.,-1.,2.22044604925E-16));
#9682 = DIRECTION('',(1.,0.,0.));
#9683 = PCURVE('',#9513,#9684);
#9684 = DEFINITIONAL_REPRESENTATION('',(#9685),#9689);
#9685 = LINE('',#9686,#9687);
#9686 = CARTESIAN_POINT('',(0.,12.));
#9687 = VECTOR('',#9688,1.);
#9688 = DIRECTION('',(1.,0.));
#9689 = ( GEOMETRIC_REPRESENTATION_CONTEXT(2) 
PARAMETRIC_REPRESENTATION_CONTEXT() REPRESENTATION_CONTEXT('2D SPACE',''
  ) );
#9690 = PCURVE('',#9691,#9696);
#9691 = PLANE('',#9692);
#9692 = AXIS2_PLACEMENT_3D('',#9693,#9694,#9695);
#9693 = CARTESIAN_POINT('',(174.,-106.,242.));
#9694 = DIRECTION('',(-0.,1.,0.));
#9695 = DIRECTION('',(0.,0.,1.));
#9696 = DEFINITIONAL_REPRESENTATION('',(#9697),#9705);
#9697 = ( BOUNDED_CURVE() B_SPLINE_CURVE(2,(#9698,#9699,#9700,#9701,
#9702,#9703,#9704),.UNSPECIFIED.,.T.,.F.) B_SPLINE_CURVE_WITH_KNOTS((1,2
    ,2,2,2,1),(-2.094395102393,0.,2.094395102393,4.188790204786,
6.28318530718,8.377580409573),.UNSPECIFIED.) CURVE() 
GEOMETRIC_REPRESENTATION_ITEM() RATIONAL_B_SPLINE_CURVE((1.,0.5,1.,0.5,
1.,0.5,1.)) REPRESENTATION_ITEM('') );
#9698 = CARTESIAN_POINT('',(-12.,20.));
#9699 = CARTESIAN_POINT('',(12.248711305964,20.));
#9700 = CARTESIAN_POINT('',(0.124355652982,-1.));
#9701 = CARTESIAN_POINT('',(-12.,-22.));
#9702 = CARTESIAN_POINT('',(-24.12435565298,-1.));
#9703 = CARTESIAN_POINT('',(-36.24871130596,20.));
#9704 = CARTESIAN_POINT('',(-12.,20.));
#9705 = ( GEOMETRIC_REPRESENTATION_CONTEXT(2) 
PARAMETRIC_REPRESENTATION_CONTEXT() REPRESENTATION_CONTEXT('2D SPACE',''
  ) );
#9706 = ADVANCED_FACE('',(#9707,#9710),#9575,.F.);
#9707 = FACE_BOUND('',#9708,.F.);
#9708 = EDGE_LOOP('',(#9709));
#9709 = ORIENTED_EDGE('',*,*,#9560,.T.);
#9710 = FACE_BOUND('',#9711,.F.);
#9711 = EDGE_LOOP('',(#9712));
#9712 = ORIENTED_EDGE('',*,*,#9713,.F.);
#9713 = EDGE_CURVE('',#9714,#9714,#9716,.T.);
#9714 = VERTEX_POINT('',#9715);
#9715 = CARTESIAN_POINT('',(190.,-94.,230.));
#9716 = SURFACE_CURVE('',#9717,(#9722,#9729),.PCURVE_S1.);
#9717 = CIRCLE('',#9718,10.);
#9718 = AXIS2_PLACEMENT_3D('',#9719,#9720,#9721);
#9719 = CARTESIAN_POINT('',(180.,-94.,230.));
#9720 = DIRECTION('',(0.,-1.,2.22044604925E-16));
#9721 = DIRECTION('',(1.,0.,0.));
#9722 = PCURVE('',#9575,#9723);
#9723 = DEFINITIONAL_REPRESENTATION('',(#9724),#9728);
#9724 = CIRCLE('',#9725,10.);
#9725 = AXIS2_PLACEMENT_2D('',#9726,#9727);
#9726 = CARTESIAN_POINT('',(0.,0.));
#9727 = DIRECTION('',(1.,0.));
#9728 = ( GEOMETRIC_REPRESENTATION_CONTEXT(2) 
PARAMETRIC_REPRESENTATION_CONTEXT() REPRESENTATION_CONTEXT('2D SPACE',''
  ) );
#9729 = PCURVE('',#9730,#9735);
#9730 = CYLINDRICAL_SURFACE('',#9731,10.);
#9731 = AXIS2_PLACEMENT_3D('',#9732,#9733,#9734);
#9732 = CARTESIAN_POINT('',(180.,-93.,230.));
#9733 = DIRECTION('',(0.,-1.,2.22044604925E-16));
#9734 = DIRECTION('',(1.,0.,0.));
#9735 = DEFINITIONAL_REPRESENTATION('',(#9736),#9740);
#9736 = LINE('',#9737,#9738);
#9737 = CARTESIAN_POINT('',(0.,1.));
#9738 = VECTOR('',#9739,1.);
#9739 = DIRECTION('',(1.,0.));
#9740 = ( GEOMETRIC_REPRESENTATION_CONTEXT(2) 
PARAMETRIC_REPRESENTATION_CONTEXT() REPRESENTATION_CONTEXT('2D SPACE',''
  ) );
#9741 = ADVANCED_FACE('',(#9742,#9745),#9547,.T.);
#9742 = FACE_BOUND('',#9743,.T.);
#9743 = EDGE_LOOP('',(#9744));
#9744 = ORIENTED_EDGE('',*,*,#9532,.T.);
#9745 = FACE_BOUND('',#9746,.T.);
#9746 = EDGE_LOOP('',(#9747));
#9747 = ORIENTED_EDGE('',*,*,#9748,.F.);
#9748 = EDGE_CURVE('',#9749,#9749,#9751,.T.);
#9749 = VERTEX_POINT('',#9750);
#9750 = CARTESIAN_POINT('',(190.,-108.,230.));
#9751 = SURFACE_CURVE('',#9752,(#9757,#9764),.PCURVE_S1.);
#9752 = CIRCLE('',#9753,10.);
#9753 = AXIS2_PLACEMENT_3D('',#9754,#9755,#9756);
#9754 = CARTESIAN_POINT('',(180.,-108.,230.));
#9755 = DIRECTION('',(0.,-1.,2.22044604925E-16));
#9756 = DIRECTION('',(1.,0.,0.));
#9757 = PCURVE('',#9547,#9758);
#9758 = DEFINITIONAL_REPRESENTATION('',(#9759),#9763);
#9759 = CIRCLE('',#9760,10.);
#9760 = AXIS2_PLACEMENT_2D('',#9761,#9762);
#9761 = CARTESIAN_POINT('',(0.,0.));
#9762 = DIRECTION('',(1.,0.));
#9763 = ( GEOMETRIC_REPRESENTATION_CONTEXT(2) 
PARAMETRIC_REPRESENTATION_CONTEXT() REPRESENTATION_CONTEXT('2D SPACE',''
  ) );
#9764 = PCURVE('',#9730,#9765);
#9765 = DEFINITIONAL_REPRESENTATION('',(#9766),#9770);
#9766 = LINE('',#9767,#9768);
#9767 = CARTESIAN_POINT('',(0.,15.));
#9768 = VECTOR('',#9769,1.);
#9769 = DIRECTION('',(1.,0.));
#9770 = ( GEOMETRIC_REPRESENTATION_CONTEXT(2) 
PARAMETRIC_REPRESENTATION_CONTEXT() REPRESENTATION_CONTEXT('2D SPACE',''
  ) );
#9771 = ADVANCED_FACE('',(#9772),#9606,.F.);
#9772 = FACE_BOUND('',#9773,.F.);
#9773 = EDGE_LOOP('',(#9774,#9797,#9798,#9821,#9849));
#9774 = ORIENTED_EDGE('',*,*,#9775,.F.);
#9775 = EDGE_CURVE('',#9592,#9776,#9778,.T.);
#9776 = VERTEX_POINT('',#9777);
#9777 = CARTESIAN_POINT('',(174.,-106.,313.2917960675));
#9778 = SURFACE_CURVE('',#9779,(#9783,#9790),.PCURVE_S1.);
#9779 = LINE('',#9780,#9781);
#9780 = CARTESIAN_POINT('',(174.,-106.,242.));
#9781 = VECTOR('',#9782,1.);
#9782 = DIRECTION('',(0.,0.,1.));
#9783 = PCURVE('',#9606,#9784);
#9784 = DEFINITIONAL_REPRESENTATION('',(#9785),#9789);
#9785 = LINE('',#9786,#9787);
#9786 = CARTESIAN_POINT('',(0.,0.));
#9787 = VECTOR('',#9788,1.);
#9788 = DIRECTION('',(1.,0.));
#9789 = ( GEOMETRIC_REPRESENTATION_CONTEXT(2) 
PARAMETRIC_REPRESENTATION_CONTEXT() REPRESENTATION_CONTEXT('2D SPACE',''
  ) );
#9790 = PCURVE('',#9691,#9791);
#9791 = DEFINITIONAL_REPRESENTATION('',(#9792),#9796);
#9792 = LINE('',#9793,#9794);
#9793 = CARTESIAN_POINT('',(0.,0.));
#9794 = VECTOR('',#9795,1.);
#9795 = DIRECTION('',(1.,0.));
#9796 = ( GEOMETRIC_REPRESENTATION_CONTEXT(2) 
PARAMETRIC_REPRESENTATION_CONTEXT() REPRESENTATION_CONTEXT('2D SPACE',''
  ) );
#9797 = ORIENTED_EDGE('',*,*,#9589,.F.);
#9798 = ORIENTED_EDGE('',*,*,#9799,.T.);
#9799 = EDGE_CURVE('',#9590,#9800,#9802,.T.);
#9800 = VERTEX_POINT('',#9801);
#9801 = CARTESIAN_POINT('',(174.,-100.,325.));
#9802 = SURFACE_CURVE('',#9803,(#9807,#9814),.PCURVE_S1.);
#9803 = LINE('',#9804,#9805);
#9804 = CARTESIAN_POINT('',(174.,-100.,242.));
#9805 = VECTOR('',#9806,1.);
#9806 = DIRECTION('',(0.,0.,1.));
#9807 = PCURVE('',#9606,#9808);
#9808 = DEFINITIONAL_REPRESENTATION('',(#9809),#9813);
#9809 = LINE('',#9810,#9811);
#9810 = CARTESIAN_POINT('',(0.,-6.));
#9811 = VECTOR('',#9812,1.);
#9812 = DIRECTION('',(1.,0.));
#9813 = ( GEOMETRIC_REPRESENTATION_CONTEXT(2) 
PARAMETRIC_REPRESENTATION_CONTEXT() REPRESENTATION_CONTEXT('2D SPACE',''
  ) );
#9814 = PCURVE('',#9634,#9815);
#9815 = DEFINITIONAL_REPRESENTATION('',(#9816),#9820);
#9816 = LINE('',#9817,#9818);
#9817 = CARTESIAN_POINT('',(0.,0.));
#9818 = VECTOR('',#9819,1.);
#9819 = DIRECTION('',(1.,0.));
#9820 = ( GEOMETRIC_REPRESENTATION_CONTEXT(2) 
PARAMETRIC_REPRESENTATION_CONTEXT() REPRESENTATION_CONTEXT('2D SPACE',''
  ) );
#9821 = ORIENTED_EDGE('',*,*,#9822,.F.);
#9822 = EDGE_CURVE('',#9823,#9800,#9825,.T.);
#9823 = VERTEX_POINT('',#9824);
#9824 = CARTESIAN_POINT('',(174.,-106.,325.));
#9825 = SURFACE_CURVE('',#9826,(#9830,#9837),.PCURVE_S1.);
#9826 = LINE('',#9827,#9828);
#9827 = CARTESIAN_POINT('',(174.,-106.,325.));
#9828 = VECTOR('',#9829,1.);
#9829 = DIRECTION('',(-0.,1.,0.));
#9830 = PCURVE('',#9606,#9831);
#9831 = DEFINITIONAL_REPRESENTATION('',(#9832),#9836);
#9832 = LINE('',#9833,#9834);
#9833 = CARTESIAN_POINT('',(83.,0.));
#9834 = VECTOR('',#9835,1.);
#9835 = DIRECTION('',(0.,-1.));
#9836 = ( GEOMETRIC_REPRESENTATION_CONTEXT(2) 
PARAMETRIC_REPRESENTATION_CONTEXT() REPRESENTATION_CONTEXT('2D SPACE',''
  ) );
#9837 = PCURVE('',#9838,#9843);
#9838 = PLANE('',#9839);
#9839 = AXIS2_PLACEMENT_3D('',#9840,#9841,#9842);
#9840 = CARTESIAN_POINT('',(174.,-106.,325.));
#9841 = DIRECTION('',(0.,0.,1.));
#9842 = DIRECTION('',(1.,0.,-0.));
#9843 = DEFINITIONAL_REPRESENTATION('',(#9844),#9848);
#9844 = LINE('',#9845,#9846);
#9845 = CARTESIAN_POINT('',(0.,0.));
#9846 = VECTOR('',#9847,1.);
#9847 = DIRECTION('',(0.,1.));
#9848 = ( GEOMETRIC_REPRESENTATION_CONTEXT(2) 
PARAMETRIC_REPRESENTATION_CONTEXT() REPRESENTATION_CONTEXT('2D SPACE',''
  ) );
#9849 = ORIENTED_EDGE('',*,*,#9850,.F.);
#9850 = EDGE_CURVE('',#9776,#9823,#9851,.T.);
#9851 = SURFACE_CURVE('',#9852,(#9856,#9863),.PCURVE_S1.);
#9852 = LINE('',#9853,#9854);
#9853 = CARTESIAN_POINT('',(174.,-106.,242.));
#9854 = VECTOR('',#9855,1.);
#9855 = DIRECTION('',(0.,0.,1.));
#9856 = PCURVE('',#9606,#9857);
#9857 = DEFINITIONAL_REPRESENTATION('',(#9858),#9862);
#9858 = LINE('',#9859,#9860);
#9859 = CARTESIAN_POINT('',(0.,0.));
#9860 = VECTOR('',#9861,1.);
#9861 = DIRECTION('',(1.,0.));
#9862 = ( GEOMETRIC_REPRESENTATION_CONTEXT(2) 
PARAMETRIC_REPRESENTATION_CONTEXT() REPRESENTATION_CONTEXT('2D SPACE',''
  ) );
#9863 = PCURVE('',#9864,#9869);
#9864 = PLANE('',#9865);
#9865 = AXIS2_PLACEMENT_3D('',#9866,#9867,#9868);
#9866 = CARTESIAN_POINT('',(180.,-106.,320.));
#9867 = DIRECTION('',(0.,-1.,2.22044604925E-16));
#9868 = DIRECTION('',(1.,0.,0.));
#9869 = DEFINITIONAL_REPRESENTATION('',(#9870),#9874);
#9870 = LINE('',#9871,#9872);
#9871 = CARTESIAN_POINT('',(-6.,-78.));
#9872 = VECTOR('',#9873,1.);
#9873 = DIRECTION('',(0.,1.));
#9874 = ( GEOMETRIC_REPRESENTATION_CONTEXT(2) 
PARAMETRIC_REPRESENTATION_CONTEXT() REPRESENTATION_CONTEXT('2D SPACE',''
  ) );
#9875 = ADVANCED_FACE('',(#9876),#9691,.F.);
#9876 = FACE_BOUND('',#9877,.F.);
#9877 = EDGE_LOOP('',(#9878,#9901,#9902,#9903));
#9878 = ORIENTED_EDGE('',*,*,#9879,.F.);
#9879 = EDGE_CURVE('',#9651,#9880,#9882,.T.);
#9880 = VERTEX_POINT('',#9881);
#9881 = CARTESIAN_POINT('',(186.,-106.,313.2917960675));
#9882 = SURFACE_CURVE('',#9883,(#9887,#9894),.PCURVE_S1.);
#9883 = LINE('',#9884,#9885);
#9884 = CARTESIAN_POINT('',(186.,-106.,242.));
#9885 = VECTOR('',#9886,1.);
#9886 = DIRECTION('',(0.,0.,1.));
#9887 = PCURVE('',#9691,#9888);
#9888 = DEFINITIONAL_REPRESENTATION('',(#9889),#9893);
#9889 = LINE('',#9890,#9891);
#9890 = CARTESIAN_POINT('',(0.,12.));
#9891 = VECTOR('',#9892,1.);
#9892 = DIRECTION('',(1.,0.));
#9893 = ( GEOMETRIC_REPRESENTATION_CONTEXT(2) 
PARAMETRIC_REPRESENTATION_CONTEXT() REPRESENTATION_CONTEXT('2D SPACE',''
  ) );
#9894 = PCURVE('',#9665,#9895);
#9895 = DEFINITIONAL_REPRESENTATION('',(#9896),#9900);
#9896 = LINE('',#9897,#9898);
#9897 = CARTESIAN_POINT('',(0.,0.));
#9898 = VECTOR('',#9899,1.);
#9899 = DIRECTION('',(1.,0.));
#9900 = ( GEOMETRIC_REPRESENTATION_CONTEXT(2) 
PARAMETRIC_REPRESENTATION_CONTEXT() REPRESENTATION_CONTEXT('2D SPACE',''
  ) );
#9901 = ORIENTED_EDGE('',*,*,#9676,.T.);
#9902 = ORIENTED_EDGE('',*,*,#9775,.T.);
#9903 = ORIENTED_EDGE('',*,*,#9904,.T.);
#9904 = EDGE_CURVE('',#9776,#9880,#9905,.T.);
#9905 = SURFACE_CURVE('',#9906,(#9911,#9922),.PCURVE_S1.);
#9906 = CIRCLE('',#9907,9.);
#9907 = AXIS2_PLACEMENT_3D('',#9908,#9909,#9910);
#9908 = CARTESIAN_POINT('',(180.,-106.,320.));
#9909 = DIRECTION('',(0.,-1.,2.22044604925E-16));
#9910 = DIRECTION('',(1.,0.,0.));
#9911 = PCURVE('',#9691,#9912);
#9912 = DEFINITIONAL_REPRESENTATION('',(#9913),#9921);
#9913 = ( BOUNDED_CURVE() B_SPLINE_CURVE(2,(#9914,#9915,#9916,#9917,
#9918,#9919,#9920),.UNSPECIFIED.,.T.,.F.) B_SPLINE_CURVE_WITH_KNOTS((1,2
    ,2,2,2,1),(-2.094395102393,0.,2.094395102393,4.188790204786,
6.28318530718,8.377580409573),.UNSPECIFIED.) CURVE() 
GEOMETRIC_REPRESENTATION_ITEM() RATIONAL_B_SPLINE_CURVE((1.,0.5,1.,0.5,
1.,0.5,1.)) REPRESENTATION_ITEM('') );
#9914 = CARTESIAN_POINT('',(78.,15.));
#9915 = CARTESIAN_POINT('',(93.58845726812,15.));
#9916 = CARTESIAN_POINT('',(85.79422863406,1.5));
#9917 = CARTESIAN_POINT('',(78.,-12.));
#9918 = CARTESIAN_POINT('',(70.20577136594,1.5));
#9919 = CARTESIAN_POINT('',(62.41154273188,15.));
#9920 = CARTESIAN_POINT('',(78.,15.));
#9921 = ( GEOMETRIC_REPRESENTATION_CONTEXT(2) 
PARAMETRIC_REPRESENTATION_CONTEXT() REPRESENTATION_CONTEXT('2D SPACE',''
  ) );
#9922 = PCURVE('',#9923,#9928);
#9923 = CYLINDRICAL_SURFACE('',#9924,9.);
#9924 = AXIS2_PLACEMENT_3D('',#9925,#9926,#9927);
#9925 = CARTESIAN_POINT('',(180.,-106.,320.));
#9926 = DIRECTION('',(0.,-1.,2.22044604925E-16));
#9927 = DIRECTION('',(1.,0.,0.));
#9928 = DEFINITIONAL_REPRESENTATION('',(#9929),#9933);
#9929 = LINE('',#9930,#9931);
#9930 = CARTESIAN_POINT('',(0.,0.));
#9931 = VECTOR('',#9932,1.);
#9932 = DIRECTION('',(1.,0.));
#9933 = ( GEOMETRIC_REPRESENTATION_CONTEXT(2) 
PARAMETRIC_REPRESENTATION_CONTEXT() REPRESENTATION_CONTEXT('2D SPACE',''
  ) );
#9934 = ADVANCED_FACE('',(#9935),#9665,.T.);
#9935 = FACE_BOUND('',#9936,.T.);
#9936 = EDGE_LOOP('',(#9937,#9938,#9939,#9962,#9985));
#9937 = ORIENTED_EDGE('',*,*,#9879,.F.);
#9938 = ORIENTED_EDGE('',*,*,#9650,.F.);
#9939 = ORIENTED_EDGE('',*,*,#9940,.T.);
#9940 = EDGE_CURVE('',#9618,#9941,#9943,.T.);
#9941 = VERTEX_POINT('',#9942);
#9942 = CARTESIAN_POINT('',(186.,-100.,325.));
#9943 = SURFACE_CURVE('',#9944,(#9948,#9955),.PCURVE_S1.);
#9944 = LINE('',#9945,#9946);
#9945 = CARTESIAN_POINT('',(186.,-100.,242.));
#9946 = VECTOR('',#9947,1.);
#9947 = DIRECTION('',(0.,0.,1.));
#9948 = PCURVE('',#9665,#9949);
#9949 = DEFINITIONAL_REPRESENTATION('',(#9950),#9954);
#9950 = LINE('',#9951,#9952);
#9951 = CARTESIAN_POINT('',(0.,-6.));
#9952 = VECTOR('',#9953,1.);
#9953 = DIRECTION('',(1.,0.));
#9954 = ( GEOMETRIC_REPRESENTATION_CONTEXT(2) 
PARAMETRIC_REPRESENTATION_CONTEXT() REPRESENTATION_CONTEXT('2D SPACE',''
  ) );
#9955 = PCURVE('',#9634,#9956);
#9956 = DEFINITIONAL_REPRESENTATION('',(#9957),#9961);
#9957 = LINE('',#9958,#9959);
#9958 = CARTESIAN_POINT('',(0.,12.));
#9959 = VECTOR('',#9960,1.);
#9960 = DIRECTION('',(1.,0.));
#9961 = ( GEOMETRIC_REPRESENTATION_CONTEXT(2) 
PARAMETRIC_REPRESENTATION_CONTEXT() REPRESENTATION_CONTEXT('2D SPACE',''
  ) );
#9962 = ORIENTED_EDGE('',*,*,#9963,.F.);
#9963 = EDGE_CURVE('',#9964,#9941,#9966,.T.);
#9964 = VERTEX_POINT('',#9965);
#9965 = CARTESIAN_POINT('',(186.,-106.,325.));
#9966 = SURFACE_CURVE('',#9967,(#9971,#9978),.PCURVE_S1.);
#9967 = LINE('',#9968,#9969);
#9968 = CARTESIAN_POINT('',(186.,-106.,325.));
#9969 = VECTOR('',#9970,1.);
#9970 = DIRECTION('',(-0.,1.,0.));
#9971 = PCURVE('',#9665,#9972);
#9972 = DEFINITIONAL_REPRESENTATION('',(#9973),#9977);
#9973 = LINE('',#9974,#9975);
#9974 = CARTESIAN_POINT('',(83.,0.));
#9975 = VECTOR('',#9976,1.);
#9976 = DIRECTION('',(0.,-1.));
#9977 = ( GEOMETRIC_REPRESENTATION_CONTEXT(2) 
PARAMETRIC_REPRESENTATION_CONTEXT() REPRESENTATION_CONTEXT('2D SPACE',''
  ) );
#9978 = PCURVE('',#9838,#9979);
#9979 = DEFINITIONAL_REPRESENTATION('',(#9980),#9984);
#9980 = LINE('',#9981,#9982);
#9981 = CARTESIAN_POINT('',(12.,0.));
#9982 = VECTOR('',#9983,1.);
#9983 = DIRECTION('',(0.,1.));
#9984 = ( GEOMETRIC_REPRESENTATION_CONTEXT(2) 
PARAMETRIC_REPRESENTATION_CONTEXT() REPRESENTATION_CONTEXT('2D SPACE',''
  ) );
#9985 = ORIENTED_EDGE('',*,*,#9986,.F.);
#9986 = EDGE_CURVE('',#9880,#9964,#9987,.T.);
#9987 = SURFACE_CURVE('',#9988,(#9992,#9999),.PCURVE_S1.);
#9988 = LINE('',#9989,#9990);
#9989 = CARTESIAN_POINT('',(186.,-106.,242.));
#9990 = VECTOR('',#9991,1.);
#9991 = DIRECTION('',(0.,0.,1.));
#9992 = PCURVE('',#9665,#9993);
#9993 = DEFINITIONAL_REPRESENTATION('',(#9994),#9998);
#9994 = LINE('',#9995,#9996);
#9995 = CARTESIAN_POINT('',(0.,0.));
#9996 = VECTOR('',#9997,1.);
#9997 = DIRECTION('',(1.,0.));
#9998 = ( GEOMETRIC_REPRESENTATION_CONTEXT(2) 
PARAMETRIC_REPRESENTATION_CONTEXT() REPRESENTATION_CONTEXT('2D SPACE',''
  ) );
#9999 = PCURVE('',#9864,#10000);
#10000 = DEFINITIONAL_REPRESENTATION('',(#10001),#10005);
#10001 = LINE('',#10002,#10003);
#10002 = CARTESIAN_POINT('',(6.,-78.));
#10003 = VECTOR('',#10004,1.);
#10004 = DIRECTION('',(0.,1.));
#10005 = ( GEOMETRIC_REPRESENTATION_CONTEXT(2) 
PARAMETRIC_REPRESENTATION_CONTEXT() REPRESENTATION_CONTEXT('2D SPACE',''
  ) );
#10006 = ADVANCED_FACE('',(#10007),#9634,.T.);
#10007 = FACE_BOUND('',#10008,.T.);
#10008 = EDGE_LOOP('',(#10009,#10010,#10011,#10012));
#10009 = ORIENTED_EDGE('',*,*,#9940,.F.);
#10010 = ORIENTED_EDGE('',*,*,#9617,.T.);
#10011 = ORIENTED_EDGE('',*,*,#9799,.T.);
#10012 = ORIENTED_EDGE('',*,*,#10013,.T.);
#10013 = EDGE_CURVE('',#9800,#9941,#10014,.T.);
#10014 = SURFACE_CURVE('',#10015,(#10019,#10026),.PCURVE_S1.);
#10015 = LINE('',#10016,#10017);
#10016 = CARTESIAN_POINT('',(174.,-100.,325.));
#10017 = VECTOR('',#10018,1.);
#10018 = DIRECTION('',(1.,0.,-0.));
#10019 = PCURVE('',#9634,#10020);
#10020 = DEFINITIONAL_REPRESENTATION('',(#10021),#10025);
#10021 = LINE('',#10022,#10023);
#10022 = CARTESIAN_POINT('',(83.,0.));
#10023 = VECTOR('',#10024,1.);
#10024 = DIRECTION('',(0.,1.));
#10025 = ( GEOMETRIC_REPRESENTATION_CONTEXT(2) 
PARAMETRIC_REPRESENTATION_CONTEXT() REPRESENTATION_CONTEXT('2D SPACE',''
  ) );
#10026 = PCURVE('',#9838,#10027);
#10027 = DEFINITIONAL_REPRESENTATION('',(#10028),#10032);
#10028 = LINE('',#10029,#10030);
#10029 = CARTESIAN_POINT('',(0.,6.));
#10030 = VECTOR('',#10031,1.);
#10031 = DIRECTION('',(1.,0.));
#10032 = ( GEOMETRIC_REPRESENTATION_CONTEXT(2) 
PARAMETRIC_REPRESENTATION_CONTEXT() REPRESENTATION_CONTEXT('2D SPACE',''
  ) );
#10033 = ADVANCED_FACE('',(#10034),#9730,.F.);
#10034 = FACE_BOUND('',#10035,.F.);
#10035 = EDGE_LOOP('',(#10036,#10037,#10058,#10059));
#10036 = ORIENTED_EDGE('',*,*,#9748,.F.);
#10037 = ORIENTED_EDGE('',*,*,#10038,.F.);
#10038 = EDGE_CURVE('',#9714,#9749,#10039,.T.);
#10039 = SEAM_CURVE('',#10040,(#10044,#10051),.PCURVE_S1.);
#10040 = LINE('',#10041,#10042);
#10041 = CARTESIAN_POINT('',(190.,-93.,230.));
#10042 = VECTOR('',#10043,1.);
#10043 = DIRECTION('',(0.,-1.,2.22044604925E-16));
#10044 = PCURVE('',#9730,#10045);
#10045 = DEFINITIONAL_REPRESENTATION('',(#10046),#10050);
#10046 = LINE('',#10047,#10048);
#10047 = CARTESIAN_POINT('',(6.28318530718,-0.));
#10048 = VECTOR('',#10049,1.);
#10049 = DIRECTION('',(0.,1.));
#10050 = ( GEOMETRIC_REPRESENTATION_CONTEXT(2) 
PARAMETRIC_REPRESENTATION_CONTEXT() REPRESENTATION_CONTEXT('2D SPACE',''
  ) );
#10051 = PCURVE('',#9730,#10052);
#10052 = DEFINITIONAL_REPRESENTATION('',(#10053),#10057);
#10053 = LINE('',#10054,#10055);
#10054 = CARTESIAN_POINT('',(0.,-0.));
#10055 = VECTOR('',#10056,1.);
#10056 = DIRECTION('',(0.,1.));
#10057 = ( GEOMETRIC_REPRESENTATION_CONTEXT(2) 
PARAMETRIC_REPRESENTATION_CONTEXT() REPRESENTATION_CONTEXT('2D SPACE',''
  ) );
#10058 = ORIENTED_EDGE('',*,*,#9713,.T.);
#10059 = ORIENTED_EDGE('',*,*,#10038,.T.);
#10060 = ADVANCED_FACE('',(#10061),#9864,.F.);
#10061 = FACE_BOUND('',#10062,.F.);
#10062 = EDGE_LOOP('',(#10063,#10087,#10109,#10110,#10131));
#10063 = ORIENTED_EDGE('',*,*,#10064,.T.);
#10064 = EDGE_CURVE('',#9880,#10065,#10067,.T.);
#10065 = VERTEX_POINT('',#10066);
#10066 = CARTESIAN_POINT('',(189.,-106.,320.));
#10067 = SURFACE_CURVE('',#10068,(#10073,#10080),.PCURVE_S1.);
#10068 = CIRCLE('',#10069,9.);
#10069 = AXIS2_PLACEMENT_3D('',#10070,#10071,#10072);
#10070 = CARTESIAN_POINT('',(180.,-106.,320.));
#10071 = DIRECTION('',(0.,-1.,2.22044604925E-16));
#10072 = DIRECTION('',(1.,0.,0.));
#10073 = PCURVE('',#9864,#10074);
#10074 = DEFINITIONAL_REPRESENTATION('',(#10075),#10079);
#10075 = CIRCLE('',#10076,9.);
#10076 = AXIS2_PLACEMENT_2D('',#10077,#10078);
#10077 = CARTESIAN_POINT('',(0.,0.));
#10078 = DIRECTION('',(1.,0.));
#10079 = ( GEOMETRIC_REPRESENTATION_CONTEXT(2) 
PARAMETRIC_REPRESENTATION_CONTEXT() REPRESENTATION_CONTEXT('2D SPACE',''
  ) );
#10080 = PCURVE('',#9923,#10081);
#10081 = DEFINITIONAL_REPRESENTATION('',(#10082),#10086);
#10082 = LINE('',#10083,#10084);
#10083 = CARTESIAN_POINT('',(0.,0.));
#10084 = VECTOR('',#10085,1.);
#10085 = DIRECTION('',(1.,0.));
#10086 = ( GEOMETRIC_REPRESENTATION_CONTEXT(2) 
PARAMETRIC_REPRESENTATION_CONTEXT() REPRESENTATION_CONTEXT('2D SPACE',''
  ) );
#10087 = ORIENTED_EDGE('',*,*,#10088,.T.);
#10088 = EDGE_CURVE('',#10065,#9776,#10089,.T.);
#10089 = SURFACE_CURVE('',#10090,(#10095,#10102),.PCURVE_S1.);
#10090 = CIRCLE('',#10091,9.);
#10091 = AXIS2_PLACEMENT_3D('',#10092,#10093,#10094);
#10092 = CARTESIAN_POINT('',(180.,-106.,320.));
#10093 = DIRECTION('',(0.,-1.,2.22044604925E-16));
#10094 = DIRECTION('',(1.,0.,0.));
#10095 = PCURVE('',#9864,#10096);
#10096 = DEFINITIONAL_REPRESENTATION('',(#10097),#10101);
#10097 = CIRCLE('',#10098,9.);
#10098 = AXIS2_PLACEMENT_2D('',#10099,#10100);
#10099 = CARTESIAN_POINT('',(0.,0.));
#10100 = DIRECTION('',(1.,0.));
#10101 = ( GEOMETRIC_REPRESENTATION_CONTEXT(2) 
PARAMETRIC_REPRESENTATION_CONTEXT() REPRESENTATION_CONTEXT('2D SPACE',''
  ) );
#10102 = PCURVE('',#9923,#10103);
#10103 = DEFINITIONAL_REPRESENTATION('',(#10104),#10108);
#10104 = LINE('',#10105,#10106);
#10105 = CARTESIAN_POINT('',(0.,0.));
#10106 = VECTOR('',#10107,1.);
#10107 = DIRECTION('',(1.,0.));
#10108 = ( GEOMETRIC_REPRESENTATION_CONTEXT(2) 
PARAMETRIC_REPRESENTATION_CONTEXT() REPRESENTATION_CONTEXT('2D SPACE',''
  ) );
#10109 = ORIENTED_EDGE('',*,*,#9850,.T.);
#10110 = ORIENTED_EDGE('',*,*,#10111,.T.);
#10111 = EDGE_CURVE('',#9823,#9964,#10112,.T.);
#10112 = SURFACE_CURVE('',#10113,(#10117,#10124),.PCURVE_S1.);
#10113 = LINE('',#10114,#10115);
#10114 = CARTESIAN_POINT('',(174.,-106.,325.));
#10115 = VECTOR('',#10116,1.);
#10116 = DIRECTION('',(1.,0.,-0.));
#10117 = PCURVE('',#9864,#10118);
#10118 = DEFINITIONAL_REPRESENTATION('',(#10119),#10123);
#10119 = LINE('',#10120,#10121);
#10120 = CARTESIAN_POINT('',(-6.,5.));
#10121 = VECTOR('',#10122,1.);
#10122 = DIRECTION('',(1.,0.));
#10123 = ( GEOMETRIC_REPRESENTATION_CONTEXT(2) 
PARAMETRIC_REPRESENTATION_CONTEXT() REPRESENTATION_CONTEXT('2D SPACE',''
  ) );
#10124 = PCURVE('',#9838,#10125);
#10125 = DEFINITIONAL_REPRESENTATION('',(#10126),#10130);
#10126 = LINE('',#10127,#10128);
#10127 = CARTESIAN_POINT('',(0.,0.));
#10128 = VECTOR('',#10129,1.);
#10129 = DIRECTION('',(1.,0.));
#10130 = ( GEOMETRIC_REPRESENTATION_CONTEXT(2) 
PARAMETRIC_REPRESENTATION_CONTEXT() REPRESENTATION_CONTEXT('2D SPACE',''
  ) );
#10131 = ORIENTED_EDGE('',*,*,#9986,.F.);
#10132 = ADVANCED_FACE('',(#10133),#9838,.T.);
#10133 = FACE_BOUND('',#10134,.T.);
#10134 = EDGE_LOOP('',(#10135,#10136,#10137,#10138));
#10135 = ORIENTED_EDGE('',*,*,#9822,.F.);
#10136 = ORIENTED_EDGE('',*,*,#10111,.T.);
#10137 = ORIENTED_EDGE('',*,*,#9963,.T.);
#10138 = ORIENTED_EDGE('',*,*,#10013,.F.);
#10139 = ADVANCED_FACE('',(#10140),#9923,.T.);
#10140 = FACE_BOUND('',#10141,.T.);
#10141 = EDGE_LOOP('',(#10142,#10165,#10192,#10193,#10194,#10195));
#10142 = ORIENTED_EDGE('',*,*,#10143,.T.);
#10143 = EDGE_CURVE('',#10065,#10144,#10146,.T.);
#10144 = VERTEX_POINT('',#10145);
#10145 = CARTESIAN_POINT('',(189.,-156.,320.));
#10146 = SEAM_CURVE('',#10147,(#10151,#10158),.PCURVE_S1.);
#10147 = LINE('',#10148,#10149);
#10148 = CARTESIAN_POINT('',(189.,-106.,320.));
#10149 = VECTOR('',#10150,1.);
#10150 = DIRECTION('',(0.,-1.,2.22044604925E-16));
#10151 = PCURVE('',#9923,#10152);
#10152 = DEFINITIONAL_REPRESENTATION('',(#10153),#10157);
#10153 = LINE('',#10154,#10155);
#10154 = CARTESIAN_POINT('',(6.28318530718,-0.));
#10155 = VECTOR('',#10156,1.);
#10156 = DIRECTION('',(0.,1.));
#10157 = ( GEOMETRIC_REPRESENTATION_CONTEXT(2) 
PARAMETRIC_REPRESENTATION_CONTEXT() REPRESENTATION_CONTEXT('2D SPACE',''
  ) );
#10158 = PCURVE('',#9923,#10159);
#10159 = DEFINITIONAL_REPRESENTATION('',(#10160),#10164);
#10160 = LINE('',#10161,#10162);
#10161 = CARTESIAN_POINT('',(0.,-0.));
#10162 = VECTOR('',#10163,1.);
#10163 = DIRECTION('',(0.,1.));
#10164 = ( GEOMETRIC_REPRESENTATION_CONTEXT(2) 
PARAMETRIC_REPRESENTATION_CONTEXT() REPRESENTATION_CONTEXT('2D SPACE',''
  ) );
#10165 = ORIENTED_EDGE('',*,*,#10166,.F.);
#10166 = EDGE_CURVE('',#10144,#10144,#10167,.T.);
#10167 = SURFACE_CURVE('',#10168,(#10173,#10180),.PCURVE_S1.);
#10168 = CIRCLE('',#10169,9.);
#10169 = AXIS2_PLACEMENT_3D('',#10170,#10171,#10172);
#10170 = CARTESIAN_POINT('',(180.,-156.,320.));
#10171 = DIRECTION('',(0.,-1.,2.22044604925E-16));
#10172 = DIRECTION('',(1.,0.,0.));
#10173 = PCURVE('',#9923,#10174);
#10174 = DEFINITIONAL_REPRESENTATION('',(#10175),#10179);
#10175 = LINE('',#10176,#10177);
#10176 = CARTESIAN_POINT('',(0.,50.));
#10177 = VECTOR('',#10178,1.);
#10178 = DIRECTION('',(1.,0.));
#10179 = ( GEOMETRIC_REPRESENTATION_CONTEXT(2) 
PARAMETRIC_REPRESENTATION_CONTEXT() REPRESENTATION_CONTEXT('2D SPACE',''
  ) );
#10180 = PCURVE('',#10181,#10186);
#10181 = PLANE('',#10182);
#10182 = AXIS2_PLACEMENT_3D('',#10183,#10184,#10185);
#10183 = CARTESIAN_POINT('',(180.,-156.,320.));
#10184 = DIRECTION('',(0.,-1.,2.22044604925E-16));
#10185 = DIRECTION('',(1.,0.,0.));
#10186 = DEFINITIONAL_REPRESENTATION('',(#10187),#10191);
#10187 = CIRCLE('',#10188,9.);
#10188 = AXIS2_PLACEMENT_2D('',#10189,#10190);
#10189 = CARTESIAN_POINT('',(0.,0.));
#10190 = DIRECTION('',(1.,0.));
#10191 = ( GEOMETRIC_REPRESENTATION_CONTEXT(2) 
PARAMETRIC_REPRESENTATION_CONTEXT() REPRESENTATION_CONTEXT('2D SPACE',''
  ) );
#10192 = ORIENTED_EDGE('',*,*,#10143,.F.);
#10193 = ORIENTED_EDGE('',*,*,#10088,.T.);
#10194 = ORIENTED_EDGE('',*,*,#9904,.T.);
#10195 = ORIENTED_EDGE('',*,*,#10064,.T.);
#10196 = ADVANCED_FACE('',(#10197),#10181,.T.);
#10197 = FACE_BOUND('',#10198,.T.);
#10198 = EDGE_LOOP('',(#10199));
#10199 = ORIENTED_EDGE('',*,*,#10166,.T.);
#10200 = ( GEOMETRIC_REPRESENTATION_CONTEXT(3) 
GLOBAL_UNCERTAINTY_ASSIGNED_CONTEXT((#10204)) 
GLOBAL_UNIT_ASSIGNED_CONTEXT((#10201,#10202,#10203)) 
REPRESENTATION_CONTEXT('Context #1',
  '3D Context with UNIT and UNCERTAINTY') );
#10201 = ( LENGTH_UNIT() NAMED_UNIT(*) SI_UNIT(.MILLI.,.METRE.) );
#10202 = ( NAMED_UNIT(*) PLANE_ANGLE_UNIT() SI_UNIT($,.RADIAN.) );
#10203 = ( NAMED_UNIT(*) SI_UNIT($,.STERADIAN.) SOLID_ANGLE_UNIT() );
#10204 = UNCERTAINTY_MEASURE_WITH_UNIT(LENGTH_MEASURE(1.E-07),#10201,
  'distance_accuracy_value','confusion accuracy');
#10205 = CONTEXT_DEPENDENT_SHAPE_REPRESENTATION(#10206,#10208);
#10206 = ( REPRESENTATION_RELATIONSHIP('','',#9495,#10) 
REPRESENTATION_RELATIONSHIP_WITH_TRANSFORMATION(#10207) 
SHAPE_REPRESENTATION_RELATIONSHIP() );
#10207 = ITEM_DEFINED_TRANSFORMATION('','',#11,#59);
#10208 = PRODUCT_DEFINITION_SHAPE('Placement','Placement of an item',
  #10209);
#10209 = NEXT_ASSEMBLY_USAGE_OCCURRENCE('48','=>[0:1:1:13]','',#5,#9490,
  $);
#10210 = PRODUCT_RELATED_PRODUCT_CATEGORY('part',$,(#9492));
#10211 = SHAPE_DEFINITION_REPRESENTATION(#10212,#10218);
#10212 = PRODUCT_DEFINITION_SHAPE('','',#10213);
#10213 = PRODUCT_DEFINITION('design','',#10214,#10217);
#10214 = PRODUCT_DEFINITION_FORMATION('','',#10215);
#10215 = PRODUCT('COMPOUND','COMPOUND','',(#10216));
#10216 = PRODUCT_CONTEXT('',#2,'mechanical');
#10217 = PRODUCT_DEFINITION_CONTEXT('part definition',#2,'design');
#10218 = ADVANCED_BREP_SHAPE_REPRESENTATION('',(#11,#10219),#10497);
#10219 = MANIFOLD_SOLID_BREP('',#10220);
#10220 = CLOSED_SHELL('',(#10221,#10309,#10313,#10348,#10403,#10438,
    #10493));
#10221 = ADVANCED_FACE('',(#10222),#10235,.T.);
#10222 = FACE_BOUND('',#10223,.T.);
#10223 = EDGE_LOOP('',(#10224,#10258,#10281,#10308));
#10224 = ORIENTED_EDGE('',*,*,#10225,.F.);
#10225 = EDGE_CURVE('',#10226,#10226,#10228,.T.);
#10226 = VERTEX_POINT('',#10227);
#10227 = CARTESIAN_POINT('',(94.,-98.,130.));
#10228 = SURFACE_CURVE('',#10229,(#10234,#10246),.PCURVE_S1.);
#10229 = CIRCLE('',#10230,14.);
#10230 = AXIS2_PLACEMENT_3D('',#10231,#10232,#10233);
#10231 = CARTESIAN_POINT('',(80.,-98.,130.));
#10232 = DIRECTION('',(0.,-1.,2.22044604925E-16));
#10233 = DIRECTION('',(1.,0.,0.));
#10234 = PCURVE('',#10235,#10240);
#10235 = CYLINDRICAL_SURFACE('',#10236,14.);
#10236 = AXIS2_PLACEMENT_3D('',#10237,#10238,#10239);
#10237 = CARTESIAN_POINT('',(80.,-86.,130.));
#10238 = DIRECTION('',(0.,-1.,2.22044604925E-16));
#10239 = DIRECTION('',(1.,0.,0.));
#10240 = DEFINITIONAL_REPRESENTATION('',(#10241),#10245);
#10241 = LINE('',#10242,#10243);
#10242 = CARTESIAN_POINT('',(0.,12.));
#10243 = VECTOR('',#10244,1.);
#10244 = DIRECTION('',(1.,0.));
#10245 = ( GEOMETRIC_REPRESENTATION_CONTEXT(2) 
PARAMETRIC_REPRESENTATION_CONTEXT() REPRESENTATION_CONTEXT('2D SPACE',''
  ) );
#10246 = PCURVE('',#10247,#10252);
#10247 = PLANE('',#10248);
#10248 = AXIS2_PLACEMENT_3D('',#10249,#10250,#10251);
#10249 = CARTESIAN_POINT('',(80.,-98.,130.));
#10250 = DIRECTION('',(0.,-1.,2.22044604925E-16));
#10251 = DIRECTION('',(1.,0.,0.));
#10252 = DEFINITIONAL_REPRESENTATION('',(#10253),#10257);
#10253 = CIRCLE('',#10254,14.);
#10254 = AXIS2_PLACEMENT_2D('',#10255,#10256);
#10255 = CARTESIAN_POINT('',(0.,0.));
#10256 = DIRECTION('',(1.,0.));
#10257 = ( GEOMETRIC_REPRESENTATION_CONTEXT(2) 
PARAMETRIC_REPRESENTATION_CONTEXT() REPRESENTATION_CONTEXT('2D SPACE',''
  ) );
#10258 = ORIENTED_EDGE('',*,*,#10259,.F.);
#10259 = EDGE_CURVE('',#10260,#10226,#10262,.T.);
#10260 = VERTEX_POINT('',#10261);
#10261 = CARTESIAN_POINT('',(94.,-86.,130.));
#10262 = SEAM_CURVE('',#10263,(#10267,#10274),.PCURVE_S1.);
#10263 = LINE('',#10264,#10265);
#10264 = CARTESIAN_POINT('',(94.,-86.,130.));
#10265 = VECTOR('',#10266,1.);
#10266 = DIRECTION('',(0.,-1.,2.22044604925E-16));
#10267 = PCURVE('',#10235,#10268);
#10268 = DEFINITIONAL_REPRESENTATION('',(#10269),#10273);
#10269 = LINE('',#10270,#10271);
#10270 = CARTESIAN_POINT('',(6.28318530718,-0.));
#10271 = VECTOR('',#10272,1.);
#10272 = DIRECTION('',(0.,1.));
#10273 = ( GEOMETRIC_REPRESENTATION_CONTEXT(2) 
PARAMETRIC_REPRESENTATION_CONTEXT() REPRESENTATION_CONTEXT('2D SPACE',''
  ) );
#10274 = PCURVE('',#10235,#10275);
#10275 = DEFINITIONAL_REPRESENTATION('',(#10276),#10280);
#10276 = LINE('',#10277,#10278);
#10277 = CARTESIAN_POINT('',(0.,-0.));
#10278 = VECTOR('',#10279,1.);
#10279 = DIRECTION('',(0.,1.));
#10280 = ( GEOMETRIC_REPRESENTATION_CONTEXT(2) 
PARAMETRIC_REPRESENTATION_CONTEXT() REPRESENTATION_CONTEXT('2D SPACE',''
  ) );
#10281 = ORIENTED_EDGE('',*,*,#10282,.T.);
#10282 = EDGE_CURVE('',#10260,#10260,#10283,.T.);
#10283 = SURFACE_CURVE('',#10284,(#10289,#10296),.PCURVE_S1.);
#10284 = CIRCLE('',#10285,14.);
#10285 = AXIS2_PLACEMENT_3D('',#10286,#10287,#10288);
#10286 = CARTESIAN_POINT('',(80.,-86.,130.));
#10287 = DIRECTION('',(0.,-1.,2.22044604925E-16));
#10288 = DIRECTION('',(1.,0.,0.));
#10289 = PCURVE('',#10235,#10290);
#10290 = DEFINITIONAL_REPRESENTATION('',(#10291),#10295);
#10291 = LINE('',#10292,#10293);
#10292 = CARTESIAN_POINT('',(0.,0.));
#10293 = VECTOR('',#10294,1.);
#10294 = DIRECTION('',(1.,0.));
#10295 = ( GEOMETRIC_REPRESENTATION_CONTEXT(2) 
PARAMETRIC_REPRESENTATION_CONTEXT() REPRESENTATION_CONTEXT('2D SPACE',''
  ) );
#10296 = PCURVE('',#10297,#10302);
#10297 = PLANE('',#10298);
#10298 = AXIS2_PLACEMENT_3D('',#10299,#10300,#10301);
#10299 = CARTESIAN_POINT('',(80.,-86.,130.));
#10300 = DIRECTION('',(0.,-1.,2.22044604925E-16));
#10301 = DIRECTION('',(1.,0.,0.));
#10302 = DEFINITIONAL_REPRESENTATION('',(#10303),#10307);
#10303 = CIRCLE('',#10304,14.);
#10304 = AXIS2_PLACEMENT_2D('',#10305,#10306);
#10305 = CARTESIAN_POINT('',(0.,0.));
#10306 = DIRECTION('',(1.,0.));
#10307 = ( GEOMETRIC_REPRESENTATION_CONTEXT(2) 
PARAMETRIC_REPRESENTATION_CONTEXT() REPRESENTATION_CONTEXT('2D SPACE',''
  ) );
#10308 = ORIENTED_EDGE('',*,*,#10259,.T.);
#10309 = ADVANCED_FACE('',(#10310),#10247,.T.);
#10310 = FACE_BOUND('',#10311,.T.);
#10311 = EDGE_LOOP('',(#10312));
#10312 = ORIENTED_EDGE('',*,*,#10225,.T.);
#10313 = ADVANCED_FACE('',(#10314,#10317),#10297,.F.);
#10314 = FACE_BOUND('',#10315,.F.);
#10315 = EDGE_LOOP('',(#10316));
#10316 = ORIENTED_EDGE('',*,*,#10282,.T.);
#10317 = FACE_BOUND('',#10318,.F.);
#10318 = EDGE_LOOP('',(#10319));
#10319 = ORIENTED_EDGE('',*,*,#10320,.F.);
#10320 = EDGE_CURVE('',#10321,#10321,#10323,.T.);
#10321 = VERTEX_POINT('',#10322);
#10322 = CARTESIAN_POINT('',(84.,-86.,130.));
#10323 = SURFACE_CURVE('',#10324,(#10329,#10336),.PCURVE_S1.);
#10324 = CIRCLE('',#10325,4.);
#10325 = AXIS2_PLACEMENT_3D('',#10326,#10327,#10328);
#10326 = CARTESIAN_POINT('',(80.,-86.,130.));
#10327 = DIRECTION('',(0.,-1.,2.22044604925E-16));
#10328 = DIRECTION('',(1.,0.,0.));
#10329 = PCURVE('',#10297,#10330);
#10330 = DEFINITIONAL_REPRESENTATION('',(#10331),#10335);
#10331 = CIRCLE('',#10332,4.);
#10332 = AXIS2_PLACEMENT_2D('',#10333,#10334);
#10333 = CARTESIAN_POINT('',(0.,0.));
#10334 = DIRECTION('',(1.,0.));
#10335 = ( GEOMETRIC_REPRESENTATION_CONTEXT(2) 
PARAMETRIC_REPRESENTATION_CONTEXT() REPRESENTATION_CONTEXT('2D SPACE',''
  ) );
#10336 = PCURVE('',#10337,#10342);
#10337 = CYLINDRICAL_SURFACE('',#10338,4.);
#10338 = AXIS2_PLACEMENT_3D('',#10339,#10340,#10341);
#10339 = CARTESIAN_POINT('',(80.,-61.5,130.));
#10340 = DIRECTION('',(0.,-1.,2.22044604925E-16));
#10341 = DIRECTION('',(1.,0.,0.));
#10342 = DEFINITIONAL_REPRESENTATION('',(#10343),#10347);
#10343 = LINE('',#10344,#10345);
#10344 = CARTESIAN_POINT('',(0.,24.5));
#10345 = VECTOR('',#10346,1.);
#10346 = DIRECTION('',(1.,0.));
#10347 = ( GEOMETRIC_REPRESENTATION_CONTEXT(2) 
PARAMETRIC_REPRESENTATION_CONTEXT() REPRESENTATION_CONTEXT('2D SPACE',''
  ) );
#10348 = ADVANCED_FACE('',(#10349),#10337,.T.);
#10349 = FACE_BOUND('',#10350,.T.);
#10350 = EDGE_LOOP('',(#10351,#10352,#10375,#10402));
#10351 = ORIENTED_EDGE('',*,*,#10320,.F.);
#10352 = ORIENTED_EDGE('',*,*,#10353,.F.);
#10353 = EDGE_CURVE('',#10354,#10321,#10356,.T.);
#10354 = VERTEX_POINT('',#10355);
#10355 = CARTESIAN_POINT('',(84.,-61.5,130.));
#10356 = SEAM_CURVE('',#10357,(#10361,#10368),.PCURVE_S1.);
#10357 = LINE('',#10358,#10359);
#10358 = CARTESIAN_POINT('',(84.,-61.5,130.));
#10359 = VECTOR('',#10360,1.);
#10360 = DIRECTION('',(0.,-1.,2.22044604925E-16));
#10361 = PCURVE('',#10337,#10362);
#10362 = DEFINITIONAL_REPRESENTATION('',(#10363),#10367);
#10363 = LINE('',#10364,#10365);
#10364 = CARTESIAN_POINT('',(6.28318530718,-0.));
#10365 = VECTOR('',#10366,1.);
#10366 = DIRECTION('',(0.,1.));
#10367 = ( GEOMETRIC_REPRESENTATION_CONTEXT(2) 
PARAMETRIC_REPRESENTATION_CONTEXT() REPRESENTATION_CONTEXT('2D SPACE',''
  ) );
#10368 = PCURVE('',#10337,#10369);
#10369 = DEFINITIONAL_REPRESENTATION('',(#10370),#10374);
#10370 = LINE('',#10371,#10372);
#10371 = CARTESIAN_POINT('',(0.,-0.));
#10372 = VECTOR('',#10373,1.);
#10373 = DIRECTION('',(0.,1.));
#10374 = ( GEOMETRIC_REPRESENTATION_CONTEXT(2) 
PARAMETRIC_REPRESENTATION_CONTEXT() REPRESENTATION_CONTEXT('2D SPACE',''
  ) );
#10375 = ORIENTED_EDGE('',*,*,#10376,.T.);
#10376 = EDGE_CURVE('',#10354,#10354,#10377,.T.);
#10377 = SURFACE_CURVE('',#10378,(#10383,#10390),.PCURVE_S1.);
#10378 = CIRCLE('',#10379,4.);
#10379 = AXIS2_PLACEMENT_3D('',#10380,#10381,#10382);
#10380 = CARTESIAN_POINT('',(80.,-61.5,130.));
#10381 = DIRECTION('',(0.,-1.,2.22044604925E-16));
#10382 = DIRECTION('',(1.,0.,0.));
#10383 = PCURVE('',#10337,#10384);
#10384 = DEFINITIONAL_REPRESENTATION('',(#10385),#10389);
#10385 = LINE('',#10386,#10387);
#10386 = CARTESIAN_POINT('',(0.,0.));
#10387 = VECTOR('',#10388,1.);
#10388 = DIRECTION('',(1.,0.));
#10389 = ( GEOMETRIC_REPRESENTATION_CONTEXT(2) 
PARAMETRIC_REPRESENTATION_CONTEXT() REPRESENTATION_CONTEXT('2D SPACE',''
  ) );
#10390 = PCURVE('',#10391,#10396);
#10391 = PLANE('',#10392);
#10392 = AXIS2_PLACEMENT_3D('',#10393,#10394,#10395);
#10393 = CARTESIAN_POINT('',(80.,-61.5,130.));
#10394 = DIRECTION('',(0.,-1.,2.22044604925E-16));
#10395 = DIRECTION('',(1.,0.,0.));
#10396 = DEFINITIONAL_REPRESENTATION('',(#10397),#10401);
#10397 = CIRCLE('',#10398,4.);
#10398 = AXIS2_PLACEMENT_2D('',#10399,#10400);
#10399 = CARTESIAN_POINT('',(0.,-2.84217094304E-14));
#10400 = DIRECTION('',(1.,0.));
#10401 = ( GEOMETRIC_REPRESENTATION_CONTEXT(2) 
PARAMETRIC_REPRESENTATION_CONTEXT() REPRESENTATION_CONTEXT('2D SPACE',''
  ) );
#10402 = ORIENTED_EDGE('',*,*,#10353,.T.);
#10403 = ADVANCED_FACE('',(#10404,#10435),#10391,.T.);
#10404 = FACE_BOUND('',#10405,.T.);
#10405 = EDGE_LOOP('',(#10406));
#10406 = ORIENTED_EDGE('',*,*,#10407,.T.);
#10407 = EDGE_CURVE('',#10408,#10408,#10410,.T.);
#10408 = VERTEX_POINT('',#10409);
#10409 = CARTESIAN_POINT('',(88.,-61.5,130.));
#10410 = SURFACE_CURVE('',#10411,(#10416,#10423),.PCURVE_S1.);
#10411 = CIRCLE('',#10412,8.);
#10412 = AXIS2_PLACEMENT_3D('',#10413,#10414,#10415);
#10413 = CARTESIAN_POINT('',(80.,-61.5,130.));
#10414 = DIRECTION('',(0.,-1.,2.22044604925E-16));
#10415 = DIRECTION('',(1.,0.,0.));
#10416 = PCURVE('',#10391,#10417);
#10417 = DEFINITIONAL_REPRESENTATION('',(#10418),#10422);
#10418 = CIRCLE('',#10419,8.);
#10419 = AXIS2_PLACEMENT_2D('',#10420,#10421);
#10420 = CARTESIAN_POINT('',(0.,0.));
#10421 = DIRECTION('',(1.,0.));
#10422 = ( GEOMETRIC_REPRESENTATION_CONTEXT(2) 
PARAMETRIC_REPRESENTATION_CONTEXT() REPRESENTATION_CONTEXT('2D SPACE',''
  ) );
#10423 = PCURVE('',#10424,#10429);
#10424 = CYLINDRICAL_SURFACE('',#10425,8.);
#10425 = AXIS2_PLACEMENT_3D('',#10426,#10427,#10428);
#10426 = CARTESIAN_POINT('',(80.,-58.5,130.));
#10427 = DIRECTION('',(0.,-1.,2.22044604925E-16));
#10428 = DIRECTION('',(1.,0.,0.));
#10429 = DEFINITIONAL_REPRESENTATION('',(#10430),#10434);
#10430 = LINE('',#10431,#10432);
#10431 = CARTESIAN_POINT('',(0.,3.));
#10432 = VECTOR('',#10433,1.);
#10433 = DIRECTION('',(1.,0.));
#10434 = ( GEOMETRIC_REPRESENTATION_CONTEXT(2) 
PARAMETRIC_REPRESENTATION_CONTEXT() REPRESENTATION_CONTEXT('2D SPACE',''
  ) );
#10435 = FACE_BOUND('',#10436,.T.);
#10436 = EDGE_LOOP('',(#10437));
#10437 = ORIENTED_EDGE('',*,*,#10376,.F.);
#10438 = ADVANCED_FACE('',(#10439),#10424,.T.);
#10439 = FACE_BOUND('',#10440,.T.);
#10440 = EDGE_LOOP('',(#10441,#10442,#10465,#10492));
#10441 = ORIENTED_EDGE('',*,*,#10407,.F.);
#10442 = ORIENTED_EDGE('',*,*,#10443,.F.);
#10443 = EDGE_CURVE('',#10444,#10408,#10446,.T.);
#10444 = VERTEX_POINT('',#10445);
#10445 = CARTESIAN_POINT('',(88.,-58.5,130.));
#10446 = SEAM_CURVE('',#10447,(#10451,#10458),.PCURVE_S1.);
#10447 = LINE('',#10448,#10449);
#10448 = CARTESIAN_POINT('',(88.,-58.5,130.));
#10449 = VECTOR('',#10450,1.);
#10450 = DIRECTION('',(0.,-1.,2.22044604925E-16));
#10451 = PCURVE('',#10424,#10452);
#10452 = DEFINITIONAL_REPRESENTATION('',(#10453),#10457);
#10453 = LINE('',#10454,#10455);
#10454 = CARTESIAN_POINT('',(6.28318530718,-0.));
#10455 = VECTOR('',#10456,1.);
#10456 = DIRECTION('',(0.,1.));
#10457 = ( GEOMETRIC_REPRESENTATION_CONTEXT(2) 
PARAMETRIC_REPRESENTATION_CONTEXT() REPRESENTATION_CONTEXT('2D SPACE',''
  ) );
#10458 = PCURVE('',#10424,#10459);
#10459 = DEFINITIONAL_REPRESENTATION('',(#10460),#10464);
#10460 = LINE('',#10461,#10462);
#10461 = CARTESIAN_POINT('',(0.,-0.));
#10462 = VECTOR('',#10463,1.);
#10463 = DIRECTION('',(0.,1.));
#10464 = ( GEOMETRIC_REPRESENTATION_CONTEXT(2) 
PARAMETRIC_REPRESENTATION_CONTEXT() REPRESENTATION_CONTEXT('2D SPACE',''
  ) );
#10465 = ORIENTED_EDGE('',*,*,#10466,.T.);
#10466 = EDGE_CURVE('',#10444,#10444,#10467,.T.);
#10467 = SURFACE_CURVE('',#10468,(#10473,#10480),.PCURVE_S1.);
#10468 = CIRCLE('',#10469,8.);
#10469 = AXIS2_PLACEMENT_3D('',#10470,#10471,#10472);
#10470 = CARTESIAN_POINT('',(80.,-58.5,130.));
#10471 = DIRECTION('',(0.,-1.,2.22044604925E-16));
#10472 = DIRECTION('',(1.,0.,0.));
#10473 = PCURVE('',#10424,#10474);
#10474 = DEFINITIONAL_REPRESENTATION('',(#10475),#10479);
#10475 = LINE('',#10476,#10477);
#10476 = CARTESIAN_POINT('',(0.,0.));
#10477 = VECTOR('',#10478,1.);
#10478 = DIRECTION('',(1.,0.));
#10479 = ( GEOMETRIC_REPRESENTATION_CONTEXT(2) 
PARAMETRIC_REPRESENTATION_CONTEXT() REPRESENTATION_CONTEXT('2D SPACE',''
  ) );
#10480 = PCURVE('',#10481,#10486);
#10481 = PLANE('',#10482);
#10482 = AXIS2_PLACEMENT_3D('',#10483,#10484,#10485);
#10483 = CARTESIAN_POINT('',(80.,-58.5,130.));
#10484 = DIRECTION('',(0.,-1.,2.22044604925E-16));
#10485 = DIRECTION('',(1.,0.,0.));
#10486 = DEFINITIONAL_REPRESENTATION('',(#10487),#10491);
#10487 = CIRCLE('',#10488,8.);
#10488 = AXIS2_PLACEMENT_2D('',#10489,#10490);
#10489 = CARTESIAN_POINT('',(0.,0.));
#10490 = DIRECTION('',(1.,0.));
#10491 = ( GEOMETRIC_REPRESENTATION_CONTEXT(2) 
PARAMETRIC_REPRESENTATION_CONTEXT() REPRESENTATION_CONTEXT('2D SPACE',''
  ) );
#10492 = ORIENTED_EDGE('',*,*,#10443,.T.);
#10493 = ADVANCED_FACE('',(#10494),#10481,.F.);
#10494 = FACE_BOUND('',#10495,.T.);
#10495 = EDGE_LOOP('',(#10496));
#10496 = ORIENTED_EDGE('',*,*,#10466,.F.);
#10497 = ( GEOMETRIC_REPRESENTATION_CONTEXT(3) 
GLOBAL_UNCERTAINTY_ASSIGNED_CONTEXT((#10501)) 
GLOBAL_UNIT_ASSIGNED_CONTEXT((#10498,#10499,#10500)) 
REPRESENTATION_CONTEXT('Context #1',
  '3D Context with UNIT and UNCERTAINTY') );
#10498 = ( LENGTH_UNIT() NAMED_UNIT(*) SI_UNIT(.MILLI.,.METRE.) );
#10499 = ( NAMED_UNIT(*) PLANE_ANGLE_UNIT() SI_UNIT($,.RADIAN.) );
#10500 = ( NAMED_UNIT(*) SI_UNIT($,.STERADIAN.) SOLID_ANGLE_UNIT() );
#10501 = UNCERTAINTY_MEASURE_WITH_UNIT(LENGTH_MEASURE(1.E-07),#10498,
  'distance_accuracy_value','confusion accuracy');
#10502 = CONTEXT_DEPENDENT_SHAPE_REPRESENTATION(#10503,#10505);
#10503 = ( REPRESENTATION_RELATIONSHIP('','',#10218,#10) 
REPRESENTATION_RELATIONSHIP_WITH_TRANSFORMATION(#10504) 
SHAPE_REPRESENTATION_RELATIONSHIP() );
#10504 = ITEM_DEFINED_TRANSFORMATION('','',#11,#63);
#10505 = PRODUCT_DEFINITION_SHAPE('Placement','Placement of an item',
  #10506);
#10506 = NEXT_ASSEMBLY_USAGE_OCCURRENCE('49','=>[0:1:1:14]','',#5,#10213
  ,$);
#10507 = PRODUCT_RELATED_PRODUCT_CATEGORY('part',$,(#10215));
#10508 = SHAPE_DEFINITION_REPRESENTATION(#10509,#10515);
#10509 = PRODUCT_DEFINITION_SHAPE('','',#10510);
#10510 = PRODUCT_DEFINITION('design','',#10511,#10514);
#10511 = PRODUCT_DEFINITION_FORMATION('','',#10512);
#10512 = PRODUCT('COMPOUND','COMPOUND','',(#10513));
#10513 = PRODUCT_CONTEXT('',#2,'mechanical');
#10514 = PRODUCT_DEFINITION_CONTEXT('part definition',#2,'design');
#10515 = ADVANCED_BREP_SHAPE_REPRESENTATION('',(#11,#10516),#10704);
#10516 = MANIFOLD_SOLID_BREP('',#10517);
#10517 = CLOSED_SHELL('',(#10518,#10606,#10610,#10645,#10700));
#10518 = ADVANCED_FACE('',(#10519),#10532,.T.);
#10519 = FACE_BOUND('',#10520,.T.);
#10520 = EDGE_LOOP('',(#10521,#10555,#10578,#10605));
#10521 = ORIENTED_EDGE('',*,*,#10522,.F.);
#10522 = EDGE_CURVE('',#10523,#10523,#10525,.T.);
#10523 = VERTEX_POINT('',#10524);
#10524 = CARTESIAN_POINT('',(202.,100.,230.));
#10525 = SURFACE_CURVE('',#10526,(#10531,#10543),.PCURVE_S1.);
#10526 = CIRCLE('',#10527,22.);
#10527 = AXIS2_PLACEMENT_3D('',#10528,#10529,#10530);
#10528 = CARTESIAN_POINT('',(180.,100.,230.));
#10529 = DIRECTION('',(0.,-1.,2.22044604925E-16));
#10530 = DIRECTION('',(1.,0.,0.));
#10531 = PCURVE('',#10532,#10537);
#10532 = CYLINDRICAL_SURFACE('',#10533,22.);
#10533 = AXIS2_PLACEMENT_3D('',#10534,#10535,#10536);
#10534 = CARTESIAN_POINT('',(180.,103.,230.));
#10535 = DIRECTION('',(0.,-1.,2.22044604925E-16));
#10536 = DIRECTION('',(1.,0.,0.));
#10537 = DEFINITIONAL_REPRESENTATION('',(#10538),#10542);
#10538 = LINE('',#10539,#10540);
#10539 = CARTESIAN_POINT('',(0.,3.));
#10540 = VECTOR('',#10541,1.);
#10541 = DIRECTION('',(1.,0.));
#10542 = ( GEOMETRIC_REPRESENTATION_CONTEXT(2) 
PARAMETRIC_REPRESENTATION_CONTEXT() REPRESENTATION_CONTEXT('2D SPACE',''
  ) );
#10543 = PCURVE('',#10544,#10549);
#10544 = PLANE('',#10545);
#10545 = AXIS2_PLACEMENT_3D('',#10546,#10547,#10548);
#10546 = CARTESIAN_POINT('',(180.,100.,230.));
#10547 = DIRECTION('',(0.,-1.,2.22044604925E-16));
#10548 = DIRECTION('',(1.,0.,0.));
#10549 = DEFINITIONAL_REPRESENTATION('',(#10550),#10554);
#10550 = CIRCLE('',#10551,22.);
#10551 = AXIS2_PLACEMENT_2D('',#10552,#10553);
#10552 = CARTESIAN_POINT('',(0.,0.));
#10553 = DIRECTION('',(1.,0.));
#10554 = ( GEOMETRIC_REPRESENTATION_CONTEXT(2) 
PARAMETRIC_REPRESENTATION_CONTEXT() REPRESENTATION_CONTEXT('2D SPACE',''
  ) );
#10555 = ORIENTED_EDGE('',*,*,#10556,.F.);
#10556 = EDGE_CURVE('',#10557,#10523,#10559,.T.);
#10557 = VERTEX_POINT('',#10558);
#10558 = CARTESIAN_POINT('',(202.,103.,230.));
#10559 = SEAM_CURVE('',#10560,(#10564,#10571),.PCURVE_S1.);
#10560 = LINE('',#10561,#10562);
#10561 = CARTESIAN_POINT('',(202.,103.,230.));
#10562 = VECTOR('',#10563,1.);
#10563 = DIRECTION('',(0.,-1.,2.22044604925E-16));
#10564 = PCURVE('',#10532,#10565);
#10565 = DEFINITIONAL_REPRESENTATION('',(#10566),#10570);
#10566 = LINE('',#10567,#10568);
#10567 = CARTESIAN_POINT('',(6.28318530718,-0.));
#10568 = VECTOR('',#10569,1.);
#10569 = DIRECTION('',(0.,1.));
#10570 = ( GEOMETRIC_REPRESENTATION_CONTEXT(2) 
PARAMETRIC_REPRESENTATION_CONTEXT() REPRESENTATION_CONTEXT('2D SPACE',''
  ) );
#10571 = PCURVE('',#10532,#10572);
#10572 = DEFINITIONAL_REPRESENTATION('',(#10573),#10577);
#10573 = LINE('',#10574,#10575);
#10574 = CARTESIAN_POINT('',(0.,-0.));
#10575 = VECTOR('',#10576,1.);
#10576 = DIRECTION('',(0.,1.));
#10577 = ( GEOMETRIC_REPRESENTATION_CONTEXT(2) 
PARAMETRIC_REPRESENTATION_CONTEXT() REPRESENTATION_CONTEXT('2D SPACE',''
  ) );
#10578 = ORIENTED_EDGE('',*,*,#10579,.T.);
#10579 = EDGE_CURVE('',#10557,#10557,#10580,.T.);
#10580 = SURFACE_CURVE('',#10581,(#10586,#10593),.PCURVE_S1.);
#10581 = CIRCLE('',#10582,22.);
#10582 = AXIS2_PLACEMENT_3D('',#10583,#10584,#10585);
#10583 = CARTESIAN_POINT('',(180.,103.,230.));
#10584 = DIRECTION('',(0.,-1.,2.22044604925E-16));
#10585 = DIRECTION('',(1.,0.,0.));
#10586 = PCURVE('',#10532,#10587);
#10587 = DEFINITIONAL_REPRESENTATION('',(#10588),#10592);
#10588 = LINE('',#10589,#10590);
#10589 = CARTESIAN_POINT('',(0.,0.));
#10590 = VECTOR('',#10591,1.);
#10591 = DIRECTION('',(1.,0.));
#10592 = ( GEOMETRIC_REPRESENTATION_CONTEXT(2) 
PARAMETRIC_REPRESENTATION_CONTEXT() REPRESENTATION_CONTEXT('2D SPACE',''
  ) );
#10593 = PCURVE('',#10594,#10599);
#10594 = PLANE('',#10595);
#10595 = AXIS2_PLACEMENT_3D('',#10596,#10597,#10598);
#10596 = CARTESIAN_POINT('',(180.,103.,230.));
#10597 = DIRECTION('',(0.,-1.,2.22044604925E-16));
#10598 = DIRECTION('',(1.,0.,0.));
#10599 = DEFINITIONAL_REPRESENTATION('',(#10600),#10604);
#10600 = CIRCLE('',#10601,22.);
#10601 = AXIS2_PLACEMENT_2D('',#10602,#10603);
#10602 = CARTESIAN_POINT('',(0.,0.));
#10603 = DIRECTION('',(1.,0.));
#10604 = ( GEOMETRIC_REPRESENTATION_CONTEXT(2) 
PARAMETRIC_REPRESENTATION_CONTEXT() REPRESENTATION_CONTEXT('2D SPACE',''
  ) );
#10605 = ORIENTED_EDGE('',*,*,#10556,.T.);
#10606 = ADVANCED_FACE('',(#10607),#10544,.T.);
#10607 = FACE_BOUND('',#10608,.T.);
#10608 = EDGE_LOOP('',(#10609));
#10609 = ORIENTED_EDGE('',*,*,#10522,.T.);
#10610 = ADVANCED_FACE('',(#10611,#10614),#10594,.F.);
#10611 = FACE_BOUND('',#10612,.F.);
#10612 = EDGE_LOOP('',(#10613));
#10613 = ORIENTED_EDGE('',*,*,#10579,.T.);
#10614 = FACE_BOUND('',#10615,.F.);
#10615 = EDGE_LOOP('',(#10616));
#10616 = ORIENTED_EDGE('',*,*,#10617,.F.);
#10617 = EDGE_CURVE('',#10618,#10618,#10620,.T.);
#10618 = VERTEX_POINT('',#10619);
#10619 = CARTESIAN_POINT('',(191.,103.,230.));
#10620 = SURFACE_CURVE('',#10621,(#10626,#10633),.PCURVE_S1.);
#10621 = CIRCLE('',#10622,11.);
#10622 = AXIS2_PLACEMENT_3D('',#10623,#10624,#10625);
#10623 = CARTESIAN_POINT('',(180.,103.,230.));
#10624 = DIRECTION('',(0.,-1.,2.22044604925E-16));
#10625 = DIRECTION('',(1.,0.,0.));
#10626 = PCURVE('',#10594,#10627);
#10627 = DEFINITIONAL_REPRESENTATION('',(#10628),#10632);
#10628 = CIRCLE('',#10629,11.);
#10629 = AXIS2_PLACEMENT_2D('',#10630,#10631);
#10630 = CARTESIAN_POINT('',(0.,0.));
#10631 = DIRECTION('',(1.,0.));
#10632 = ( GEOMETRIC_REPRESENTATION_CONTEXT(2) 
PARAMETRIC_REPRESENTATION_CONTEXT() REPRESENTATION_CONTEXT('2D SPACE',''
  ) );
#10633 = PCURVE('',#10634,#10639);
#10634 = CYLINDRICAL_SURFACE('',#10635,11.);
#10635 = AXIS2_PLACEMENT_3D('',#10636,#10637,#10638);
#10636 = CARTESIAN_POINT('',(180.,143.,230.));
#10637 = DIRECTION('',(0.,-1.,2.22044604925E-16));
#10638 = DIRECTION('',(1.,0.,0.));
#10639 = DEFINITIONAL_REPRESENTATION('',(#10640),#10644);
#10640 = LINE('',#10641,#10642);
#10641 = CARTESIAN_POINT('',(0.,40.));
#10642 = VECTOR('',#10643,1.);
#10643 = DIRECTION('',(1.,0.));
#10644 = ( GEOMETRIC_REPRESENTATION_CONTEXT(2) 
PARAMETRIC_REPRESENTATION_CONTEXT() REPRESENTATION_CONTEXT('2D SPACE',''
  ) );
#10645 = ADVANCED_FACE('',(#10646),#10634,.T.);
#10646 = FACE_BOUND('',#10647,.T.);
#10647 = EDGE_LOOP('',(#10648,#10649,#10672,#10699));
#10648 = ORIENTED_EDGE('',*,*,#10617,.F.);
#10649 = ORIENTED_EDGE('',*,*,#10650,.F.);
#10650 = EDGE_CURVE('',#10651,#10618,#10653,.T.);
#10651 = VERTEX_POINT('',#10652);
#10652 = CARTESIAN_POINT('',(191.,143.,230.));
#10653 = SEAM_CURVE('',#10654,(#10658,#10665),.PCURVE_S1.);
#10654 = LINE('',#10655,#10656);
#10655 = CARTESIAN_POINT('',(191.,143.,230.));
#10656 = VECTOR('',#10657,1.);
#10657 = DIRECTION('',(0.,-1.,2.22044604925E-16));
#10658 = PCURVE('',#10634,#10659);
#10659 = DEFINITIONAL_REPRESENTATION('',(#10660),#10664);
#10660 = LINE('',#10661,#10662);
#10661 = CARTESIAN_POINT('',(6.28318530718,-0.));
#10662 = VECTOR('',#10663,1.);
#10663 = DIRECTION('',(0.,1.));
#10664 = ( GEOMETRIC_REPRESENTATION_CONTEXT(2) 
PARAMETRIC_REPRESENTATION_CONTEXT() REPRESENTATION_CONTEXT('2D SPACE',''
  ) );
#10665 = PCURVE('',#10634,#10666);
#10666 = DEFINITIONAL_REPRESENTATION('',(#10667),#10671);
#10667 = LINE('',#10668,#10669);
#10668 = CARTESIAN_POINT('',(0.,-0.));
#10669 = VECTOR('',#10670,1.);
#10670 = DIRECTION('',(0.,1.));
#10671 = ( GEOMETRIC_REPRESENTATION_CONTEXT(2) 
PARAMETRIC_REPRESENTATION_CONTEXT() REPRESENTATION_CONTEXT('2D SPACE',''
  ) );
#10672 = ORIENTED_EDGE('',*,*,#10673,.T.);
#10673 = EDGE_CURVE('',#10651,#10651,#10674,.T.);
#10674 = SURFACE_CURVE('',#10675,(#10680,#10687),.PCURVE_S1.);
#10675 = CIRCLE('',#10676,11.);
#10676 = AXIS2_PLACEMENT_3D('',#10677,#10678,#10679);
#10677 = CARTESIAN_POINT('',(180.,143.,230.));
#10678 = DIRECTION('',(0.,-1.,2.22044604925E-16));
#10679 = DIRECTION('',(1.,0.,0.));
#10680 = PCURVE('',#10634,#10681);
#10681 = DEFINITIONAL_REPRESENTATION('',(#10682),#10686);
#10682 = LINE('',#10683,#10684);
#10683 = CARTESIAN_POINT('',(0.,0.));
#10684 = VECTOR('',#10685,1.);
#10685 = DIRECTION('',(1.,0.));
#10686 = ( GEOMETRIC_REPRESENTATION_CONTEXT(2) 
PARAMETRIC_REPRESENTATION_CONTEXT() REPRESENTATION_CONTEXT('2D SPACE',''
  ) );
#10687 = PCURVE('',#10688,#10693);
#10688 = PLANE('',#10689);
#10689 = AXIS2_PLACEMENT_3D('',#10690,#10691,#10692);
#10690 = CARTESIAN_POINT('',(180.,143.,230.));
#10691 = DIRECTION('',(0.,-1.,2.22044604925E-16));
#10692 = DIRECTION('',(1.,0.,0.));
#10693 = DEFINITIONAL_REPRESENTATION('',(#10694),#10698);
#10694 = CIRCLE('',#10695,11.);
#10695 = AXIS2_PLACEMENT_2D('',#10696,#10697);
#10696 = CARTESIAN_POINT('',(0.,0.));
#10697 = DIRECTION('',(1.,0.));
#10698 = ( GEOMETRIC_REPRESENTATION_CONTEXT(2) 
PARAMETRIC_REPRESENTATION_CONTEXT() REPRESENTATION_CONTEXT('2D SPACE',''
  ) );
#10699 = ORIENTED_EDGE('',*,*,#10650,.T.);
#10700 = ADVANCED_FACE('',(#10701),#10688,.F.);
#10701 = FACE_BOUND('',#10702,.T.);
#10702 = EDGE_LOOP('',(#10703));
#10703 = ORIENTED_EDGE('',*,*,#10673,.F.);
#10704 = ( GEOMETRIC_REPRESENTATION_CONTEXT(3) 
GLOBAL_UNCERTAINTY_ASSIGNED_CONTEXT((#10708)) 
GLOBAL_UNIT_ASSIGNED_CONTEXT((#10705,#10706,#10707)) 
REPRESENTATION_CONTEXT('Context #1',
  '3D Context with UNIT and UNCERTAINTY') );
#10705 = ( LENGTH_UNIT() NAMED_UNIT(*) SI_UNIT(.MILLI.,.METRE.) );
#10706 = ( NAMED_UNIT(*) PLANE_ANGLE_UNIT() SI_UNIT($,.RADIAN.) );
#10707 = ( NAMED_UNIT(*) SI_UNIT($,.STERADIAN.) SOLID_ANGLE_UNIT() );
#10708 = UNCERTAINTY_MEASURE_WITH_UNIT(LENGTH_MEASURE(1.E-07),#10705,
  'distance_accuracy_value','confusion accuracy');
#10709 = CONTEXT_DEPENDENT_SHAPE_REPRESENTATION(#10710,#10712);
#10710 = ( REPRESENTATION_RELATIONSHIP('','',#10515,#10) 
REPRESENTATION_RELATIONSHIP_WITH_TRANSFORMATION(#10711) 
SHAPE_REPRESENTATION_RELATIONSHIP() );
#10711 = ITEM_DEFINED_TRANSFORMATION('','',#11,#67);
#10712 = PRODUCT_DEFINITION_SHAPE('Placement','Placement of an item',
  #10713);
#10713 = NEXT_ASSEMBLY_USAGE_OCCURRENCE('50','=>[0:1:1:15]','',#5,#10510
  ,$);
#10714 = PRODUCT_RELATED_PRODUCT_CATEGORY('part',$,(#10512));
#10715 = SHAPE_DEFINITION_REPRESENTATION(#10716,#10722);
#10716 = PRODUCT_DEFINITION_SHAPE('','',#10717);
#10717 = PRODUCT_DEFINITION('design','',#10718,#10721);
#10718 = PRODUCT_DEFINITION_FORMATION('','',#10719);
#10719 = PRODUCT('COMPOUND','COMPOUND','',(#10720));
#10720 = PRODUCT_CONTEXT('',#2,'mechanical');
#10721 = PRODUCT_DEFINITION_CONTEXT('part definition',#2,'design');
#10722 = ADVANCED_BREP_SHAPE_REPRESENTATION('',(#11,#10723),#11455);
#10723 = MANIFOLD_SOLID_BREP('',#10724);
#10724 = CLOSED_SHELL('',(#10725,#10957,#11068,#11117,#11166,#11215,
    #11264,#11311,#11390,#11417,#11428));
#10725 = ADVANCED_FACE('',(#10726),#10740,.F.);
#10726 = FACE_BOUND('',#10727,.F.);
#10727 = EDGE_LOOP('',(#10728,#10763,#10791,#10819,#10847,#10875,#10903,
    #10931));
#10728 = ORIENTED_EDGE('',*,*,#10729,.F.);
#10729 = EDGE_CURVE('',#10730,#10732,#10734,.T.);
#10730 = VERTEX_POINT('',#10731);
#10731 = CARTESIAN_POINT('',(170.,82.,158.));
#10732 = VERTEX_POINT('',#10733);
#10733 = CARTESIAN_POINT('',(170.,82.,188.));
#10734 = SURFACE_CURVE('',#10735,(#10739,#10751),.PCURVE_S1.);
#10735 = LINE('',#10736,#10737);
#10736 = CARTESIAN_POINT('',(170.,82.,158.));
#10737 = VECTOR('',#10738,1.);
#10738 = DIRECTION('',(0.,0.,1.));
#10739 = PCURVE('',#10740,#10745);
#10740 = PLANE('',#10741);
#10741 = AXIS2_PLACEMENT_3D('',#10742,#10743,#10744);
#10742 = CARTESIAN_POINT('',(170.,82.,158.));
#10743 = DIRECTION('',(1.,0.,-0.));
#10744 = DIRECTION('',(0.,0.,1.));
#10745 = DEFINITIONAL_REPRESENTATION('',(#10746),#10750);
#10746 = LINE('',#10747,#10748);
#10747 = CARTESIAN_POINT('',(0.,0.));
#10748 = VECTOR('',#10749,1.);
#10749 = DIRECTION('',(1.,0.));
#10750 = ( GEOMETRIC_REPRESENTATION_CONTEXT(2) 
PARAMETRIC_REPRESENTATION_CONTEXT() REPRESENTATION_CONTEXT('2D SPACE',''
  ) );
#10751 = PCURVE('',#10752,#10757);
#10752 = PLANE('',#10753);
#10753 = AXIS2_PLACEMENT_3D('',#10754,#10755,#10756);
#10754 = CARTESIAN_POINT('',(170.,82.,158.));
#10755 = DIRECTION('',(-0.,1.,0.));
#10756 = DIRECTION('',(0.,0.,1.));
#10757 = DEFINITIONAL_REPRESENTATION('',(#10758),#10762);
#10758 = LINE('',#10759,#10760);
#10759 = CARTESIAN_POINT('',(0.,0.));
#10760 = VECTOR('',#10761,1.);
#10761 = DIRECTION('',(1.,0.));
#10762 = ( GEOMETRIC_REPRESENTATION_CONTEXT(2) 
PARAMETRIC_REPRESENTATION_CONTEXT() REPRESENTATION_CONTEXT('2D SPACE',''
  ) );
#10763 = ORIENTED_EDGE('',*,*,#10764,.F.);
#10764 = EDGE_CURVE('',#10765,#10730,#10767,.T.);
#10765 = VERTEX_POINT('',#10766);
#10766 = CARTESIAN_POINT('',(170.,127.,158.));
#10767 = SURFACE_CURVE('',#10768,(#10772,#10779),.PCURVE_S1.);
#10768 = LINE('',#10769,#10770);
#10769 = CARTESIAN_POINT('',(170.,127.,158.));
#10770 = VECTOR('',#10771,1.);
#10771 = DIRECTION('',(0.,-1.,0.));
#10772 = PCURVE('',#10740,#10773);
#10773 = DEFINITIONAL_REPRESENTATION('',(#10774),#10778);
#10774 = LINE('',#10775,#10776);
#10775 = CARTESIAN_POINT('',(0.,-45.));
#10776 = VECTOR('',#10777,1.);
#10777 = DIRECTION('',(0.,1.));
#10778 = ( GEOMETRIC_REPRESENTATION_CONTEXT(2) 
PARAMETRIC_REPRESENTATION_CONTEXT() REPRESENTATION_CONTEXT('2D SPACE',''
  ) );
#10779 = PCURVE('',#10780,#10785);
#10780 = PLANE('',#10781);
#10781 = AXIS2_PLACEMENT_3D('',#10782,#10783,#10784);
#10782 = CARTESIAN_POINT('',(170.,82.,158.));
#10783 = DIRECTION('',(0.,0.,1.));
#10784 = DIRECTION('',(1.,0.,-0.));
#10785 = DEFINITIONAL_REPRESENTATION('',(#10786),#10790);
#10786 = LINE('',#10787,#10788);
#10787 = CARTESIAN_POINT('',(0.,45.));
#10788 = VECTOR('',#10789,1.);
#10789 = DIRECTION('',(0.,-1.));
#10790 = ( GEOMETRIC_REPRESENTATION_CONTEXT(2) 
PARAMETRIC_REPRESENTATION_CONTEXT() REPRESENTATION_CONTEXT('2D SPACE',''
  ) );
#10791 = ORIENTED_EDGE('',*,*,#10792,.F.);
#10792 = EDGE_CURVE('',#10793,#10765,#10795,.T.);
#10793 = VERTEX_POINT('',#10794);
#10794 = CARTESIAN_POINT('',(170.,127.,219.));
#10795 = SURFACE_CURVE('',#10796,(#10800,#10807),.PCURVE_S1.);
#10796 = LINE('',#10797,#10798);
#10797 = CARTESIAN_POINT('',(170.,127.,219.));
#10798 = VECTOR('',#10799,1.);
#10799 = DIRECTION('',(0.,0.,-1.));
#10800 = PCURVE('',#10740,#10801);
#10801 = DEFINITIONAL_REPRESENTATION('',(#10802),#10806);
#10802 = LINE('',#10803,#10804);
#10803 = CARTESIAN_POINT('',(61.,-45.));
#10804 = VECTOR('',#10805,1.);
#10805 = DIRECTION('',(-1.,0.));
#10806 = ( GEOMETRIC_REPRESENTATION_CONTEXT(2) 
PARAMETRIC_REPRESENTATION_CONTEXT() REPRESENTATION_CONTEXT('2D SPACE',''
  ) );
#10807 = PCURVE('',#10808,#10813);
#10808 = PLANE('',#10809);
#10809 = AXIS2_PLACEMENT_3D('',#10810,#10811,#10812);
#10810 = CARTESIAN_POINT('',(170.,127.,158.));
#10811 = DIRECTION('',(-0.,1.,0.));
#10812 = DIRECTION('',(0.,0.,1.));
#10813 = DEFINITIONAL_REPRESENTATION('',(#10814),#10818);
#10814 = LINE('',#10815,#10816);
#10815 = CARTESIAN_POINT('',(61.,0.));
#10816 = VECTOR('',#10817,1.);
#10817 = DIRECTION('',(-1.,0.));
#10818 = ( GEOMETRIC_REPRESENTATION_CONTEXT(2) 
PARAMETRIC_REPRESENTATION_CONTEXT() REPRESENTATION_CONTEXT('2D SPACE',''
  ) );
#10819 = ORIENTED_EDGE('',*,*,#10820,.F.);
#10820 = EDGE_CURVE('',#10821,#10793,#10823,.T.);
#10821 = VERTEX_POINT('',#10822);
#10822 = CARTESIAN_POINT('',(170.,124.,219.));
#10823 = SURFACE_CURVE('',#10824,(#10828,#10835),.PCURVE_S1.);
#10824 = LINE('',#10825,#10826);
#10825 = CARTESIAN_POINT('',(170.,124.,219.));
#10826 = VECTOR('',#10827,1.);
#10827 = DIRECTION('',(-0.,1.,0.));
#10828 = PCURVE('',#10740,#10829);
#10829 = DEFINITIONAL_REPRESENTATION('',(#10830),#10834);
#10830 = LINE('',#10831,#10832);
#10831 = CARTESIAN_POINT('',(61.,-42.));
#10832 = VECTOR('',#10833,1.);
#10833 = DIRECTION('',(0.,-1.));
#10834 = ( GEOMETRIC_REPRESENTATION_CONTEXT(2) 
PARAMETRIC_REPRESENTATION_CONTEXT() REPRESENTATION_CONTEXT('2D SPACE',''
  ) );
#10835 = PCURVE('',#10836,#10841);
#10836 = PLANE('',#10837);
#10837 = AXIS2_PLACEMENT_3D('',#10838,#10839,#10840);
#10838 = CARTESIAN_POINT('',(170.,124.,219.));
#10839 = DIRECTION('',(0.,0.,1.));
#10840 = DIRECTION('',(1.,0.,-0.));
#10841 = DEFINITIONAL_REPRESENTATION('',(#10842),#10846);
#10842 = LINE('',#10843,#10844);
#10843 = CARTESIAN_POINT('',(0.,0.));
#10844 = VECTOR('',#10845,1.);
#10845 = DIRECTION('',(0.,1.));
#10846 = ( GEOMETRIC_REPRESENTATION_CONTEXT(2) 
PARAMETRIC_REPRESENTATION_CONTEXT() REPRESENTATION_CONTEXT('2D SPACE',''
  ) );
#10847 = ORIENTED_EDGE('',*,*,#10848,.F.);
#10848 = EDGE_CURVE('',#10849,#10821,#10851,.T.);
#10849 = VERTEX_POINT('',#10850);
#10850 = CARTESIAN_POINT('',(170.,124.,161.));
#10851 = SURFACE_CURVE('',#10852,(#10856,#10863),.PCURVE_S1.);
#10852 = LINE('',#10853,#10854);
#10853 = CARTESIAN_POINT('',(170.,124.,161.));
#10854 = VECTOR('',#10855,1.);
#10855 = DIRECTION('',(0.,0.,1.));
#10856 = PCURVE('',#10740,#10857);
#10857 = DEFINITIONAL_REPRESENTATION('',(#10858),#10862);
#10858 = LINE('',#10859,#10860);
#10859 = CARTESIAN_POINT('',(3.,-42.));
#10860 = VECTOR('',#10861,1.);
#10861 = DIRECTION('',(1.,0.));
#10862 = ( GEOMETRIC_REPRESENTATION_CONTEXT(2) 
PARAMETRIC_REPRESENTATION_CONTEXT() REPRESENTATION_CONTEXT('2D SPACE',''
  ) );
#10863 = PCURVE('',#10864,#10869);
#10864 = PLANE('',#10865);
#10865 = AXIS2_PLACEMENT_3D('',#10866,#10867,#10868);
#10866 = CARTESIAN_POINT('',(170.,124.,161.));
#10867 = DIRECTION('',(-0.,1.,0.));
#10868 = DIRECTION('',(0.,0.,1.));
#10869 = DEFINITIONAL_REPRESENTATION('',(#10870),#10874);
#10870 = LINE('',#10871,#10872);
#10871 = CARTESIAN_POINT('',(0.,0.));
#10872 = VECTOR('',#10873,1.);
#10873 = DIRECTION('',(1.,0.));
#10874 = ( GEOMETRIC_REPRESENTATION_CONTEXT(2) 
PARAMETRIC_REPRESENTATION_CONTEXT() REPRESENTATION_CONTEXT('2D SPACE',''
  ) );
#10875 = ORIENTED_EDGE('',*,*,#10876,.F.);
#10876 = EDGE_CURVE('',#10877,#10849,#10879,.T.);
#10877 = VERTEX_POINT('',#10878);
#10878 = CARTESIAN_POINT('',(170.,85.,161.));
#10879 = SURFACE_CURVE('',#10880,(#10884,#10891),.PCURVE_S1.);
#10880 = LINE('',#10881,#10882);
#10881 = CARTESIAN_POINT('',(170.,82.,161.));
#10882 = VECTOR('',#10883,1.);
#10883 = DIRECTION('',(-0.,1.,0.));
#10884 = PCURVE('',#10740,#10885);
#10885 = DEFINITIONAL_REPRESENTATION('',(#10886),#10890);
#10886 = LINE('',#10887,#10888);
#10887 = CARTESIAN_POINT('',(3.,0.));
#10888 = VECTOR('',#10889,1.);
#10889 = DIRECTION('',(0.,-1.));
#10890 = ( GEOMETRIC_REPRESENTATION_CONTEXT(2) 
PARAMETRIC_REPRESENTATION_CONTEXT() REPRESENTATION_CONTEXT('2D SPACE',''
  ) );
#10891 = PCURVE('',#10892,#10897);
#10892 = PLANE('',#10893);
#10893 = AXIS2_PLACEMENT_3D('',#10894,#10895,#10896);
#10894 = CARTESIAN_POINT('',(170.,82.,161.));
#10895 = DIRECTION('',(0.,0.,1.));
#10896 = DIRECTION('',(1.,0.,-0.));
#10897 = DEFINITIONAL_REPRESENTATION('',(#10898),#10902);
#10898 = LINE('',#10899,#10900);
#10899 = CARTESIAN_POINT('',(0.,0.));
#10900 = VECTOR('',#10901,1.);
#10901 = DIRECTION('',(0.,1.));
#10902 = ( GEOMETRIC_REPRESENTATION_CONTEXT(2) 
PARAMETRIC_REPRESENTATION_CONTEXT() REPRESENTATION_CONTEXT('2D SPACE',''
  ) );
#10903 = ORIENTED_EDGE('',*,*,#10904,.T.);
#10904 = EDGE_CURVE('',#10877,#10905,#10907,.T.);
#10905 = VERTEX_POINT('',#10906);
#10906 = CARTESIAN_POINT('',(170.,85.,188.));
#10907 = SURFACE_CURVE('',#10908,(#10912,#10919),.PCURVE_S1.);
#10908 = LINE('',#10909,#10910);
#10909 = CARTESIAN_POINT('',(170.,85.,158.));
#10910 = VECTOR('',#10911,1.);
#10911 = DIRECTION('',(0.,0.,1.));
#10912 = PCURVE('',#10740,#10913);
#10913 = DEFINITIONAL_REPRESENTATION('',(#10914),#10918);
#10914 = LINE('',#10915,#10916);
#10915 = CARTESIAN_POINT('',(0.,-3.));
#10916 = VECTOR('',#10917,1.);
#10917 = DIRECTION('',(1.,0.));
#10918 = ( GEOMETRIC_REPRESENTATION_CONTEXT(2) 
PARAMETRIC_REPRESENTATION_CONTEXT() REPRESENTATION_CONTEXT('2D SPACE',''
  ) );
#10919 = PCURVE('',#10920,#10925);
#10920 = PLANE('',#10921);
#10921 = AXIS2_PLACEMENT_3D('',#10922,#10923,#10924);
#10922 = CARTESIAN_POINT('',(170.,85.,158.));
#10923 = DIRECTION('',(-0.,1.,0.));
#10924 = DIRECTION('',(0.,0.,1.));
#10925 = DEFINITIONAL_REPRESENTATION('',(#10926),#10930);
#10926 = LINE('',#10927,#10928);
#10927 = CARTESIAN_POINT('',(0.,0.));
#10928 = VECTOR('',#10929,1.);
#10929 = DIRECTION('',(1.,0.));
#10930 = ( GEOMETRIC_REPRESENTATION_CONTEXT(2) 
PARAMETRIC_REPRESENTATION_CONTEXT() REPRESENTATION_CONTEXT('2D SPACE',''
  ) );
#10931 = ORIENTED_EDGE('',*,*,#10932,.F.);
#10932 = EDGE_CURVE('',#10732,#10905,#10933,.T.);
#10933 = SURFACE_CURVE('',#10934,(#10938,#10945),.PCURVE_S1.);
#10934 = LINE('',#10935,#10936);
#10935 = CARTESIAN_POINT('',(170.,82.,188.));
#10936 = VECTOR('',#10937,1.);
#10937 = DIRECTION('',(-0.,1.,0.));
#10938 = PCURVE('',#10740,#10939);
#10939 = DEFINITIONAL_REPRESENTATION('',(#10940),#10944);
#10940 = LINE('',#10941,#10942);
#10941 = CARTESIAN_POINT('',(30.,0.));
#10942 = VECTOR('',#10943,1.);
#10943 = DIRECTION('',(0.,-1.));
#10944 = ( GEOMETRIC_REPRESENTATION_CONTEXT(2) 
PARAMETRIC_REPRESENTATION_CONTEXT() REPRESENTATION_CONTEXT('2D SPACE',''
  ) );
#10945 = PCURVE('',#10946,#10951);
#10946 = PLANE('',#10947);
#10947 = AXIS2_PLACEMENT_3D('',#10948,#10949,#10950);
#10948 = CARTESIAN_POINT('',(170.,82.,188.));
#10949 = DIRECTION('',(0.,0.,1.));
#10950 = DIRECTION('',(1.,0.,-0.));
#10951 = DEFINITIONAL_REPRESENTATION('',(#10952),#10956);
#10952 = LINE('',#10953,#10954);
#10953 = CARTESIAN_POINT('',(0.,0.));
#10954 = VECTOR('',#10955,1.);
#10955 = DIRECTION('',(0.,1.));
#10956 = ( GEOMETRIC_REPRESENTATION_CONTEXT(2) 
PARAMETRIC_REPRESENTATION_CONTEXT() REPRESENTATION_CONTEXT('2D SPACE',''
  ) );
#10957 = ADVANCED_FACE('',(#10958,#11033),#10752,.F.);
#10958 = FACE_BOUND('',#10959,.F.);
#10959 = EDGE_LOOP('',(#10960,#10983,#10984,#11007));
#10960 = ORIENTED_EDGE('',*,*,#10961,.F.);
#10961 = EDGE_CURVE('',#10730,#10962,#10964,.T.);
#10962 = VERTEX_POINT('',#10963);
#10963 = CARTESIAN_POINT('',(190.,82.,158.));
#10964 = SURFACE_CURVE('',#10965,(#10969,#10976),.PCURVE_S1.);
#10965 = LINE('',#10966,#10967);
#10966 = CARTESIAN_POINT('',(170.,82.,158.));
#10967 = VECTOR('',#10968,1.);
#10968 = DIRECTION('',(1.,0.,-0.));
#10969 = PCURVE('',#10752,#10970);
#10970 = DEFINITIONAL_REPRESENTATION('',(#10971),#10975);
#10971 = LINE('',#10972,#10973);
#10972 = CARTESIAN_POINT('',(0.,0.));
#10973 = VECTOR('',#10974,1.);
#10974 = DIRECTION('',(0.,1.));
#10975 = ( GEOMETRIC_REPRESENTATION_CONTEXT(2) 
PARAMETRIC_REPRESENTATION_CONTEXT() REPRESENTATION_CONTEXT('2D SPACE',''
  ) );
#10976 = PCURVE('',#10780,#10977);
#10977 = DEFINITIONAL_REPRESENTATION('',(#10978),#10982);
#10978 = LINE('',#10979,#10980);
#10979 = CARTESIAN_POINT('',(0.,0.));
#10980 = VECTOR('',#10981,1.);
#10981 = DIRECTION('',(1.,0.));
#10982 = ( GEOMETRIC_REPRESENTATION_CONTEXT(2) 
PARAMETRIC_REPRESENTATION_CONTEXT() REPRESENTATION_CONTEXT('2D SPACE',''
  ) );
#10983 = ORIENTED_EDGE('',*,*,#10729,.T.);
#10984 = ORIENTED_EDGE('',*,*,#10985,.T.);
#10985 = EDGE_CURVE('',#10732,#10986,#10988,.T.);
#10986 = VERTEX_POINT('',#10987);
#10987 = CARTESIAN_POINT('',(190.,82.,188.));
#10988 = SURFACE_CURVE('',#10989,(#10993,#11000),.PCURVE_S1.);
#10989 = LINE('',#10990,#10991);
#10990 = CARTESIAN_POINT('',(170.,82.,188.));
#10991 = VECTOR('',#10992,1.);
#10992 = DIRECTION('',(1.,0.,-0.));
#10993 = PCURVE('',#10752,#10994);
#10994 = DEFINITIONAL_REPRESENTATION('',(#10995),#10999);
#10995 = LINE('',#10996,#10997);
#10996 = CARTESIAN_POINT('',(30.,0.));
#10997 = VECTOR('',#10998,1.);
#10998 = DIRECTION('',(0.,1.));
#10999 = ( GEOMETRIC_REPRESENTATION_CONTEXT(2) 
PARAMETRIC_REPRESENTATION_CONTEXT() REPRESENTATION_CONTEXT('2D SPACE',''
  ) );
#11000 = PCURVE('',#10946,#11001);
#11001 = DEFINITIONAL_REPRESENTATION('',(#11002),#11006);
#11002 = LINE('',#11003,#11004);
#11003 = CARTESIAN_POINT('',(0.,0.));
#11004 = VECTOR('',#11005,1.);
#11005 = DIRECTION('',(1.,0.));
#11006 = ( GEOMETRIC_REPRESENTATION_CONTEXT(2) 
PARAMETRIC_REPRESENTATION_CONTEXT() REPRESENTATION_CONTEXT('2D SPACE',''
  ) );
#11007 = ORIENTED_EDGE('',*,*,#11008,.F.);
#11008 = EDGE_CURVE('',#10962,#10986,#11009,.T.);
#11009 = SURFACE_CURVE('',#11010,(#11014,#11021),.PCURVE_S1.);
#11010 = LINE('',#11011,#11012);
#11011 = CARTESIAN_POINT('',(190.,82.,158.));
#11012 = VECTOR('',#11013,1.);
#11013 = DIRECTION('',(0.,0.,1.));
#11014 = PCURVE('',#10752,#11015);
#11015 = DEFINITIONAL_REPRESENTATION('',(#11016),#11020);
#11016 = LINE('',#11017,#11018);
#11017 = CARTESIAN_POINT('',(0.,20.));
#11018 = VECTOR('',#11019,1.);
#11019 = DIRECTION('',(1.,0.));
#11020 = ( GEOMETRIC_REPRESENTATION_CONTEXT(2) 
PARAMETRIC_REPRESENTATION_CONTEXT() REPRESENTATION_CONTEXT('2D SPACE',''
  ) );
#11021 = PCURVE('',#11022,#11027);
#11022 = PLANE('',#11023);
#11023 = AXIS2_PLACEMENT_3D('',#11024,#11025,#11026);
#11024 = CARTESIAN_POINT('',(190.,82.,158.));
#11025 = DIRECTION('',(1.,0.,-0.));
#11026 = DIRECTION('',(0.,0.,1.));
#11027 = DEFINITIONAL_REPRESENTATION('',(#11028),#11032);
#11028 = LINE('',#11029,#11030);
#11029 = CARTESIAN_POINT('',(0.,0.));
#11030 = VECTOR('',#11031,1.);
#11031 = DIRECTION('',(1.,0.));
#11032 = ( GEOMETRIC_REPRESENTATION_CONTEXT(2) 
PARAMETRIC_REPRESENTATION_CONTEXT() REPRESENTATION_CONTEXT('2D SPACE',''
  ) );
#11033 = FACE_BOUND('',#11034,.F.);
#11034 = EDGE_LOOP('',(#11035));
#11035 = ORIENTED_EDGE('',*,*,#11036,.T.);
#11036 = EDGE_CURVE('',#11037,#11037,#11039,.T.);
#11037 = VERTEX_POINT('',#11038);
#11038 = CARTESIAN_POINT('',(182.75,82.,175.));
#11039 = SURFACE_CURVE('',#11040,(#11045,#11056),.PCURVE_S1.);
#11040 = CIRCLE('',#11041,2.75);
#11041 = AXIS2_PLACEMENT_3D('',#11042,#11043,#11044);
#11042 = CARTESIAN_POINT('',(180.,82.,175.));
#11043 = DIRECTION('',(0.,-1.,2.22044604925E-16));
#11044 = DIRECTION('',(1.,0.,0.));
#11045 = PCURVE('',#10752,#11046);
#11046 = DEFINITIONAL_REPRESENTATION('',(#11047),#11055);
#11047 = ( BOUNDED_CURVE() B_SPLINE_CURVE(2,(#11048,#11049,#11050,#11051
    ,#11052,#11053,#11054),.UNSPECIFIED.,.T.,.F.) 
B_SPLINE_CURVE_WITH_KNOTS((1,2,2,2,2,1),(-2.094395102393,0.,
    2.094395102393,4.188790204786,6.28318530718,8.377580409573),
.UNSPECIFIED.) CURVE() GEOMETRIC_REPRESENTATION_ITEM() 
RATIONAL_B_SPLINE_CURVE((1.,0.5,1.,0.5,1.,0.5,1.)) REPRESENTATION_ITEM(
  '') );
#11048 = CARTESIAN_POINT('',(17.,12.75));
#11049 = CARTESIAN_POINT('',(21.763139720814,12.75));
#11050 = CARTESIAN_POINT('',(19.381569860407,8.625));
#11051 = CARTESIAN_POINT('',(17.,4.5));
#11052 = CARTESIAN_POINT('',(14.618430139593,8.625));
#11053 = CARTESIAN_POINT('',(12.236860279186,12.75));
#11054 = CARTESIAN_POINT('',(17.,12.75));
#11055 = ( GEOMETRIC_REPRESENTATION_CONTEXT(2) 
PARAMETRIC_REPRESENTATION_CONTEXT() REPRESENTATION_CONTEXT('2D SPACE',''
  ) );
#11056 = PCURVE('',#11057,#11062);
#11057 = CYLINDRICAL_SURFACE('',#11058,2.75);
#11058 = AXIS2_PLACEMENT_3D('',#11059,#11060,#11061);
#11059 = CARTESIAN_POINT('',(180.,86.,175.));
#11060 = DIRECTION('',(0.,-1.,2.22044604925E-16));
#11061 = DIRECTION('',(1.,0.,0.));
#11062 = DEFINITIONAL_REPRESENTATION('',(#11063),#11067);
#11063 = LINE('',#11064,#11065);
#11064 = CARTESIAN_POINT('',(0.,4.));
#11065 = VECTOR('',#11066,1.);
#11066 = DIRECTION('',(1.,0.));
#11067 = ( GEOMETRIC_REPRESENTATION_CONTEXT(2) 
PARAMETRIC_REPRESENTATION_CONTEXT() REPRESENTATION_CONTEXT('2D SPACE',''
  ) );
#11068 = ADVANCED_FACE('',(#11069),#10780,.F.);
#11069 = FACE_BOUND('',#11070,.F.);
#11070 = EDGE_LOOP('',(#11071,#11072,#11095,#11116));
#11071 = ORIENTED_EDGE('',*,*,#10961,.T.);
#11072 = ORIENTED_EDGE('',*,*,#11073,.F.);
#11073 = EDGE_CURVE('',#11074,#10962,#11076,.T.);
#11074 = VERTEX_POINT('',#11075);
#11075 = CARTESIAN_POINT('',(190.,127.,158.));
#11076 = SURFACE_CURVE('',#11077,(#11081,#11088),.PCURVE_S1.);
#11077 = LINE('',#11078,#11079);
#11078 = CARTESIAN_POINT('',(190.,127.,158.));
#11079 = VECTOR('',#11080,1.);
#11080 = DIRECTION('',(0.,-1.,0.));
#11081 = PCURVE('',#10780,#11082);
#11082 = DEFINITIONAL_REPRESENTATION('',(#11083),#11087);
#11083 = LINE('',#11084,#11085);
#11084 = CARTESIAN_POINT('',(20.,45.));
#11085 = VECTOR('',#11086,1.);
#11086 = DIRECTION('',(0.,-1.));
#11087 = ( GEOMETRIC_REPRESENTATION_CONTEXT(2) 
PARAMETRIC_REPRESENTATION_CONTEXT() REPRESENTATION_CONTEXT('2D SPACE',''
  ) );
#11088 = PCURVE('',#11022,#11089);
#11089 = DEFINITIONAL_REPRESENTATION('',(#11090),#11094);
#11090 = LINE('',#11091,#11092);
#11091 = CARTESIAN_POINT('',(0.,-45.));
#11092 = VECTOR('',#11093,1.);
#11093 = DIRECTION('',(0.,1.));
#11094 = ( GEOMETRIC_REPRESENTATION_CONTEXT(2) 
PARAMETRIC_REPRESENTATION_CONTEXT() REPRESENTATION_CONTEXT('2D SPACE',''
  ) );
#11095 = ORIENTED_EDGE('',*,*,#11096,.F.);
#11096 = EDGE_CURVE('',#10765,#11074,#11097,.T.);
#11097 = SURFACE_CURVE('',#11098,(#11102,#11109),.PCURVE_S1.);
#11098 = LINE('',#11099,#11100);
#11099 = CARTESIAN_POINT('',(170.,127.,158.));
#11100 = VECTOR('',#11101,1.);
#11101 = DIRECTION('',(1.,0.,-0.));
#11102 = PCURVE('',#10780,#11103);
#11103 = DEFINITIONAL_REPRESENTATION('',(#11104),#11108);
#11104 = LINE('',#11105,#11106);
#11105 = CARTESIAN_POINT('',(0.,45.));
#11106 = VECTOR('',#11107,1.);
#11107 = DIRECTION('',(1.,0.));
#11108 = ( GEOMETRIC_REPRESENTATION_CONTEXT(2) 
PARAMETRIC_REPRESENTATION_CONTEXT() REPRESENTATION_CONTEXT('2D SPACE',''
  ) );
#11109 = PCURVE('',#10808,#11110);
#11110 = DEFINITIONAL_REPRESENTATION('',(#11111),#11115);
#11111 = LINE('',#11112,#11113);
#11112 = CARTESIAN_POINT('',(0.,0.));
#11113 = VECTOR('',#11114,1.);
#11114 = DIRECTION('',(0.,1.));
#11115 = ( GEOMETRIC_REPRESENTATION_CONTEXT(2) 
PARAMETRIC_REPRESENTATION_CONTEXT() REPRESENTATION_CONTEXT('2D SPACE',''
  ) );
#11116 = ORIENTED_EDGE('',*,*,#10764,.T.);
#11117 = ADVANCED_FACE('',(#11118),#10808,.T.);
#11118 = FACE_BOUND('',#11119,.T.);
#11119 = EDGE_LOOP('',(#11120,#11121,#11122,#11145));
#11120 = ORIENTED_EDGE('',*,*,#11096,.F.);
#11121 = ORIENTED_EDGE('',*,*,#10792,.F.);
#11122 = ORIENTED_EDGE('',*,*,#11123,.T.);
#11123 = EDGE_CURVE('',#10793,#11124,#11126,.T.);
#11124 = VERTEX_POINT('',#11125);
#11125 = CARTESIAN_POINT('',(190.,127.,219.));
#11126 = SURFACE_CURVE('',#11127,(#11131,#11138),.PCURVE_S1.);
#11127 = LINE('',#11128,#11129);
#11128 = CARTESIAN_POINT('',(170.,127.,219.));
#11129 = VECTOR('',#11130,1.);
#11130 = DIRECTION('',(1.,0.,-0.));
#11131 = PCURVE('',#10808,#11132);
#11132 = DEFINITIONAL_REPRESENTATION('',(#11133),#11137);
#11133 = LINE('',#11134,#11135);
#11134 = CARTESIAN_POINT('',(61.,0.));
#11135 = VECTOR('',#11136,1.);
#11136 = DIRECTION('',(0.,1.));
#11137 = ( GEOMETRIC_REPRESENTATION_CONTEXT(2) 
PARAMETRIC_REPRESENTATION_CONTEXT() REPRESENTATION_CONTEXT('2D SPACE',''
  ) );
#11138 = PCURVE('',#10836,#11139);
#11139 = DEFINITIONAL_REPRESENTATION('',(#11140),#11144);
#11140 = LINE('',#11141,#11142);
#11141 = CARTESIAN_POINT('',(0.,3.));
#11142 = VECTOR('',#11143,1.);
#11143 = DIRECTION('',(1.,0.));
#11144 = ( GEOMETRIC_REPRESENTATION_CONTEXT(2) 
PARAMETRIC_REPRESENTATION_CONTEXT() REPRESENTATION_CONTEXT('2D SPACE',''
  ) );
#11145 = ORIENTED_EDGE('',*,*,#11146,.T.);
#11146 = EDGE_CURVE('',#11124,#11074,#11147,.T.);
#11147 = SURFACE_CURVE('',#11148,(#11152,#11159),.PCURVE_S1.);
#11148 = LINE('',#11149,#11150);
#11149 = CARTESIAN_POINT('',(190.,127.,219.));
#11150 = VECTOR('',#11151,1.);
#11151 = DIRECTION('',(0.,0.,-1.));
#11152 = PCURVE('',#10808,#11153);
#11153 = DEFINITIONAL_REPRESENTATION('',(#11154),#11158);
#11154 = LINE('',#11155,#11156);
#11155 = CARTESIAN_POINT('',(61.,20.));
#11156 = VECTOR('',#11157,1.);
#11157 = DIRECTION('',(-1.,0.));
#11158 = ( GEOMETRIC_REPRESENTATION_CONTEXT(2) 
PARAMETRIC_REPRESENTATION_CONTEXT() REPRESENTATION_CONTEXT('2D SPACE',''
  ) );
#11159 = PCURVE('',#11022,#11160);
#11160 = DEFINITIONAL_REPRESENTATION('',(#11161),#11165);
#11161 = LINE('',#11162,#11163);
#11162 = CARTESIAN_POINT('',(61.,-45.));
#11163 = VECTOR('',#11164,1.);
#11164 = DIRECTION('',(-1.,0.));
#11165 = ( GEOMETRIC_REPRESENTATION_CONTEXT(2) 
PARAMETRIC_REPRESENTATION_CONTEXT() REPRESENTATION_CONTEXT('2D SPACE',''
  ) );
#11166 = ADVANCED_FACE('',(#11167),#10836,.T.);
#11167 = FACE_BOUND('',#11168,.T.);
#11168 = EDGE_LOOP('',(#11169,#11170,#11193,#11214));
#11169 = ORIENTED_EDGE('',*,*,#10820,.F.);
#11170 = ORIENTED_EDGE('',*,*,#11171,.T.);
#11171 = EDGE_CURVE('',#10821,#11172,#11174,.T.);
#11172 = VERTEX_POINT('',#11173);
#11173 = CARTESIAN_POINT('',(190.,124.,219.));
#11174 = SURFACE_CURVE('',#11175,(#11179,#11186),.PCURVE_S1.);
#11175 = LINE('',#11176,#11177);
#11176 = CARTESIAN_POINT('',(170.,124.,219.));
#11177 = VECTOR('',#11178,1.);
#11178 = DIRECTION('',(1.,0.,-0.));
#11179 = PCURVE('',#10836,#11180);
#11180 = DEFINITIONAL_REPRESENTATION('',(#11181),#11185);
#11181 = LINE('',#11182,#11183);
#11182 = CARTESIAN_POINT('',(0.,0.));
#11183 = VECTOR('',#11184,1.);
#11184 = DIRECTION('',(1.,0.));
#11185 = ( GEOMETRIC_REPRESENTATION_CONTEXT(2) 
PARAMETRIC_REPRESENTATION_CONTEXT() REPRESENTATION_CONTEXT('2D SPACE',''
  ) );
#11186 = PCURVE('',#10864,#11187);
#11187 = DEFINITIONAL_REPRESENTATION('',(#11188),#11192);
#11188 = LINE('',#11189,#11190);
#11189 = CARTESIAN_POINT('',(58.,0.));
#11190 = VECTOR('',#11191,1.);
#11191 = DIRECTION('',(0.,1.));
#11192 = ( GEOMETRIC_REPRESENTATION_CONTEXT(2) 
PARAMETRIC_REPRESENTATION_CONTEXT() REPRESENTATION_CONTEXT('2D SPACE',''
  ) );
#11193 = ORIENTED_EDGE('',*,*,#11194,.T.);
#11194 = EDGE_CURVE('',#11172,#11124,#11195,.T.);
#11195 = SURFACE_CURVE('',#11196,(#11200,#11207),.PCURVE_S1.);
#11196 = LINE('',#11197,#11198);
#11197 = CARTESIAN_POINT('',(190.,124.,219.));
#11198 = VECTOR('',#11199,1.);
#11199 = DIRECTION('',(-0.,1.,0.));
#11200 = PCURVE('',#10836,#11201);
#11201 = DEFINITIONAL_REPRESENTATION('',(#11202),#11206);
#11202 = LINE('',#11203,#11204);
#11203 = CARTESIAN_POINT('',(20.,0.));
#11204 = VECTOR('',#11205,1.);
#11205 = DIRECTION('',(0.,1.));
#11206 = ( GEOMETRIC_REPRESENTATION_CONTEXT(2) 
PARAMETRIC_REPRESENTATION_CONTEXT() REPRESENTATION_CONTEXT('2D SPACE',''
  ) );
#11207 = PCURVE('',#11022,#11208);
#11208 = DEFINITIONAL_REPRESENTATION('',(#11209),#11213);
#11209 = LINE('',#11210,#11211);
#11210 = CARTESIAN_POINT('',(61.,-42.));
#11211 = VECTOR('',#11212,1.);
#11212 = DIRECTION('',(0.,-1.));
#11213 = ( GEOMETRIC_REPRESENTATION_CONTEXT(2) 
PARAMETRIC_REPRESENTATION_CONTEXT() REPRESENTATION_CONTEXT('2D SPACE',''
  ) );
#11214 = ORIENTED_EDGE('',*,*,#11123,.F.);
#11215 = ADVANCED_FACE('',(#11216),#10864,.F.);
#11216 = FACE_BOUND('',#11217,.F.);
#11217 = EDGE_LOOP('',(#11218,#11241,#11242,#11243));
#11218 = ORIENTED_EDGE('',*,*,#11219,.F.);
#11219 = EDGE_CURVE('',#10849,#11220,#11222,.T.);
#11220 = VERTEX_POINT('',#11221);
#11221 = CARTESIAN_POINT('',(190.,124.,161.));
#11222 = SURFACE_CURVE('',#11223,(#11227,#11234),.PCURVE_S1.);
#11223 = LINE('',#11224,#11225);
#11224 = CARTESIAN_POINT('',(170.,124.,161.));
#11225 = VECTOR('',#11226,1.);
#11226 = DIRECTION('',(1.,0.,-0.));
#11227 = PCURVE('',#10864,#11228);
#11228 = DEFINITIONAL_REPRESENTATION('',(#11229),#11233);
#11229 = LINE('',#11230,#11231);
#11230 = CARTESIAN_POINT('',(0.,0.));
#11231 = VECTOR('',#11232,1.);
#11232 = DIRECTION('',(0.,1.));
#11233 = ( GEOMETRIC_REPRESENTATION_CONTEXT(2) 
PARAMETRIC_REPRESENTATION_CONTEXT() REPRESENTATION_CONTEXT('2D SPACE',''
  ) );
#11234 = PCURVE('',#10892,#11235);
#11235 = DEFINITIONAL_REPRESENTATION('',(#11236),#11240);
#11236 = LINE('',#11237,#11238);
#11237 = CARTESIAN_POINT('',(0.,42.));
#11238 = VECTOR('',#11239,1.);
#11239 = DIRECTION('',(1.,0.));
#11240 = ( GEOMETRIC_REPRESENTATION_CONTEXT(2) 
PARAMETRIC_REPRESENTATION_CONTEXT() REPRESENTATION_CONTEXT('2D SPACE',''
  ) );
#11241 = ORIENTED_EDGE('',*,*,#10848,.T.);
#11242 = ORIENTED_EDGE('',*,*,#11171,.T.);
#11243 = ORIENTED_EDGE('',*,*,#11244,.F.);
#11244 = EDGE_CURVE('',#11220,#11172,#11245,.T.);
#11245 = SURFACE_CURVE('',#11246,(#11250,#11257),.PCURVE_S1.);
#11246 = LINE('',#11247,#11248);
#11247 = CARTESIAN_POINT('',(190.,124.,161.));
#11248 = VECTOR('',#11249,1.);
#11249 = DIRECTION('',(0.,0.,1.));
#11250 = PCURVE('',#10864,#11251);
#11251 = DEFINITIONAL_REPRESENTATION('',(#11252),#11256);
#11252 = LINE('',#11253,#11254);
#11253 = CARTESIAN_POINT('',(0.,20.));
#11254 = VECTOR('',#11255,1.);
#11255 = DIRECTION('',(1.,0.));
#11256 = ( GEOMETRIC_REPRESENTATION_CONTEXT(2) 
PARAMETRIC_REPRESENTATION_CONTEXT() REPRESENTATION_CONTEXT('2D SPACE',''
  ) );
#11257 = PCURVE('',#11022,#11258);
#11258 = DEFINITIONAL_REPRESENTATION('',(#11259),#11263);
#11259 = LINE('',#11260,#11261);
#11260 = CARTESIAN_POINT('',(3.,-42.));
#11261 = VECTOR('',#11262,1.);
#11262 = DIRECTION('',(1.,0.));
#11263 = ( GEOMETRIC_REPRESENTATION_CONTEXT(2) 
PARAMETRIC_REPRESENTATION_CONTEXT() REPRESENTATION_CONTEXT('2D SPACE',''
  ) );
#11264 = ADVANCED_FACE('',(#11265),#10892,.T.);
#11265 = FACE_BOUND('',#11266,.T.);
#11266 = EDGE_LOOP('',(#11267,#11268,#11289,#11310));
#11267 = ORIENTED_EDGE('',*,*,#10876,.F.);
#11268 = ORIENTED_EDGE('',*,*,#11269,.F.);
#11269 = EDGE_CURVE('',#11270,#10877,#11272,.T.);
#11270 = VERTEX_POINT('',#11271);
#11271 = CARTESIAN_POINT('',(190.,85.,161.));
#11272 = SURFACE_CURVE('',#11273,(#11277,#11283),.PCURVE_S1.);
#11273 = LINE('',#11274,#11275);
#11274 = CARTESIAN_POINT('',(170.,85.,161.));
#11275 = VECTOR('',#11276,1.);
#11276 = DIRECTION('',(-1.,-0.,0.));
#11277 = PCURVE('',#10892,#11278);
#11278 = DEFINITIONAL_REPRESENTATION('',(#11279),#11282);
#11279 = B_SPLINE_CURVE_WITH_KNOTS('',1,(#11280,#11281),.UNSPECIFIED.,
  .F.,.F.,(2,2),(-20.,0.),.PIECEWISE_BEZIER_KNOTS.);
#11280 = CARTESIAN_POINT('',(20.,3.));
#11281 = CARTESIAN_POINT('',(0.,3.));
#11282 = ( GEOMETRIC_REPRESENTATION_CONTEXT(2) 
PARAMETRIC_REPRESENTATION_CONTEXT() REPRESENTATION_CONTEXT('2D SPACE',''
  ) );
#11283 = PCURVE('',#10920,#11284);
#11284 = DEFINITIONAL_REPRESENTATION('',(#11285),#11288);
#11285 = B_SPLINE_CURVE_WITH_KNOTS('',1,(#11286,#11287),.UNSPECIFIED.,
  .F.,.F.,(2,2),(-20.,0.),.PIECEWISE_BEZIER_KNOTS.);
#11286 = CARTESIAN_POINT('',(3.,20.));
#11287 = CARTESIAN_POINT('',(3.,0.));
#11288 = ( GEOMETRIC_REPRESENTATION_CONTEXT(2) 
PARAMETRIC_REPRESENTATION_CONTEXT() REPRESENTATION_CONTEXT('2D SPACE',''
  ) );
#11289 = ORIENTED_EDGE('',*,*,#11290,.T.);
#11290 = EDGE_CURVE('',#11270,#11220,#11291,.T.);
#11291 = SURFACE_CURVE('',#11292,(#11296,#11303),.PCURVE_S1.);
#11292 = LINE('',#11293,#11294);
#11293 = CARTESIAN_POINT('',(190.,82.,161.));
#11294 = VECTOR('',#11295,1.);
#11295 = DIRECTION('',(-0.,1.,0.));
#11296 = PCURVE('',#10892,#11297);
#11297 = DEFINITIONAL_REPRESENTATION('',(#11298),#11302);
#11298 = LINE('',#11299,#11300);
#11299 = CARTESIAN_POINT('',(20.,0.));
#11300 = VECTOR('',#11301,1.);
#11301 = DIRECTION('',(0.,1.));
#11302 = ( GEOMETRIC_REPRESENTATION_CONTEXT(2) 
PARAMETRIC_REPRESENTATION_CONTEXT() REPRESENTATION_CONTEXT('2D SPACE',''
  ) );
#11303 = PCURVE('',#11022,#11304);
#11304 = DEFINITIONAL_REPRESENTATION('',(#11305),#11309);
#11305 = LINE('',#11306,#11307);
#11306 = CARTESIAN_POINT('',(3.,0.));
#11307 = VECTOR('',#11308,1.);
#11308 = DIRECTION('',(0.,-1.));
#11309 = ( GEOMETRIC_REPRESENTATION_CONTEXT(2) 
PARAMETRIC_REPRESENTATION_CONTEXT() REPRESENTATION_CONTEXT('2D SPACE',''
  ) );
#11310 = ORIENTED_EDGE('',*,*,#11219,.F.);
#11311 = ADVANCED_FACE('',(#11312,#11360),#10920,.T.);
#11312 = FACE_BOUND('',#11313,.T.);
#11313 = EDGE_LOOP('',(#11314,#11337,#11338,#11339));
#11314 = ORIENTED_EDGE('',*,*,#11315,.F.);
#11315 = EDGE_CURVE('',#11270,#11316,#11318,.T.);
#11316 = VERTEX_POINT('',#11317);
#11317 = CARTESIAN_POINT('',(190.,85.,188.));
#11318 = SURFACE_CURVE('',#11319,(#11323,#11330),.PCURVE_S1.);
#11319 = LINE('',#11320,#11321);
#11320 = CARTESIAN_POINT('',(190.,85.,158.));
#11321 = VECTOR('',#11322,1.);
#11322 = DIRECTION('',(0.,0.,1.));
#11323 = PCURVE('',#10920,#11324);
#11324 = DEFINITIONAL_REPRESENTATION('',(#11325),#11329);
#11325 = LINE('',#11326,#11327);
#11326 = CARTESIAN_POINT('',(0.,20.));
#11327 = VECTOR('',#11328,1.);
#11328 = DIRECTION('',(1.,0.));
#11329 = ( GEOMETRIC_REPRESENTATION_CONTEXT(2) 
PARAMETRIC_REPRESENTATION_CONTEXT() REPRESENTATION_CONTEXT('2D SPACE',''
  ) );
#11330 = PCURVE('',#11022,#11331);
#11331 = DEFINITIONAL_REPRESENTATION('',(#11332),#11336);
#11332 = LINE('',#11333,#11334);
#11333 = CARTESIAN_POINT('',(0.,-3.));
#11334 = VECTOR('',#11335,1.);
#11335 = DIRECTION('',(1.,0.));
#11336 = ( GEOMETRIC_REPRESENTATION_CONTEXT(2) 
PARAMETRIC_REPRESENTATION_CONTEXT() REPRESENTATION_CONTEXT('2D SPACE',''
  ) );
#11337 = ORIENTED_EDGE('',*,*,#11269,.T.);
#11338 = ORIENTED_EDGE('',*,*,#10904,.T.);
#11339 = ORIENTED_EDGE('',*,*,#11340,.T.);
#11340 = EDGE_CURVE('',#10905,#11316,#11341,.T.);
#11341 = SURFACE_CURVE('',#11342,(#11346,#11353),.PCURVE_S1.);
#11342 = LINE('',#11343,#11344);
#11343 = CARTESIAN_POINT('',(170.,85.,188.));
#11344 = VECTOR('',#11345,1.);
#11345 = DIRECTION('',(1.,0.,-0.));
#11346 = PCURVE('',#10920,#11347);
#11347 = DEFINITIONAL_REPRESENTATION('',(#11348),#11352);
#11348 = LINE('',#11349,#11350);
#11349 = CARTESIAN_POINT('',(30.,0.));
#11350 = VECTOR('',#11351,1.);
#11351 = DIRECTION('',(0.,1.));
#11352 = ( GEOMETRIC_REPRESENTATION_CONTEXT(2) 
PARAMETRIC_REPRESENTATION_CONTEXT() REPRESENTATION_CONTEXT('2D SPACE',''
  ) );
#11353 = PCURVE('',#10946,#11354);
#11354 = DEFINITIONAL_REPRESENTATION('',(#11355),#11359);
#11355 = LINE('',#11356,#11357);
#11356 = CARTESIAN_POINT('',(0.,3.));
#11357 = VECTOR('',#11358,1.);
#11358 = DIRECTION('',(1.,0.));
#11359 = ( GEOMETRIC_REPRESENTATION_CONTEXT(2) 
PARAMETRIC_REPRESENTATION_CONTEXT() REPRESENTATION_CONTEXT('2D SPACE',''
  ) );
#11360 = FACE_BOUND('',#11361,.T.);
#11361 = EDGE_LOOP('',(#11362));
#11362 = ORIENTED_EDGE('',*,*,#11363,.T.);
#11363 = EDGE_CURVE('',#11364,#11364,#11366,.T.);
#11364 = VERTEX_POINT('',#11365);
#11365 = CARTESIAN_POINT('',(182.75,85.,175.));
#11366 = SURFACE_CURVE('',#11367,(#11372,#11383),.PCURVE_S1.);
#11367 = CIRCLE('',#11368,2.75);
#11368 = AXIS2_PLACEMENT_3D('',#11369,#11370,#11371);
#11369 = CARTESIAN_POINT('',(180.,85.,175.));
#11370 = DIRECTION('',(0.,-1.,2.22044604925E-16));
#11371 = DIRECTION('',(1.,0.,0.));
#11372 = PCURVE('',#10920,#11373);
#11373 = DEFINITIONAL_REPRESENTATION('',(#11374),#11382);
#11374 = ( BOUNDED_CURVE() B_SPLINE_CURVE(2,(#11375,#11376,#11377,#11378
    ,#11379,#11380,#11381),.UNSPECIFIED.,.T.,.F.) 
B_SPLINE_CURVE_WITH_KNOTS((1,2,2,2,2,1),(-2.094395102393,0.,
    2.094395102393,4.188790204786,6.28318530718,8.377580409573),
.UNSPECIFIED.) CURVE() GEOMETRIC_REPRESENTATION_ITEM() 
RATIONAL_B_SPLINE_CURVE((1.,0.5,1.,0.5,1.,0.5,1.)) REPRESENTATION_ITEM(
  '') );
#11375 = CARTESIAN_POINT('',(17.,12.75));
#11376 = CARTESIAN_POINT('',(21.763139720814,12.75));
#11377 = CARTESIAN_POINT('',(19.381569860407,8.625));
#11378 = CARTESIAN_POINT('',(17.,4.5));
#11379 = CARTESIAN_POINT('',(14.618430139593,8.625));
#11380 = CARTESIAN_POINT('',(12.236860279186,12.75));
#11381 = CARTESIAN_POINT('',(17.,12.75));
#11382 = ( GEOMETRIC_REPRESENTATION_CONTEXT(2) 
PARAMETRIC_REPRESENTATION_CONTEXT() REPRESENTATION_CONTEXT('2D SPACE',''
  ) );
#11383 = PCURVE('',#11057,#11384);
#11384 = DEFINITIONAL_REPRESENTATION('',(#11385),#11389);
#11385 = LINE('',#11386,#11387);
#11386 = CARTESIAN_POINT('',(0.,1.));
#11387 = VECTOR('',#11388,1.);
#11388 = DIRECTION('',(1.,0.));
#11389 = ( GEOMETRIC_REPRESENTATION_CONTEXT(2) 
PARAMETRIC_REPRESENTATION_CONTEXT() REPRESENTATION_CONTEXT('2D SPACE',''
  ) );
#11390 = ADVANCED_FACE('',(#11391),#10946,.T.);
#11391 = FACE_BOUND('',#11392,.T.);
#11392 = EDGE_LOOP('',(#11393,#11394,#11395,#11416));
#11393 = ORIENTED_EDGE('',*,*,#10932,.F.);
#11394 = ORIENTED_EDGE('',*,*,#10985,.T.);
#11395 = ORIENTED_EDGE('',*,*,#11396,.T.);
#11396 = EDGE_CURVE('',#10986,#11316,#11397,.T.);
#11397 = SURFACE_CURVE('',#11398,(#11402,#11409),.PCURVE_S1.);
#11398 = LINE('',#11399,#11400);
#11399 = CARTESIAN_POINT('',(190.,82.,188.));
#11400 = VECTOR('',#11401,1.);
#11401 = DIRECTION('',(-0.,1.,0.));
#11402 = PCURVE('',#10946,#11403);
#11403 = DEFINITIONAL_REPRESENTATION('',(#11404),#11408);
#11404 = LINE('',#11405,#11406);
#11405 = CARTESIAN_POINT('',(20.,0.));
#11406 = VECTOR('',#11407,1.);
#11407 = DIRECTION('',(0.,1.));
#11408 = ( GEOMETRIC_REPRESENTATION_CONTEXT(2) 
PARAMETRIC_REPRESENTATION_CONTEXT() REPRESENTATION_CONTEXT('2D SPACE',''
  ) );
#11409 = PCURVE('',#11022,#11410);
#11410 = DEFINITIONAL_REPRESENTATION('',(#11411),#11415);
#11411 = LINE('',#11412,#11413);
#11412 = CARTESIAN_POINT('',(30.,0.));
#11413 = VECTOR('',#11414,1.);
#11414 = DIRECTION('',(0.,-1.));
#11415 = ( GEOMETRIC_REPRESENTATION_CONTEXT(2) 
PARAMETRIC_REPRESENTATION_CONTEXT() REPRESENTATION_CONTEXT('2D SPACE',''
  ) );
#11416 = ORIENTED_EDGE('',*,*,#11340,.F.);
#11417 = ADVANCED_FACE('',(#11418),#11022,.T.);
#11418 = FACE_BOUND('',#11419,.T.);
#11419 = EDGE_LOOP('',(#11420,#11421,#11422,#11423,#11424,#11425,#11426,
    #11427));
#11420 = ORIENTED_EDGE('',*,*,#11008,.F.);
#11421 = ORIENTED_EDGE('',*,*,#11073,.F.);
#11422 = ORIENTED_EDGE('',*,*,#11146,.F.);
#11423 = ORIENTED_EDGE('',*,*,#11194,.F.);
#11424 = ORIENTED_EDGE('',*,*,#11244,.F.);
#11425 = ORIENTED_EDGE('',*,*,#11290,.F.);
#11426 = ORIENTED_EDGE('',*,*,#11315,.T.);
#11427 = ORIENTED_EDGE('',*,*,#11396,.F.);
#11428 = ADVANCED_FACE('',(#11429),#11057,.F.);
#11429 = FACE_BOUND('',#11430,.F.);
#11430 = EDGE_LOOP('',(#11431,#11432,#11453,#11454));
#11431 = ORIENTED_EDGE('',*,*,#11036,.F.);
#11432 = ORIENTED_EDGE('',*,*,#11433,.F.);
#11433 = EDGE_CURVE('',#11364,#11037,#11434,.T.);
#11434 = SEAM_CURVE('',#11435,(#11439,#11446),.PCURVE_S1.);
#11435 = LINE('',#11436,#11437);
#11436 = CARTESIAN_POINT('',(182.75,86.,175.));
#11437 = VECTOR('',#11438,1.);
#11438 = DIRECTION('',(0.,-1.,2.22044604925E-16));
#11439 = PCURVE('',#11057,#11440);
#11440 = DEFINITIONAL_REPRESENTATION('',(#11441),#11445);
#11441 = LINE('',#11442,#11443);
#11442 = CARTESIAN_POINT('',(6.28318530718,-0.));
#11443 = VECTOR('',#11444,1.);
#11444 = DIRECTION('',(0.,1.));
#11445 = ( GEOMETRIC_REPRESENTATION_CONTEXT(2) 
PARAMETRIC_REPRESENTATION_CONTEXT() REPRESENTATION_CONTEXT('2D SPACE',''
  ) );
#11446 = PCURVE('',#11057,#11447);
#11447 = DEFINITIONAL_REPRESENTATION('',(#11448),#11452);
#11448 = LINE('',#11449,#11450);
#11449 = CARTESIAN_POINT('',(0.,-0.));
#11450 = VECTOR('',#11451,1.);
#11451 = DIRECTION('',(0.,1.));
#11452 = ( GEOMETRIC_REPRESENTATION_CONTEXT(2) 
PARAMETRIC_REPRESENTATION_CONTEXT() REPRESENTATION_CONTEXT('2D SPACE',''
  ) );
#11453 = ORIENTED_EDGE('',*,*,#11363,.T.);
#11454 = ORIENTED_EDGE('',*,*,#11433,.T.);
#11455 = ( GEOMETRIC_REPRESENTATION_CONTEXT(3) 
GLOBAL_UNCERTAINTY_ASSIGNED_CONTEXT((#11459)) 
GLOBAL_UNIT_ASSIGNED_CONTEXT((#11456,#11457,#11458)) 
REPRESENTATION_CONTEXT('Context #1',
  '3D Context with UNIT and UNCERTAINTY') );
#11456 = ( LENGTH_UNIT() NAMED_UNIT(*) SI_UNIT(.MILLI.,.METRE.) );
#11457 = ( NAMED_UNIT(*) PLANE_ANGLE_UNIT() SI_UNIT($,.RADIAN.) );
#11458 = ( NAMED_UNIT(*) SI_UNIT($,.STERADIAN.) SOLID_ANGLE_UNIT() );
#11459 = UNCERTAINTY_MEASURE_WITH_UNIT(LENGTH_MEASURE(2.E-07),#11456,
  'distance_accuracy_value','confusion accuracy');
#11460 = CONTEXT_DEPENDENT_SHAPE_REPRESENTATION(#11461,#11463);
#11461 = ( REPRESENTATION_RELATIONSHIP('','',#10722,#10) 
REPRESENTATION_RELATIONSHIP_WITH_TRANSFORMATION(#11462) 
SHAPE_REPRESENTATION_RELATIONSHIP() );
#11462 = ITEM_DEFINED_TRANSFORMATION('','',#11,#71);
#11463 = PRODUCT_DEFINITION_SHAPE('Placement','Placement of an item',
  #11464);
#11464 = NEXT_ASSEMBLY_USAGE_OCCURRENCE('51','=>[0:1:1:16]','',#5,#10717
  ,$);
#11465 = PRODUCT_RELATED_PRODUCT_CATEGORY('part',$,(#10719));
#11466 = SHAPE_DEFINITION_REPRESENTATION(#11467,#11473);
#11467 = PRODUCT_DEFINITION_SHAPE('','',#11468);
#11468 = PRODUCT_DEFINITION('design','',#11469,#11472);
#11469 = PRODUCT_DEFINITION_FORMATION('','',#11470);
#11470 = PRODUCT('COMPOUND','COMPOUND','',(#11471));
#11471 = PRODUCT_CONTEXT('',#2,'mechanical');
#11472 = PRODUCT_DEFINITION_CONTEXT('part definition',#2,'design');
#11473 = SHAPE_REPRESENTATION('',(#11,#11474,#11810),#12314);
#11474 = MANIFOLD_SOLID_BREP('',#11475);
#11475 = CLOSED_SHELL('',(#11476,#11594,#11675,#11727,#11776,#11803));
#11476 = ADVANCED_FACE('',(#11477),#11491,.F.);
#11477 = FACE_BOUND('',#11478,.F.);
#11478 = EDGE_LOOP('',(#11479,#11514,#11542,#11570));
#11479 = ORIENTED_EDGE('',*,*,#11480,.F.);
#11480 = EDGE_CURVE('',#11481,#11483,#11485,.T.);
#11481 = VERTEX_POINT('',#11482);
#11482 = CARTESIAN_POINT('',(47.,-12.5,8.));
#11483 = VERTEX_POINT('',#11484);
#11484 = CARTESIAN_POINT('',(47.,-12.5,16.886447127434));
#11485 = SURFACE_CURVE('',#11486,(#11490,#11502),.PCURVE_S1.);
#11486 = LINE('',#11487,#11488);
#11487 = CARTESIAN_POINT('',(47.,-12.5,8.));
#11488 = VECTOR('',#11489,1.);
#11489 = DIRECTION('',(0.,0.,1.));
#11490 = PCURVE('',#11491,#11496);
#11491 = PLANE('',#11492);
#11492 = AXIS2_PLACEMENT_3D('',#11493,#11494,#11495);
#11493 = CARTESIAN_POINT('',(47.,-12.5,8.));
#11494 = DIRECTION('',(1.,0.,-0.));
#11495 = DIRECTION('',(0.,0.,1.));
#11496 = DEFINITIONAL_REPRESENTATION('',(#11497),#11501);
#11497 = LINE('',#11498,#11499);
#11498 = CARTESIAN_POINT('',(0.,0.));
#11499 = VECTOR('',#11500,1.);
#11500 = DIRECTION('',(1.,0.));
#11501 = ( GEOMETRIC_REPRESENTATION_CONTEXT(2) 
PARAMETRIC_REPRESENTATION_CONTEXT() REPRESENTATION_CONTEXT('2D SPACE',''
  ) );
#11502 = PCURVE('',#11503,#11508);
#11503 = PLANE('',#11504);
#11504 = AXIS2_PLACEMENT_3D('',#11505,#11506,#11507);
#11505 = CARTESIAN_POINT('',(47.,-12.5,8.));
#11506 = DIRECTION('',(-0.,1.,0.));
#11507 = DIRECTION('',(0.,0.,1.));
#11508 = DEFINITIONAL_REPRESENTATION('',(#11509),#11513);
#11509 = LINE('',#11510,#11511);
#11510 = CARTESIAN_POINT('',(0.,0.));
#11511 = VECTOR('',#11512,1.);
#11512 = DIRECTION('',(1.,0.));
#11513 = ( GEOMETRIC_REPRESENTATION_CONTEXT(2) 
PARAMETRIC_REPRESENTATION_CONTEXT() REPRESENTATION_CONTEXT('2D SPACE',''
  ) );
#11514 = ORIENTED_EDGE('',*,*,#11515,.T.);
#11515 = EDGE_CURVE('',#11481,#11516,#11518,.T.);
#11516 = VERTEX_POINT('',#11517);
#11517 = CARTESIAN_POINT('',(47.,12.5,8.));
#11518 = SURFACE_CURVE('',#11519,(#11523,#11530),.PCURVE_S1.);
#11519 = LINE('',#11520,#11521);
#11520 = CARTESIAN_POINT('',(47.,-12.5,8.));
#11521 = VECTOR('',#11522,1.);
#11522 = DIRECTION('',(-0.,1.,0.));
#11523 = PCURVE('',#11491,#11524);
#11524 = DEFINITIONAL_REPRESENTATION('',(#11525),#11529);
#11525 = LINE('',#11526,#11527);
#11526 = CARTESIAN_POINT('',(0.,0.));
#11527 = VECTOR('',#11528,1.);
#11528 = DIRECTION('',(0.,-1.));
#11529 = ( GEOMETRIC_REPRESENTATION_CONTEXT(2) 
PARAMETRIC_REPRESENTATION_CONTEXT() REPRESENTATION_CONTEXT('2D SPACE',''
  ) );
#11530 = PCURVE('',#11531,#11536);
#11531 = PLANE('',#11532);
#11532 = AXIS2_PLACEMENT_3D('',#11533,#11534,#11535);
#11533 = CARTESIAN_POINT('',(47.,-12.5,8.));
#11534 = DIRECTION('',(0.,0.,1.));
#11535 = DIRECTION('',(1.,0.,-0.));
#11536 = DEFINITIONAL_REPRESENTATION('',(#11537),#11541);
#11537 = LINE('',#11538,#11539);
#11538 = CARTESIAN_POINT('',(0.,0.));
#11539 = VECTOR('',#11540,1.);
#11540 = DIRECTION('',(0.,1.));
#11541 = ( GEOMETRIC_REPRESENTATION_CONTEXT(2) 
PARAMETRIC_REPRESENTATION_CONTEXT() REPRESENTATION_CONTEXT('2D SPACE',''
  ) );
#11542 = ORIENTED_EDGE('',*,*,#11543,.T.);
#11543 = EDGE_CURVE('',#11516,#11544,#11546,.T.);
#11544 = VERTEX_POINT('',#11545);
#11545 = CARTESIAN_POINT('',(47.,12.5,16.886447127434));
#11546 = SURFACE_CURVE('',#11547,(#11551,#11558),.PCURVE_S1.);
#11547 = LINE('',#11548,#11549);
#11548 = CARTESIAN_POINT('',(47.,12.5,8.));
#11549 = VECTOR('',#11550,1.);
#11550 = DIRECTION('',(0.,0.,1.));
#11551 = PCURVE('',#11491,#11552);
#11552 = DEFINITIONAL_REPRESENTATION('',(#11553),#11557);
#11553 = LINE('',#11554,#11555);
#11554 = CARTESIAN_POINT('',(0.,-25.));
#11555 = VECTOR('',#11556,1.);
#11556 = DIRECTION('',(1.,0.));
#11557 = ( GEOMETRIC_REPRESENTATION_CONTEXT(2) 
PARAMETRIC_REPRESENTATION_CONTEXT() REPRESENTATION_CONTEXT('2D SPACE',''
  ) );
#11558 = PCURVE('',#11559,#11564);
#11559 = PLANE('',#11560);
#11560 = AXIS2_PLACEMENT_3D('',#11561,#11562,#11563);
#11561 = CARTESIAN_POINT('',(47.,12.5,8.));
#11562 = DIRECTION('',(-0.,1.,0.));
#11563 = DIRECTION('',(0.,0.,1.));
#11564 = DEFINITIONAL_REPRESENTATION('',(#11565),#11569);
#11565 = LINE('',#11566,#11567);
#11566 = CARTESIAN_POINT('',(0.,0.));
#11567 = VECTOR('',#11568,1.);
#11568 = DIRECTION('',(1.,0.));
#11569 = ( GEOMETRIC_REPRESENTATION_CONTEXT(2) 
PARAMETRIC_REPRESENTATION_CONTEXT() REPRESENTATION_CONTEXT('2D SPACE',''
  ) );
#11570 = ORIENTED_EDGE('',*,*,#11571,.T.);
#11571 = EDGE_CURVE('',#11544,#11483,#11572,.T.);
#11572 = SURFACE_CURVE('',#11573,(#11577,#11583),.PCURVE_S1.);
#11573 = LINE('',#11574,#11575);
#11574 = CARTESIAN_POINT('',(47.,14.,16.886447127434));
#11575 = VECTOR('',#11576,1.);
#11576 = DIRECTION('',(0.,-1.,2.22044604925E-16));
#11577 = PCURVE('',#11491,#11578);
#11578 = DEFINITIONAL_REPRESENTATION('',(#11579),#11582);
#11579 = B_SPLINE_CURVE_WITH_KNOTS('',1,(#11580,#11581),.UNSPECIFIED.,
  .F.,.F.,(2,2),(-5.999999999062E-07,28.0000006),
  .PIECEWISE_BEZIER_KNOTS.);
#11580 = CARTESIAN_POINT('',(8.886447127434,-26.5000006));
#11581 = CARTESIAN_POINT('',(8.886447127434,1.5000006));
#11582 = ( GEOMETRIC_REPRESENTATION_CONTEXT(2) 
PARAMETRIC_REPRESENTATION_CONTEXT() REPRESENTATION_CONTEXT('2D SPACE',''
  ) );
#11583 = PCURVE('',#11584,#11589);
#11584 = CYLINDRICAL_SURFACE('',#11585,3.2);
#11585 = AXIS2_PLACEMENT_3D('',#11586,#11587,#11588);
#11586 = CARTESIAN_POINT('',(50.,14.,18.));
#11587 = DIRECTION('',(0.,-1.,2.22044604925E-16));
#11588 = DIRECTION('',(1.,0.,0.));
#11589 = DEFINITIONAL_REPRESENTATION('',(#11590),#11593);
#11590 = B_SPLINE_CURVE_WITH_KNOTS('',1,(#11591,#11592),.UNSPECIFIED.,
  .F.,.F.,(2,2),(-5.999999999062E-07,28.0000006),
  .PIECEWISE_BEZIER_KNOTS.);
#11591 = CARTESIAN_POINT('',(3.49701385528,-6.000000001535E-07));
#11592 = CARTESIAN_POINT('',(3.49701385528,28.0000006));
#11593 = ( GEOMETRIC_REPRESENTATION_CONTEXT(2) 
PARAMETRIC_REPRESENTATION_CONTEXT() REPRESENTATION_CONTEXT('2D SPACE',''
  ) );
#11594 = ADVANCED_FACE('',(#11595),#11503,.F.);
#11595 = FACE_BOUND('',#11596,.F.);
#11596 = EDGE_LOOP('',(#11597,#11627,#11648,#11649));
#11597 = ORIENTED_EDGE('',*,*,#11598,.F.);
#11598 = EDGE_CURVE('',#11599,#11601,#11603,.T.);
#11599 = VERTEX_POINT('',#11600);
#11600 = CARTESIAN_POINT('',(53.,-12.5,8.));
#11601 = VERTEX_POINT('',#11602);
#11602 = CARTESIAN_POINT('',(53.,-12.5,16.886447127434));
#11603 = SURFACE_CURVE('',#11604,(#11608,#11615),.PCURVE_S1.);
#11604 = LINE('',#11605,#11606);
#11605 = CARTESIAN_POINT('',(53.,-12.5,8.));
#11606 = VECTOR('',#11607,1.);
#11607 = DIRECTION('',(0.,0.,1.));
#11608 = PCURVE('',#11503,#11609);
#11609 = DEFINITIONAL_REPRESENTATION('',(#11610),#11614);
#11610 = LINE('',#11611,#11612);
#11611 = CARTESIAN_POINT('',(0.,6.));
#11612 = VECTOR('',#11613,1.);
#11613 = DIRECTION('',(1.,0.));
#11614 = ( GEOMETRIC_REPRESENTATION_CONTEXT(2) 
PARAMETRIC_REPRESENTATION_CONTEXT() REPRESENTATION_CONTEXT('2D SPACE',''
  ) );
#11615 = PCURVE('',#11616,#11621);
#11616 = PLANE('',#11617);
#11617 = AXIS2_PLACEMENT_3D('',#11618,#11619,#11620);
#11618 = CARTESIAN_POINT('',(53.,-12.5,8.));
#11619 = DIRECTION('',(1.,0.,-0.));
#11620 = DIRECTION('',(0.,0.,1.));
#11621 = DEFINITIONAL_REPRESENTATION('',(#11622),#11626);
#11622 = LINE('',#11623,#11624);
#11623 = CARTESIAN_POINT('',(0.,0.));
#11624 = VECTOR('',#11625,1.);
#11625 = DIRECTION('',(1.,0.));
#11626 = ( GEOMETRIC_REPRESENTATION_CONTEXT(2) 
PARAMETRIC_REPRESENTATION_CONTEXT() REPRESENTATION_CONTEXT('2D SPACE',''
  ) );
#11627 = ORIENTED_EDGE('',*,*,#11628,.F.);
#11628 = EDGE_CURVE('',#11481,#11599,#11629,.T.);
#11629 = SURFACE_CURVE('',#11630,(#11634,#11641),.PCURVE_S1.);
#11630 = LINE('',#11631,#11632);
#11631 = CARTESIAN_POINT('',(47.,-12.5,8.));
#11632 = VECTOR('',#11633,1.);
#11633 = DIRECTION('',(1.,0.,-0.));
#11634 = PCURVE('',#11503,#11635);
#11635 = DEFINITIONAL_REPRESENTATION('',(#11636),#11640);
#11636 = LINE('',#11637,#11638);
#11637 = CARTESIAN_POINT('',(0.,0.));
#11638 = VECTOR('',#11639,1.);
#11639 = DIRECTION('',(0.,1.));
#11640 = ( GEOMETRIC_REPRESENTATION_CONTEXT(2) 
PARAMETRIC_REPRESENTATION_CONTEXT() REPRESENTATION_CONTEXT('2D SPACE',''
  ) );
#11641 = PCURVE('',#11531,#11642);
#11642 = DEFINITIONAL_REPRESENTATION('',(#11643),#11647);
#11643 = LINE('',#11644,#11645);
#11644 = CARTESIAN_POINT('',(0.,0.));
#11645 = VECTOR('',#11646,1.);
#11646 = DIRECTION('',(1.,0.));
#11647 = ( GEOMETRIC_REPRESENTATION_CONTEXT(2) 
PARAMETRIC_REPRESENTATION_CONTEXT() REPRESENTATION_CONTEXT('2D SPACE',''
  ) );
#11648 = ORIENTED_EDGE('',*,*,#11480,.T.);
#11649 = ORIENTED_EDGE('',*,*,#11650,.T.);
#11650 = EDGE_CURVE('',#11483,#11601,#11651,.T.);
#11651 = SURFACE_CURVE('',#11652,(#11657,#11668),.PCURVE_S1.);
#11652 = CIRCLE('',#11653,3.2);
#11653 = AXIS2_PLACEMENT_3D('',#11654,#11655,#11656);
#11654 = CARTESIAN_POINT('',(50.,-12.5,18.));
#11655 = DIRECTION('',(0.,-1.,2.22044604925E-16));
#11656 = DIRECTION('',(1.,0.,0.));
#11657 = PCURVE('',#11503,#11658);
#11658 = DEFINITIONAL_REPRESENTATION('',(#11659),#11667);
#11659 = ( BOUNDED_CURVE() B_SPLINE_CURVE(2,(#11660,#11661,#11662,#11663
    ,#11664,#11665,#11666),.UNSPECIFIED.,.T.,.F.) 
B_SPLINE_CURVE_WITH_KNOTS((1,2,2,2,2,1),(-2.094395102393,0.,
    2.094395102393,4.188790204786,6.28318530718,8.377580409573),
.UNSPECIFIED.) CURVE() GEOMETRIC_REPRESENTATION_ITEM() 
RATIONAL_B_SPLINE_CURVE((1.,0.5,1.,0.5,1.,0.5,1.)) REPRESENTATION_ITEM(
  '') );
#11660 = CARTESIAN_POINT('',(10.,6.2));
#11661 = CARTESIAN_POINT('',(15.54256258422,6.2));
#11662 = CARTESIAN_POINT('',(12.77128129211,1.4));
#11663 = CARTESIAN_POINT('',(10.,-3.4));
#11664 = CARTESIAN_POINT('',(7.22871870789,1.4));
#11665 = CARTESIAN_POINT('',(4.45743741578,6.2));
#11666 = CARTESIAN_POINT('',(10.,6.2));
#11667 = ( GEOMETRIC_REPRESENTATION_CONTEXT(2) 
PARAMETRIC_REPRESENTATION_CONTEXT() REPRESENTATION_CONTEXT('2D SPACE',''
  ) );
#11668 = PCURVE('',#11584,#11669);
#11669 = DEFINITIONAL_REPRESENTATION('',(#11670),#11674);
#11670 = LINE('',#11671,#11672);
#11671 = CARTESIAN_POINT('',(0.,26.5));
#11672 = VECTOR('',#11673,1.);
#11673 = DIRECTION('',(1.,0.));
#11674 = ( GEOMETRIC_REPRESENTATION_CONTEXT(2) 
PARAMETRIC_REPRESENTATION_CONTEXT() REPRESENTATION_CONTEXT('2D SPACE',''
  ) );
#11675 = ADVANCED_FACE('',(#11676),#11584,.F.);
#11676 = FACE_BOUND('',#11677,.F.);
#11677 = EDGE_LOOP('',(#11678,#11679,#11707,#11726));
#11678 = ORIENTED_EDGE('',*,*,#11571,.F.);
#11679 = ORIENTED_EDGE('',*,*,#11680,.T.);
#11680 = EDGE_CURVE('',#11544,#11681,#11683,.T.);
#11681 = VERTEX_POINT('',#11682);
#11682 = CARTESIAN_POINT('',(53.,12.5,16.886447127434));
#11683 = SURFACE_CURVE('',#11684,(#11689,#11696),.PCURVE_S1.);
#11684 = CIRCLE('',#11685,3.2);
#11685 = AXIS2_PLACEMENT_3D('',#11686,#11687,#11688);
#11686 = CARTESIAN_POINT('',(50.,12.5,18.));
#11687 = DIRECTION('',(0.,-1.,2.22044604925E-16));
#11688 = DIRECTION('',(1.,0.,0.));
#11689 = PCURVE('',#11584,#11690);
#11690 = DEFINITIONAL_REPRESENTATION('',(#11691),#11695);
#11691 = LINE('',#11692,#11693);
#11692 = CARTESIAN_POINT('',(0.,1.5));
#11693 = VECTOR('',#11694,1.);
#11694 = DIRECTION('',(1.,0.));
#11695 = ( GEOMETRIC_REPRESENTATION_CONTEXT(2) 
PARAMETRIC_REPRESENTATION_CONTEXT() REPRESENTATION_CONTEXT('2D SPACE',''
  ) );
#11696 = PCURVE('',#11559,#11697);
#11697 = DEFINITIONAL_REPRESENTATION('',(#11698),#11706);
#11698 = ( BOUNDED_CURVE() B_SPLINE_CURVE(2,(#11699,#11700,#11701,#11702
    ,#11703,#11704,#11705),.UNSPECIFIED.,.T.,.F.) 
B_SPLINE_CURVE_WITH_KNOTS((1,2,2,2,2,1),(-2.094395102393,0.,
    2.094395102393,4.188790204786,6.28318530718,8.377580409573),
.UNSPECIFIED.) CURVE() GEOMETRIC_REPRESENTATION_ITEM() 
RATIONAL_B_SPLINE_CURVE((1.,0.5,1.,0.5,1.,0.5,1.)) REPRESENTATION_ITEM(
  '') );
#11699 = CARTESIAN_POINT('',(10.,6.2));
#11700 = CARTESIAN_POINT('',(15.54256258422,6.2));
#11701 = CARTESIAN_POINT('',(12.77128129211,1.4));
#11702 = CARTESIAN_POINT('',(10.,-3.4));
#11703 = CARTESIAN_POINT('',(7.22871870789,1.4));
#11704 = CARTESIAN_POINT('',(4.45743741578,6.2));
#11705 = CARTESIAN_POINT('',(10.,6.2));
#11706 = ( GEOMETRIC_REPRESENTATION_CONTEXT(2) 
PARAMETRIC_REPRESENTATION_CONTEXT() REPRESENTATION_CONTEXT('2D SPACE',''
  ) );
#11707 = ORIENTED_EDGE('',*,*,#11708,.T.);
#11708 = EDGE_CURVE('',#11681,#11601,#11709,.T.);
#11709 = SURFACE_CURVE('',#11710,(#11714,#11720),.PCURVE_S1.);
#11710 = LINE('',#11711,#11712);
#11711 = CARTESIAN_POINT('',(53.,14.,16.886447127434));
#11712 = VECTOR('',#11713,1.);
#11713 = DIRECTION('',(0.,-1.,2.22044604925E-16));
#11714 = PCURVE('',#11584,#11715);
#11715 = DEFINITIONAL_REPRESENTATION('',(#11716),#11719);
#11716 = B_SPLINE_CURVE_WITH_KNOTS('',1,(#11717,#11718),.UNSPECIFIED.,
  .F.,.F.,(2,2),(-5.999999999062E-07,28.0000006),
  .PIECEWISE_BEZIER_KNOTS.);
#11717 = CARTESIAN_POINT('',(5.927764105489,-6.000000001535E-07));
#11718 = CARTESIAN_POINT('',(5.927764105489,28.0000006));
#11719 = ( GEOMETRIC_REPRESENTATION_CONTEXT(2) 
PARAMETRIC_REPRESENTATION_CONTEXT() REPRESENTATION_CONTEXT('2D SPACE',''
  ) );
#11720 = PCURVE('',#11616,#11721);
#11721 = DEFINITIONAL_REPRESENTATION('',(#11722),#11725);
#11722 = B_SPLINE_CURVE_WITH_KNOTS('',1,(#11723,#11724),.UNSPECIFIED.,
  .F.,.F.,(2,2),(-5.999999999062E-07,28.0000006),
  .PIECEWISE_BEZIER_KNOTS.);
#11723 = CARTESIAN_POINT('',(8.886447127434,-26.5000006));
#11724 = CARTESIAN_POINT('',(8.886447127434,1.5000006));
#11725 = ( GEOMETRIC_REPRESENTATION_CONTEXT(2) 
PARAMETRIC_REPRESENTATION_CONTEXT() REPRESENTATION_CONTEXT('2D SPACE',''
  ) );
#11726 = ORIENTED_EDGE('',*,*,#11650,.F.);
#11727 = ADVANCED_FACE('',(#11728),#11559,.T.);
#11728 = FACE_BOUND('',#11729,.T.);
#11729 = EDGE_LOOP('',(#11730,#11753,#11774,#11775));
#11730 = ORIENTED_EDGE('',*,*,#11731,.F.);
#11731 = EDGE_CURVE('',#11732,#11681,#11734,.T.);
#11732 = VERTEX_POINT('',#11733);
#11733 = CARTESIAN_POINT('',(53.,12.5,8.));
#11734 = SURFACE_CURVE('',#11735,(#11739,#11746),.PCURVE_S1.);
#11735 = LINE('',#11736,#11737);
#11736 = CARTESIAN_POINT('',(53.,12.5,8.));
#11737 = VECTOR('',#11738,1.);
#11738 = DIRECTION('',(0.,0.,1.));
#11739 = PCURVE('',#11559,#11740);
#11740 = DEFINITIONAL_REPRESENTATION('',(#11741),#11745);
#11741 = LINE('',#11742,#11743);
#11742 = CARTESIAN_POINT('',(0.,6.));
#11743 = VECTOR('',#11744,1.);
#11744 = DIRECTION('',(1.,0.));
#11745 = ( GEOMETRIC_REPRESENTATION_CONTEXT(2) 
PARAMETRIC_REPRESENTATION_CONTEXT() REPRESENTATION_CONTEXT('2D SPACE',''
  ) );
#11746 = PCURVE('',#11616,#11747);
#11747 = DEFINITIONAL_REPRESENTATION('',(#11748),#11752);
#11748 = LINE('',#11749,#11750);
#11749 = CARTESIAN_POINT('',(0.,-25.));
#11750 = VECTOR('',#11751,1.);
#11751 = DIRECTION('',(1.,0.));
#11752 = ( GEOMETRIC_REPRESENTATION_CONTEXT(2) 
PARAMETRIC_REPRESENTATION_CONTEXT() REPRESENTATION_CONTEXT('2D SPACE',''
  ) );
#11753 = ORIENTED_EDGE('',*,*,#11754,.F.);
#11754 = EDGE_CURVE('',#11516,#11732,#11755,.T.);
#11755 = SURFACE_CURVE('',#11756,(#11760,#11767),.PCURVE_S1.);
#11756 = LINE('',#11757,#11758);
#11757 = CARTESIAN_POINT('',(47.,12.5,8.));
#11758 = VECTOR('',#11759,1.);
#11759 = DIRECTION('',(1.,0.,-0.));
#11760 = PCURVE('',#11559,#11761);
#11761 = DEFINITIONAL_REPRESENTATION('',(#11762),#11766);
#11762 = LINE('',#11763,#11764);
#11763 = CARTESIAN_POINT('',(0.,0.));
#11764 = VECTOR('',#11765,1.);
#11765 = DIRECTION('',(0.,1.));
#11766 = ( GEOMETRIC_REPRESENTATION_CONTEXT(2) 
PARAMETRIC_REPRESENTATION_CONTEXT() REPRESENTATION_CONTEXT('2D SPACE',''
  ) );
#11767 = PCURVE('',#11531,#11768);
#11768 = DEFINITIONAL_REPRESENTATION('',(#11769),#11773);
#11769 = LINE('',#11770,#11771);
#11770 = CARTESIAN_POINT('',(0.,25.));
#11771 = VECTOR('',#11772,1.);
#11772 = DIRECTION('',(1.,0.));
#11773 = ( GEOMETRIC_REPRESENTATION_CONTEXT(2) 
PARAMETRIC_REPRESENTATION_CONTEXT() REPRESENTATION_CONTEXT('2D SPACE',''
  ) );
#11774 = ORIENTED_EDGE('',*,*,#11543,.T.);
#11775 = ORIENTED_EDGE('',*,*,#11680,.T.);
#11776 = ADVANCED_FACE('',(#11777),#11531,.F.);
#11777 = FACE_BOUND('',#11778,.F.);
#11778 = EDGE_LOOP('',(#11779,#11780,#11781,#11802));
#11779 = ORIENTED_EDGE('',*,*,#11515,.F.);
#11780 = ORIENTED_EDGE('',*,*,#11628,.T.);
#11781 = ORIENTED_EDGE('',*,*,#11782,.T.);
#11782 = EDGE_CURVE('',#11599,#11732,#11783,.T.);
#11783 = SURFACE_CURVE('',#11784,(#11788,#11795),.PCURVE_S1.);
#11784 = LINE('',#11785,#11786);
#11785 = CARTESIAN_POINT('',(53.,-12.5,8.));
#11786 = VECTOR('',#11787,1.);
#11787 = DIRECTION('',(-0.,1.,0.));
#11788 = PCURVE('',#11531,#11789);
#11789 = DEFINITIONAL_REPRESENTATION('',(#11790),#11794);
#11790 = LINE('',#11791,#11792);
#11791 = CARTESIAN_POINT('',(6.,0.));
#11792 = VECTOR('',#11793,1.);
#11793 = DIRECTION('',(0.,1.));
#11794 = ( GEOMETRIC_REPRESENTATION_CONTEXT(2) 
PARAMETRIC_REPRESENTATION_CONTEXT() REPRESENTATION_CONTEXT('2D SPACE',''
  ) );
#11795 = PCURVE('',#11616,#11796);
#11796 = DEFINITIONAL_REPRESENTATION('',(#11797),#11801);
#11797 = LINE('',#11798,#11799);
#11798 = CARTESIAN_POINT('',(0.,0.));
#11799 = VECTOR('',#11800,1.);
#11800 = DIRECTION('',(0.,-1.));
#11801 = ( GEOMETRIC_REPRESENTATION_CONTEXT(2) 
PARAMETRIC_REPRESENTATION_CONTEXT() REPRESENTATION_CONTEXT('2D SPACE',''
  ) );
#11802 = ORIENTED_EDGE('',*,*,#11754,.F.);
#11803 = ADVANCED_FACE('',(#11804),#11616,.T.);
#11804 = FACE_BOUND('',#11805,.T.);
#11805 = EDGE_LOOP('',(#11806,#11807,#11808,#11809));
#11806 = ORIENTED_EDGE('',*,*,#11598,.F.);
#11807 = ORIENTED_EDGE('',*,*,#11782,.T.);
#11808 = ORIENTED_EDGE('',*,*,#11731,.T.);
#11809 = ORIENTED_EDGE('',*,*,#11708,.T.);
#11810 = MANIFOLD_SOLID_BREP('',#11811);
#11811 = CLOSED_SHELL('',(#11812,#11992,#12073,#12125,#12174,#12201,
    #12251,#12301));
#11812 = ADVANCED_FACE('',(#11813,#11930,#11961),#11827,.F.);
#11813 = FACE_BOUND('',#11814,.F.);
#11814 = EDGE_LOOP('',(#11815,#11850,#11876,#11904));
#11815 = ORIENTED_EDGE('',*,*,#11816,.F.);
#11816 = EDGE_CURVE('',#11817,#11819,#11821,.T.);
#11817 = VERTEX_POINT('',#11818);
#11818 = CARTESIAN_POINT('',(47.,-12.5,19.113552872566));
#11819 = VERTEX_POINT('',#11820);
#11820 = CARTESIAN_POINT('',(47.,-12.5,140.));
#11821 = SURFACE_CURVE('',#11822,(#11826,#11838),.PCURVE_S1.);
#11822 = LINE('',#11823,#11824);
#11823 = CARTESIAN_POINT('',(47.,-12.5,8.));
#11824 = VECTOR('',#11825,1.);
#11825 = DIRECTION('',(0.,0.,1.));
#11826 = PCURVE('',#11827,#11832);
#11827 = PLANE('',#11828);
#11828 = AXIS2_PLACEMENT_3D('',#11829,#11830,#11831);
#11829 = CARTESIAN_POINT('',(47.,-12.5,8.));
#11830 = DIRECTION('',(1.,0.,-0.));
#11831 = DIRECTION('',(0.,0.,1.));
#11832 = DEFINITIONAL_REPRESENTATION('',(#11833),#11837);
#11833 = LINE('',#11834,#11835);
#11834 = CARTESIAN_POINT('',(0.,0.));
#11835 = VECTOR('',#11836,1.);
#11836 = DIRECTION('',(1.,0.));
#11837 = ( GEOMETRIC_REPRESENTATION_CONTEXT(2) 
PARAMETRIC_REPRESENTATION_CONTEXT() REPRESENTATION_CONTEXT('2D SPACE',''
  ) );
#11838 = PCURVE('',#11839,#11844);
#11839 = PLANE('',#11840);
#11840 = AXIS2_PLACEMENT_3D('',#11841,#11842,#11843);
#11841 = CARTESIAN_POINT('',(47.,-12.5,8.));
#11842 = DIRECTION('',(-0.,1.,0.));
#11843 = DIRECTION('',(0.,0.,1.));
#11844 = DEFINITIONAL_REPRESENTATION('',(#11845),#11849);
#11845 = LINE('',#11846,#11847);
#11846 = CARTESIAN_POINT('',(0.,0.));
#11847 = VECTOR('',#11848,1.);
#11848 = DIRECTION('',(1.,0.));
#11849 = ( GEOMETRIC_REPRESENTATION_CONTEXT(2) 
PARAMETRIC_REPRESENTATION_CONTEXT() REPRESENTATION_CONTEXT('2D SPACE',''
  ) );
#11850 = ORIENTED_EDGE('',*,*,#11851,.F.);
#11851 = EDGE_CURVE('',#11852,#11817,#11854,.T.);
#11852 = VERTEX_POINT('',#11853);
#11853 = CARTESIAN_POINT('',(47.,12.5,19.113552872566));
#11854 = SURFACE_CURVE('',#11855,(#11859,#11865),.PCURVE_S1.);
#11855 = LINE('',#11856,#11857);
#11856 = CARTESIAN_POINT('',(47.,14.,19.113552872566));
#11857 = VECTOR('',#11858,1.);
#11858 = DIRECTION('',(0.,-1.,2.22044604925E-16));
#11859 = PCURVE('',#11827,#11860);
#11860 = DEFINITIONAL_REPRESENTATION('',(#11861),#11864);
#11861 = B_SPLINE_CURVE_WITH_KNOTS('',1,(#11862,#11863),.UNSPECIFIED.,
  .F.,.F.,(2,2),(-5.999999999062E-07,28.0000006),
  .PIECEWISE_BEZIER_KNOTS.);
#11862 = CARTESIAN_POINT('',(11.113552872566,-26.5000006));
#11863 = CARTESIAN_POINT('',(11.113552872566,1.5000006));
#11864 = ( GEOMETRIC_REPRESENTATION_CONTEXT(2) 
PARAMETRIC_REPRESENTATION_CONTEXT() REPRESENTATION_CONTEXT('2D SPACE',''
  ) );
#11865 = PCURVE('',#11866,#11871);
#11866 = CYLINDRICAL_SURFACE('',#11867,3.2);
#11867 = AXIS2_PLACEMENT_3D('',#11868,#11869,#11870);
#11868 = CARTESIAN_POINT('',(50.,14.,18.));
#11869 = DIRECTION('',(0.,-1.,2.22044604925E-16));
#11870 = DIRECTION('',(1.,0.,0.));
#11871 = DEFINITIONAL_REPRESENTATION('',(#11872),#11875);
#11872 = B_SPLINE_CURVE_WITH_KNOTS('',1,(#11873,#11874),.UNSPECIFIED.,
  .F.,.F.,(2,2),(-5.999999999062E-07,28.0000006),
  .PIECEWISE_BEZIER_KNOTS.);
#11873 = CARTESIAN_POINT('',(2.7861714519,-5.99999999659E-07));
#11874 = CARTESIAN_POINT('',(2.7861714519,28.0000006));
#11875 = ( GEOMETRIC_REPRESENTATION_CONTEXT(2) 
PARAMETRIC_REPRESENTATION_CONTEXT() REPRESENTATION_CONTEXT('2D SPACE',''
  ) );
#11876 = ORIENTED_EDGE('',*,*,#11877,.T.);
#11877 = EDGE_CURVE('',#11852,#11878,#11880,.T.);
#11878 = VERTEX_POINT('',#11879);
#11879 = CARTESIAN_POINT('',(47.,12.5,140.));
#11880 = SURFACE_CURVE('',#11881,(#11885,#11892),.PCURVE_S1.);
#11881 = LINE('',#11882,#11883);
#11882 = CARTESIAN_POINT('',(47.,12.5,8.));
#11883 = VECTOR('',#11884,1.);
#11884 = DIRECTION('',(0.,0.,1.));
#11885 = PCURVE('',#11827,#11886);
#11886 = DEFINITIONAL_REPRESENTATION('',(#11887),#11891);
#11887 = LINE('',#11888,#11889);
#11888 = CARTESIAN_POINT('',(0.,-25.));
#11889 = VECTOR('',#11890,1.);
#11890 = DIRECTION('',(1.,0.));
#11891 = ( GEOMETRIC_REPRESENTATION_CONTEXT(2) 
PARAMETRIC_REPRESENTATION_CONTEXT() REPRESENTATION_CONTEXT('2D SPACE',''
  ) );
#11892 = PCURVE('',#11893,#11898);
#11893 = PLANE('',#11894);
#11894 = AXIS2_PLACEMENT_3D('',#11895,#11896,#11897);
#11895 = CARTESIAN_POINT('',(47.,12.5,8.));
#11896 = DIRECTION('',(-0.,1.,0.));
#11897 = DIRECTION('',(0.,0.,1.));
#11898 = DEFINITIONAL_REPRESENTATION('',(#11899),#11903);
#11899 = LINE('',#11900,#11901);
#11900 = CARTESIAN_POINT('',(0.,0.));
#11901 = VECTOR('',#11902,1.);
#11902 = DIRECTION('',(1.,0.));
#11903 = ( GEOMETRIC_REPRESENTATION_CONTEXT(2) 
PARAMETRIC_REPRESENTATION_CONTEXT() REPRESENTATION_CONTEXT('2D SPACE',''
  ) );
#11904 = ORIENTED_EDGE('',*,*,#11905,.F.);
#11905 = EDGE_CURVE('',#11819,#11878,#11906,.T.);
#11906 = SURFACE_CURVE('',#11907,(#11911,#11918),.PCURVE_S1.);
#11907 = LINE('',#11908,#11909);
#11908 = CARTESIAN_POINT('',(47.,-12.5,140.));
#11909 = VECTOR('',#11910,1.);
#11910 = DIRECTION('',(-0.,1.,0.));
#11911 = PCURVE('',#11827,#11912);
#11912 = DEFINITIONAL_REPRESENTATION('',(#11913),#11917);
#11913 = LINE('',#11914,#11915);
#11914 = CARTESIAN_POINT('',(132.,0.));
#11915 = VECTOR('',#11916,1.);
#11916 = DIRECTION('',(0.,-1.));
#11917 = ( GEOMETRIC_REPRESENTATION_CONTEXT(2) 
PARAMETRIC_REPRESENTATION_CONTEXT() REPRESENTATION_CONTEXT('2D SPACE',''
  ) );
#11918 = PCURVE('',#11919,#11924);
#11919 = PLANE('',#11920);
#11920 = AXIS2_PLACEMENT_3D('',#11921,#11922,#11923);
#11921 = CARTESIAN_POINT('',(47.,-12.5,140.));
#11922 = DIRECTION('',(0.,0.,1.));
#11923 = DIRECTION('',(1.,0.,-0.));
#11924 = DEFINITIONAL_REPRESENTATION('',(#11925),#11929);
#11925 = LINE('',#11926,#11927);
#11926 = CARTESIAN_POINT('',(0.,0.));
#11927 = VECTOR('',#11928,1.);
#11928 = DIRECTION('',(0.,1.));
#11929 = ( GEOMETRIC_REPRESENTATION_CONTEXT(2) 
PARAMETRIC_REPRESENTATION_CONTEXT() REPRESENTATION_CONTEXT('2D SPACE',''
  ) );
#11930 = FACE_BOUND('',#11931,.F.);
#11931 = EDGE_LOOP('',(#11932));
#11932 = ORIENTED_EDGE('',*,*,#11933,.F.);
#11933 = EDGE_CURVE('',#11934,#11934,#11936,.T.);
#11934 = VERTEX_POINT('',#11935);
#11935 = CARTESIAN_POINT('',(47.,-6.73555739531E-16,102.25));
#11936 = SURFACE_CURVE('',#11937,(#11942,#11949),.PCURVE_S1.);
#11937 = CIRCLE('',#11938,2.75);
#11938 = AXIS2_PLACEMENT_3D('',#11939,#11940,#11941);
#11939 = CARTESIAN_POINT('',(47.,0.,105.));
#11940 = DIRECTION('',(1.,0.,2.22044604925E-16));
#11941 = DIRECTION('',(2.22044604925E-16,0.,-1.));
#11942 = PCURVE('',#11827,#11943);
#11943 = DEFINITIONAL_REPRESENTATION('',(#11944),#11948);
#11944 = CIRCLE('',#11945,2.75);
#11945 = AXIS2_PLACEMENT_2D('',#11946,#11947);
#11946 = CARTESIAN_POINT('',(97.,-12.5));
#11947 = DIRECTION('',(-1.,0.));
#11948 = ( GEOMETRIC_REPRESENTATION_CONTEXT(2) 
PARAMETRIC_REPRESENTATION_CONTEXT() REPRESENTATION_CONTEXT('2D SPACE',''
  ) );
#11949 = PCURVE('',#11950,#11955);
#11950 = CYLINDRICAL_SURFACE('',#11951,2.75);
#11951 = AXIS2_PLACEMENT_3D('',#11952,#11953,#11954);
#11952 = CARTESIAN_POINT('',(46.,0.,105.));
#11953 = DIRECTION('',(1.,0.,2.22044604925E-16));
#11954 = DIRECTION('',(2.22044604925E-16,0.,-1.));
#11955 = DEFINITIONAL_REPRESENTATION('',(#11956),#11960);
#11956 = LINE('',#11957,#11958);
#11957 = CARTESIAN_POINT('',(0.,1.));
#11958 = VECTOR('',#11959,1.);
#11959 = DIRECTION('',(1.,0.));
#11960 = ( GEOMETRIC_REPRESENTATION_CONTEXT(2) 
PARAMETRIC_REPRESENTATION_CONTEXT() REPRESENTATION_CONTEXT('2D SPACE',''
  ) );
#11961 = FACE_BOUND('',#11962,.F.);
#11962 = EDGE_LOOP('',(#11963));
#11963 = ORIENTED_EDGE('',*,*,#11964,.F.);
#11964 = EDGE_CURVE('',#11965,#11965,#11967,.T.);
#11965 = VERTEX_POINT('',#11966);
#11966 = CARTESIAN_POINT('',(47.,-6.73555739531E-16,127.25));
#11967 = SURFACE_CURVE('',#11968,(#11973,#11980),.PCURVE_S1.);
#11968 = CIRCLE('',#11969,2.75);
#11969 = AXIS2_PLACEMENT_3D('',#11970,#11971,#11972);
#11970 = CARTESIAN_POINT('',(47.,0.,130.));
#11971 = DIRECTION('',(1.,0.,2.22044604925E-16));
#11972 = DIRECTION('',(2.22044604925E-16,0.,-1.));
#11973 = PCURVE('',#11827,#11974);
#11974 = DEFINITIONAL_REPRESENTATION('',(#11975),#11979);
#11975 = CIRCLE('',#11976,2.75);
#11976 = AXIS2_PLACEMENT_2D('',#11977,#11978);
#11977 = CARTESIAN_POINT('',(122.,-12.5));
#11978 = DIRECTION('',(-1.,0.));
#11979 = ( GEOMETRIC_REPRESENTATION_CONTEXT(2) 
PARAMETRIC_REPRESENTATION_CONTEXT() REPRESENTATION_CONTEXT('2D SPACE',''
  ) );
#11980 = PCURVE('',#11981,#11986);
#11981 = CYLINDRICAL_SURFACE('',#11982,2.75);
#11982 = AXIS2_PLACEMENT_3D('',#11983,#11984,#11985);
#11983 = CARTESIAN_POINT('',(46.,0.,130.));
#11984 = DIRECTION('',(1.,0.,2.22044604925E-16));
#11985 = DIRECTION('',(2.22044604925E-16,0.,-1.));
#11986 = DEFINITIONAL_REPRESENTATION('',(#11987),#11991);
#11987 = LINE('',#11988,#11989);
#11988 = CARTESIAN_POINT('',(0.,1.));
#11989 = VECTOR('',#11990,1.);
#11990 = DIRECTION('',(1.,0.));
#11991 = ( GEOMETRIC_REPRESENTATION_CONTEXT(2) 
PARAMETRIC_REPRESENTATION_CONTEXT() REPRESENTATION_CONTEXT('2D SPACE',''
  ) );
#11992 = ADVANCED_FACE('',(#11993),#11839,.F.);
#11993 = FACE_BOUND('',#11994,.F.);
#11994 = EDGE_LOOP('',(#11995,#12025,#12051,#12052));
#11995 = ORIENTED_EDGE('',*,*,#11996,.F.);
#11996 = EDGE_CURVE('',#11997,#11999,#12001,.T.);
#11997 = VERTEX_POINT('',#11998);
#11998 = CARTESIAN_POINT('',(53.,-12.5,19.113552872566));
#11999 = VERTEX_POINT('',#12000);
#12000 = CARTESIAN_POINT('',(53.,-12.5,140.));
#12001 = SURFACE_CURVE('',#12002,(#12006,#12013),.PCURVE_S1.);
#12002 = LINE('',#12003,#12004);
#12003 = CARTESIAN_POINT('',(53.,-12.5,8.));
#12004 = VECTOR('',#12005,1.);
#12005 = DIRECTION('',(0.,0.,1.));
#12006 = PCURVE('',#11839,#12007);
#12007 = DEFINITIONAL_REPRESENTATION('',(#12008),#12012);
#12008 = LINE('',#12009,#12010);
#12009 = CARTESIAN_POINT('',(0.,6.));
#12010 = VECTOR('',#12011,1.);
#12011 = DIRECTION('',(1.,0.));
#12012 = ( GEOMETRIC_REPRESENTATION_CONTEXT(2) 
PARAMETRIC_REPRESENTATION_CONTEXT() REPRESENTATION_CONTEXT('2D SPACE',''
  ) );
#12013 = PCURVE('',#12014,#12019);
#12014 = PLANE('',#12015);
#12015 = AXIS2_PLACEMENT_3D('',#12016,#12017,#12018);
#12016 = CARTESIAN_POINT('',(53.,-12.5,8.));
#12017 = DIRECTION('',(1.,0.,-0.));
#12018 = DIRECTION('',(0.,0.,1.));
#12019 = DEFINITIONAL_REPRESENTATION('',(#12020),#12024);
#12020 = LINE('',#12021,#12022);
#12021 = CARTESIAN_POINT('',(0.,0.));
#12022 = VECTOR('',#12023,1.);
#12023 = DIRECTION('',(1.,0.));
#12024 = ( GEOMETRIC_REPRESENTATION_CONTEXT(2) 
PARAMETRIC_REPRESENTATION_CONTEXT() REPRESENTATION_CONTEXT('2D SPACE',''
  ) );
#12025 = ORIENTED_EDGE('',*,*,#12026,.T.);
#12026 = EDGE_CURVE('',#11997,#11817,#12027,.T.);
#12027 = SURFACE_CURVE('',#12028,(#12033,#12044),.PCURVE_S1.);
#12028 = CIRCLE('',#12029,3.2);
#12029 = AXIS2_PLACEMENT_3D('',#12030,#12031,#12032);
#12030 = CARTESIAN_POINT('',(50.,-12.5,18.));
#12031 = DIRECTION('',(0.,-1.,2.22044604925E-16));
#12032 = DIRECTION('',(1.,0.,0.));
#12033 = PCURVE('',#11839,#12034);
#12034 = DEFINITIONAL_REPRESENTATION('',(#12035),#12043);
#12035 = ( BOUNDED_CURVE() B_SPLINE_CURVE(2,(#12036,#12037,#12038,#12039
    ,#12040,#12041,#12042),.UNSPECIFIED.,.T.,.F.) 
B_SPLINE_CURVE_WITH_KNOTS((1,2,2,2,2,1),(-2.094395102393,0.,
    2.094395102393,4.188790204786,6.28318530718,8.377580409573),
.UNSPECIFIED.) CURVE() GEOMETRIC_REPRESENTATION_ITEM() 
RATIONAL_B_SPLINE_CURVE((1.,0.5,1.,0.5,1.,0.5,1.)) REPRESENTATION_ITEM(
  '') );
#12036 = CARTESIAN_POINT('',(10.,6.2));
#12037 = CARTESIAN_POINT('',(15.54256258422,6.2));
#12038 = CARTESIAN_POINT('',(12.77128129211,1.4));
#12039 = CARTESIAN_POINT('',(10.,-3.4));
#12040 = CARTESIAN_POINT('',(7.22871870789,1.4));
#12041 = CARTESIAN_POINT('',(4.45743741578,6.2));
#12042 = CARTESIAN_POINT('',(10.,6.2));
#12043 = ( GEOMETRIC_REPRESENTATION_CONTEXT(2) 
PARAMETRIC_REPRESENTATION_CONTEXT() REPRESENTATION_CONTEXT('2D SPACE',''
  ) );
#12044 = PCURVE('',#11866,#12045);
#12045 = DEFINITIONAL_REPRESENTATION('',(#12046),#12050);
#12046 = LINE('',#12047,#12048);
#12047 = CARTESIAN_POINT('',(0.,26.5));
#12048 = VECTOR('',#12049,1.);
#12049 = DIRECTION('',(1.,0.));
#12050 = ( GEOMETRIC_REPRESENTATION_CONTEXT(2) 
PARAMETRIC_REPRESENTATION_CONTEXT() REPRESENTATION_CONTEXT('2D SPACE',''
  ) );
#12051 = ORIENTED_EDGE('',*,*,#11816,.T.);
#12052 = ORIENTED_EDGE('',*,*,#12053,.T.);
#12053 = EDGE_CURVE('',#11819,#11999,#12054,.T.);
#12054 = SURFACE_CURVE('',#12055,(#12059,#12066),.PCURVE_S1.);
#12055 = LINE('',#12056,#12057);
#12056 = CARTESIAN_POINT('',(47.,-12.5,140.));
#12057 = VECTOR('',#12058,1.);
#12058 = DIRECTION('',(1.,0.,-0.));
#12059 = PCURVE('',#11839,#12060);
#12060 = DEFINITIONAL_REPRESENTATION('',(#12061),#12065);
#12061 = LINE('',#12062,#12063);
#12062 = CARTESIAN_POINT('',(132.,0.));
#12063 = VECTOR('',#12064,1.);
#12064 = DIRECTION('',(0.,1.));
#12065 = ( GEOMETRIC_REPRESENTATION_CONTEXT(2) 
PARAMETRIC_REPRESENTATION_CONTEXT() REPRESENTATION_CONTEXT('2D SPACE',''
  ) );
#12066 = PCURVE('',#11919,#12067);
#12067 = DEFINITIONAL_REPRESENTATION('',(#12068),#12072);
#12068 = LINE('',#12069,#12070);
#12069 = CARTESIAN_POINT('',(0.,0.));
#12070 = VECTOR('',#12071,1.);
#12071 = DIRECTION('',(1.,0.));
#12072 = ( GEOMETRIC_REPRESENTATION_CONTEXT(2) 
PARAMETRIC_REPRESENTATION_CONTEXT() REPRESENTATION_CONTEXT('2D SPACE',''
  ) );
#12073 = ADVANCED_FACE('',(#12074),#11866,.F.);
#12074 = FACE_BOUND('',#12075,.F.);
#12075 = EDGE_LOOP('',(#12076,#12104,#12105,#12106));
#12076 = ORIENTED_EDGE('',*,*,#12077,.T.);
#12077 = EDGE_CURVE('',#12078,#11852,#12080,.T.);
#12078 = VERTEX_POINT('',#12079);
#12079 = CARTESIAN_POINT('',(53.,12.5,19.113552872566));
#12080 = SURFACE_CURVE('',#12081,(#12086,#12093),.PCURVE_S1.);
#12081 = CIRCLE('',#12082,3.2);
#12082 = AXIS2_PLACEMENT_3D('',#12083,#12084,#12085);
#12083 = CARTESIAN_POINT('',(50.,12.5,18.));
#12084 = DIRECTION('',(0.,-1.,2.22044604925E-16));
#12085 = DIRECTION('',(1.,0.,0.));
#12086 = PCURVE('',#11866,#12087);
#12087 = DEFINITIONAL_REPRESENTATION('',(#12088),#12092);
#12088 = LINE('',#12089,#12090);
#12089 = CARTESIAN_POINT('',(0.,1.5));
#12090 = VECTOR('',#12091,1.);
#12091 = DIRECTION('',(1.,0.));
#12092 = ( GEOMETRIC_REPRESENTATION_CONTEXT(2) 
PARAMETRIC_REPRESENTATION_CONTEXT() REPRESENTATION_CONTEXT('2D SPACE',''
  ) );
#12093 = PCURVE('',#11893,#12094);
#12094 = DEFINITIONAL_REPRESENTATION('',(#12095),#12103);
#12095 = ( BOUNDED_CURVE() B_SPLINE_CURVE(2,(#12096,#12097,#12098,#12099
    ,#12100,#12101,#12102),.UNSPECIFIED.,.T.,.F.) 
B_SPLINE_CURVE_WITH_KNOTS((1,2,2,2,2,1),(-2.094395102393,0.,
    2.094395102393,4.188790204786,6.28318530718,8.377580409573),
.UNSPECIFIED.) CURVE() GEOMETRIC_REPRESENTATION_ITEM() 
RATIONAL_B_SPLINE_CURVE((1.,0.5,1.,0.5,1.,0.5,1.)) REPRESENTATION_ITEM(
  '') );
#12096 = CARTESIAN_POINT('',(10.,6.2));
#12097 = CARTESIAN_POINT('',(15.54256258422,6.2));
#12098 = CARTESIAN_POINT('',(12.77128129211,1.4));
#12099 = CARTESIAN_POINT('',(10.,-3.4));
#12100 = CARTESIAN_POINT('',(7.22871870789,1.4));
#12101 = CARTESIAN_POINT('',(4.45743741578,6.2));
#12102 = CARTESIAN_POINT('',(10.,6.2));
#12103 = ( GEOMETRIC_REPRESENTATION_CONTEXT(2) 
PARAMETRIC_REPRESENTATION_CONTEXT() REPRESENTATION_CONTEXT('2D SPACE',''
  ) );
#12104 = ORIENTED_EDGE('',*,*,#11851,.T.);
#12105 = ORIENTED_EDGE('',*,*,#12026,.F.);
#12106 = ORIENTED_EDGE('',*,*,#12107,.F.);
#12107 = EDGE_CURVE('',#12078,#11997,#12108,.T.);
#12108 = SURFACE_CURVE('',#12109,(#12113,#12119),.PCURVE_S1.);
#12109 = LINE('',#12110,#12111);
#12110 = CARTESIAN_POINT('',(53.,14.,19.113552872566));
#12111 = VECTOR('',#12112,1.);
#12112 = DIRECTION('',(0.,-1.,2.22044604925E-16));
#12113 = PCURVE('',#11866,#12114);
#12114 = DEFINITIONAL_REPRESENTATION('',(#12115),#12118);
#12115 = B_SPLINE_CURVE_WITH_KNOTS('',1,(#12116,#12117),.UNSPECIFIED.,
  .F.,.F.,(2,2),(-5.999999999062E-07,28.0000006),
  .PIECEWISE_BEZIER_KNOTS.);
#12116 = CARTESIAN_POINT('',(0.35542120169,-5.99999999659E-07));
#12117 = CARTESIAN_POINT('',(0.35542120169,28.0000006));
#12118 = ( GEOMETRIC_REPRESENTATION_CONTEXT(2) 
PARAMETRIC_REPRESENTATION_CONTEXT() REPRESENTATION_CONTEXT('2D SPACE',''
  ) );
#12119 = PCURVE('',#12014,#12120);
#12120 = DEFINITIONAL_REPRESENTATION('',(#12121),#12124);
#12121 = B_SPLINE_CURVE_WITH_KNOTS('',1,(#12122,#12123),.UNSPECIFIED.,
  .F.,.F.,(2,2),(-5.999999999062E-07,28.0000006),
  .PIECEWISE_BEZIER_KNOTS.);
#12122 = CARTESIAN_POINT('',(11.113552872566,-26.5000006));
#12123 = CARTESIAN_POINT('',(11.113552872566,1.5000006));
#12124 = ( GEOMETRIC_REPRESENTATION_CONTEXT(2) 
PARAMETRIC_REPRESENTATION_CONTEXT() REPRESENTATION_CONTEXT('2D SPACE',''
  ) );
#12125 = ADVANCED_FACE('',(#12126),#11919,.T.);
#12126 = FACE_BOUND('',#12127,.T.);
#12127 = EDGE_LOOP('',(#12128,#12129,#12130,#12153));
#12128 = ORIENTED_EDGE('',*,*,#11905,.F.);
#12129 = ORIENTED_EDGE('',*,*,#12053,.T.);
#12130 = ORIENTED_EDGE('',*,*,#12131,.T.);
#12131 = EDGE_CURVE('',#11999,#12132,#12134,.T.);
#12132 = VERTEX_POINT('',#12133);
#12133 = CARTESIAN_POINT('',(53.,12.5,140.));
#12134 = SURFACE_CURVE('',#12135,(#12139,#12146),.PCURVE_S1.);
#12135 = LINE('',#12136,#12137);
#12136 = CARTESIAN_POINT('',(53.,-12.5,140.));
#12137 = VECTOR('',#12138,1.);
#12138 = DIRECTION('',(-0.,1.,0.));
#12139 = PCURVE('',#11919,#12140);
#12140 = DEFINITIONAL_REPRESENTATION('',(#12141),#12145);
#12141 = LINE('',#12142,#12143);
#12142 = CARTESIAN_POINT('',(6.,0.));
#12143 = VECTOR('',#12144,1.);
#12144 = DIRECTION('',(0.,1.));
#12145 = ( GEOMETRIC_REPRESENTATION_CONTEXT(2) 
PARAMETRIC_REPRESENTATION_CONTEXT() REPRESENTATION_CONTEXT('2D SPACE',''
  ) );
#12146 = PCURVE('',#12014,#12147);
#12147 = DEFINITIONAL_REPRESENTATION('',(#12148),#12152);
#12148 = LINE('',#12149,#12150);
#12149 = CARTESIAN_POINT('',(132.,0.));
#12150 = VECTOR('',#12151,1.);
#12151 = DIRECTION('',(0.,-1.));
#12152 = ( GEOMETRIC_REPRESENTATION_CONTEXT(2) 
PARAMETRIC_REPRESENTATION_CONTEXT() REPRESENTATION_CONTEXT('2D SPACE',''
  ) );
#12153 = ORIENTED_EDGE('',*,*,#12154,.F.);
#12154 = EDGE_CURVE('',#11878,#12132,#12155,.T.);
#12155 = SURFACE_CURVE('',#12156,(#12160,#12167),.PCURVE_S1.);
#12156 = LINE('',#12157,#12158);
#12157 = CARTESIAN_POINT('',(47.,12.5,140.));
#12158 = VECTOR('',#12159,1.);
#12159 = DIRECTION('',(1.,0.,-0.));
#12160 = PCURVE('',#11919,#12161);
#12161 = DEFINITIONAL_REPRESENTATION('',(#12162),#12166);
#12162 = LINE('',#12163,#12164);
#12163 = CARTESIAN_POINT('',(0.,25.));
#12164 = VECTOR('',#12165,1.);
#12165 = DIRECTION('',(1.,0.));
#12166 = ( GEOMETRIC_REPRESENTATION_CONTEXT(2) 
PARAMETRIC_REPRESENTATION_CONTEXT() REPRESENTATION_CONTEXT('2D SPACE',''
  ) );
#12167 = PCURVE('',#11893,#12168);
#12168 = DEFINITIONAL_REPRESENTATION('',(#12169),#12173);
#12169 = LINE('',#12170,#12171);
#12170 = CARTESIAN_POINT('',(132.,0.));
#12171 = VECTOR('',#12172,1.);
#12172 = DIRECTION('',(0.,1.));
#12173 = ( GEOMETRIC_REPRESENTATION_CONTEXT(2) 
PARAMETRIC_REPRESENTATION_CONTEXT() REPRESENTATION_CONTEXT('2D SPACE',''
  ) );
#12174 = ADVANCED_FACE('',(#12175),#11893,.T.);
#12175 = FACE_BOUND('',#12176,.T.);
#12176 = EDGE_LOOP('',(#12177,#12198,#12199,#12200));
#12177 = ORIENTED_EDGE('',*,*,#12178,.F.);
#12178 = EDGE_CURVE('',#12078,#12132,#12179,.T.);
#12179 = SURFACE_CURVE('',#12180,(#12184,#12191),.PCURVE_S1.);
#12180 = LINE('',#12181,#12182);
#12181 = CARTESIAN_POINT('',(53.,12.5,8.));
#12182 = VECTOR('',#12183,1.);
#12183 = DIRECTION('',(0.,0.,1.));
#12184 = PCURVE('',#11893,#12185);
#12185 = DEFINITIONAL_REPRESENTATION('',(#12186),#12190);
#12186 = LINE('',#12187,#12188);
#12187 = CARTESIAN_POINT('',(0.,6.));
#12188 = VECTOR('',#12189,1.);
#12189 = DIRECTION('',(1.,0.));
#12190 = ( GEOMETRIC_REPRESENTATION_CONTEXT(2) 
PARAMETRIC_REPRESENTATION_CONTEXT() REPRESENTATION_CONTEXT('2D SPACE',''
  ) );
#12191 = PCURVE('',#12014,#12192);
#12192 = DEFINITIONAL_REPRESENTATION('',(#12193),#12197);
#12193 = LINE('',#12194,#12195);
#12194 = CARTESIAN_POINT('',(0.,-25.));
#12195 = VECTOR('',#12196,1.);
#12196 = DIRECTION('',(1.,0.));
#12197 = ( GEOMETRIC_REPRESENTATION_CONTEXT(2) 
PARAMETRIC_REPRESENTATION_CONTEXT() REPRESENTATION_CONTEXT('2D SPACE',''
  ) );
#12198 = ORIENTED_EDGE('',*,*,#12077,.T.);
#12199 = ORIENTED_EDGE('',*,*,#11877,.T.);
#12200 = ORIENTED_EDGE('',*,*,#12154,.T.);
#12201 = ADVANCED_FACE('',(#12202),#11950,.F.);
#12202 = FACE_BOUND('',#12203,.F.);
#12203 = EDGE_LOOP('',(#12204,#12228,#12249,#12250));
#12204 = ORIENTED_EDGE('',*,*,#12205,.F.);
#12205 = EDGE_CURVE('',#12206,#12206,#12208,.T.);
#12206 = VERTEX_POINT('',#12207);
#12207 = CARTESIAN_POINT('',(53.,-6.73555739531E-16,102.25));
#12208 = SURFACE_CURVE('',#12209,(#12214,#12221),.PCURVE_S1.);
#12209 = CIRCLE('',#12210,2.75);
#12210 = AXIS2_PLACEMENT_3D('',#12211,#12212,#12213);
#12211 = CARTESIAN_POINT('',(53.,0.,105.));
#12212 = DIRECTION('',(1.,0.,2.22044604925E-16));
#12213 = DIRECTION('',(2.22044604925E-16,0.,-1.));
#12214 = PCURVE('',#11950,#12215);
#12215 = DEFINITIONAL_REPRESENTATION('',(#12216),#12220);
#12216 = LINE('',#12217,#12218);
#12217 = CARTESIAN_POINT('',(0.,7.));
#12218 = VECTOR('',#12219,1.);
#12219 = DIRECTION('',(1.,0.));
#12220 = ( GEOMETRIC_REPRESENTATION_CONTEXT(2) 
PARAMETRIC_REPRESENTATION_CONTEXT() REPRESENTATION_CONTEXT('2D SPACE',''
  ) );
#12221 = PCURVE('',#12014,#12222);
#12222 = DEFINITIONAL_REPRESENTATION('',(#12223),#12227);
#12223 = CIRCLE('',#12224,2.75);
#12224 = AXIS2_PLACEMENT_2D('',#12225,#12226);
#12225 = CARTESIAN_POINT('',(97.,-12.5));
#12226 = DIRECTION('',(-1.,0.));
#12227 = ( GEOMETRIC_REPRESENTATION_CONTEXT(2) 
PARAMETRIC_REPRESENTATION_CONTEXT() REPRESENTATION_CONTEXT('2D SPACE',''
  ) );
#12228 = ORIENTED_EDGE('',*,*,#12229,.F.);
#12229 = EDGE_CURVE('',#11934,#12206,#12230,.T.);
#12230 = SEAM_CURVE('',#12231,(#12235,#12242),.PCURVE_S1.);
#12231 = LINE('',#12232,#12233);
#12232 = CARTESIAN_POINT('',(46.,-6.73555739531E-16,102.25));
#12233 = VECTOR('',#12234,1.);
#12234 = DIRECTION('',(1.,0.,2.22044604925E-16));
#12235 = PCURVE('',#11950,#12236);
#12236 = DEFINITIONAL_REPRESENTATION('',(#12237),#12241);
#12237 = LINE('',#12238,#12239);
#12238 = CARTESIAN_POINT('',(6.28318530718,-0.));
#12239 = VECTOR('',#12240,1.);
#12240 = DIRECTION('',(0.,1.));
#12241 = ( GEOMETRIC_REPRESENTATION_CONTEXT(2) 
PARAMETRIC_REPRESENTATION_CONTEXT() REPRESENTATION_CONTEXT('2D SPACE',''
  ) );
#12242 = PCURVE('',#11950,#12243);
#12243 = DEFINITIONAL_REPRESENTATION('',(#12244),#12248);
#12244 = LINE('',#12245,#12246);
#12245 = CARTESIAN_POINT('',(0.,-0.));
#12246 = VECTOR('',#12247,1.);
#12247 = DIRECTION('',(0.,1.));
#12248 = ( GEOMETRIC_REPRESENTATION_CONTEXT(2) 
PARAMETRIC_REPRESENTATION_CONTEXT() REPRESENTATION_CONTEXT('2D SPACE',''
  ) );
#12249 = ORIENTED_EDGE('',*,*,#11933,.T.);
#12250 = ORIENTED_EDGE('',*,*,#12229,.T.);
#12251 = ADVANCED_FACE('',(#12252),#11981,.F.);
#12252 = FACE_BOUND('',#12253,.F.);
#12253 = EDGE_LOOP('',(#12254,#12278,#12299,#12300));
#12254 = ORIENTED_EDGE('',*,*,#12255,.F.);
#12255 = EDGE_CURVE('',#12256,#12256,#12258,.T.);
#12256 = VERTEX_POINT('',#12257);
#12257 = CARTESIAN_POINT('',(53.,-6.73555739531E-16,127.25));
#12258 = SURFACE_CURVE('',#12259,(#12264,#12271),.PCURVE_S1.);
#12259 = CIRCLE('',#12260,2.75);
#12260 = AXIS2_PLACEMENT_3D('',#12261,#12262,#12263);
#12261 = CARTESIAN_POINT('',(53.,0.,130.));
#12262 = DIRECTION('',(1.,0.,2.22044604925E-16));
#12263 = DIRECTION('',(2.22044604925E-16,0.,-1.));
#12264 = PCURVE('',#11981,#12265);
#12265 = DEFINITIONAL_REPRESENTATION('',(#12266),#12270);
#12266 = LINE('',#12267,#12268);
#12267 = CARTESIAN_POINT('',(0.,7.));
#12268 = VECTOR('',#12269,1.);
#12269 = DIRECTION('',(1.,0.));
#12270 = ( GEOMETRIC_REPRESENTATION_CONTEXT(2) 
PARAMETRIC_REPRESENTATION_CONTEXT() REPRESENTATION_CONTEXT('2D SPACE',''
  ) );
#12271 = PCURVE('',#12014,#12272);
#12272 = DEFINITIONAL_REPRESENTATION('',(#12273),#12277);
#12273 = CIRCLE('',#12274,2.75);
#12274 = AXIS2_PLACEMENT_2D('',#12275,#12276);
#12275 = CARTESIAN_POINT('',(122.,-12.5));
#12276 = DIRECTION('',(-1.,0.));
#12277 = ( GEOMETRIC_REPRESENTATION_CONTEXT(2) 
PARAMETRIC_REPRESENTATION_CONTEXT() REPRESENTATION_CONTEXT('2D SPACE',''
  ) );
#12278 = ORIENTED_EDGE('',*,*,#12279,.F.);
#12279 = EDGE_CURVE('',#11965,#12256,#12280,.T.);
#12280 = SEAM_CURVE('',#12281,(#12285,#12292),.PCURVE_S1.);
#12281 = LINE('',#12282,#12283);
#12282 = CARTESIAN_POINT('',(46.,-6.73555739531E-16,127.25));
#12283 = VECTOR('',#12284,1.);
#12284 = DIRECTION('',(1.,0.,2.22044604925E-16));
#12285 = PCURVE('',#11981,#12286);
#12286 = DEFINITIONAL_REPRESENTATION('',(#12287),#12291);
#12287 = LINE('',#12288,#12289);
#12288 = CARTESIAN_POINT('',(6.28318530718,-0.));
#12289 = VECTOR('',#12290,1.);
#12290 = DIRECTION('',(0.,1.));
#12291 = ( GEOMETRIC_REPRESENTATION_CONTEXT(2) 
PARAMETRIC_REPRESENTATION_CONTEXT() REPRESENTATION_CONTEXT('2D SPACE',''
  ) );
#12292 = PCURVE('',#11981,#12293);
#12293 = DEFINITIONAL_REPRESENTATION('',(#12294),#12298);
#12294 = LINE('',#12295,#12296);
#12295 = CARTESIAN_POINT('',(0.,-0.));
#12296 = VECTOR('',#12297,1.);
#12297 = DIRECTION('',(0.,1.));
#12298 = ( GEOMETRIC_REPRESENTATION_CONTEXT(2) 
PARAMETRIC_REPRESENTATION_CONTEXT() REPRESENTATION_CONTEXT('2D SPACE',''
  ) );
#12299 = ORIENTED_EDGE('',*,*,#11964,.T.);
#12300 = ORIENTED_EDGE('',*,*,#12279,.T.);
#12301 = ADVANCED_FACE('',(#12302,#12308,#12311),#12014,.T.);
#12302 = FACE_BOUND('',#12303,.T.);
#12303 = EDGE_LOOP('',(#12304,#12305,#12306,#12307));
#12304 = ORIENTED_EDGE('',*,*,#11996,.F.);
#12305 = ORIENTED_EDGE('',*,*,#12107,.F.);
#12306 = ORIENTED_EDGE('',*,*,#12178,.T.);
#12307 = ORIENTED_EDGE('',*,*,#12131,.F.);
#12308 = FACE_BOUND('',#12309,.T.);
#12309 = EDGE_LOOP('',(#12310));
#12310 = ORIENTED_EDGE('',*,*,#12205,.F.);
#12311 = FACE_BOUND('',#12312,.T.);
#12312 = EDGE_LOOP('',(#12313));
#12313 = ORIENTED_EDGE('',*,*,#12255,.F.);
#12314 = ( GEOMETRIC_REPRESENTATION_CONTEXT(3) 
GLOBAL_UNCERTAINTY_ASSIGNED_CONTEXT((#12318)) 
GLOBAL_UNIT_ASSIGNED_CONTEXT((#12315,#12316,#12317)) 
REPRESENTATION_CONTEXT('Context #1',
  '3D Context with UNIT and UNCERTAINTY') );
#12315 = ( LENGTH_UNIT() NAMED_UNIT(*) SI_UNIT(.MILLI.,.METRE.) );
#12316 = ( NAMED_UNIT(*) PLANE_ANGLE_UNIT() SI_UNIT($,.RADIAN.) );
#12317 = ( NAMED_UNIT(*) SI_UNIT($,.STERADIAN.) SOLID_ANGLE_UNIT() );
#12318 = UNCERTAINTY_MEASURE_WITH_UNIT(LENGTH_MEASURE(1.E-07),#12315,
  'distance_accuracy_value','confusion accuracy');
#12319 = CONTEXT_DEPENDENT_SHAPE_REPRESENTATION(#12320,#12322);
#12320 = ( REPRESENTATION_RELATIONSHIP('','',#11473,#10) 
REPRESENTATION_RELATIONSHIP_WITH_TRANSFORMATION(#12321) 
SHAPE_REPRESENTATION_RELATIONSHIP() );
#12321 = ITEM_DEFINED_TRANSFORMATION('','',#11,#75);
#12322 = PRODUCT_DEFINITION_SHAPE('Placement','Placement of an item',
  #12323);
#12323 = NEXT_ASSEMBLY_USAGE_OCCURRENCE('52','=>[0:1:1:17]','',#5,#11468
  ,$);
#12324 = PRODUCT_RELATED_PRODUCT_CATEGORY('part',$,(#11470));
#12325 = SHAPE_DEFINITION_REPRESENTATION(#12326,#12332);
#12326 = PRODUCT_DEFINITION_SHAPE('','',#12327);
#12327 = PRODUCT_DEFINITION('design','',#12328,#12331);
#12328 = PRODUCT_DEFINITION_FORMATION('','',#12329);
#12329 = PRODUCT('COMPOUND','COMPOUND','',(#12330));
#12330 = PRODUCT_CONTEXT('',#2,'mechanical');
#12331 = PRODUCT_DEFINITION_CONTEXT('part definition',#2,'design');
#12332 = ADVANCED_BREP_SHAPE_REPRESENTATION('',(#11,#12333),#12663);
#12333 = MANIFOLD_SOLID_BREP('',#12334);
#12334 = CLOSED_SHELL('',(#12335,#12455,#12555,#12602,#12649,#12656));
#12335 = ADVANCED_FACE('',(#12336),#12350,.F.);
#12336 = FACE_BOUND('',#12337,.F.);
#12337 = EDGE_LOOP('',(#12338,#12373,#12401,#12429));
#12338 = ORIENTED_EDGE('',*,*,#12339,.F.);
#12339 = EDGE_CURVE('',#12340,#12342,#12344,.T.);
#12340 = VERTEX_POINT('',#12341);
#12341 = CARTESIAN_POINT('',(-30.,-22.,-22.5));
#12342 = VERTEX_POINT('',#12343);
#12343 = CARTESIAN_POINT('',(-30.,-22.,22.5));
#12344 = SURFACE_CURVE('',#12345,(#12349,#12361),.PCURVE_S1.);
#12345 = LINE('',#12346,#12347);
#12346 = CARTESIAN_POINT('',(-30.,-22.,-22.5));
#12347 = VECTOR('',#12348,1.);
#12348 = DIRECTION('',(0.,0.,1.));
#12349 = PCURVE('',#12350,#12355);
#12350 = PLANE('',#12351);
#12351 = AXIS2_PLACEMENT_3D('',#12352,#12353,#12354);
#12352 = CARTESIAN_POINT('',(-30.,-22.,-22.5));
#12353 = DIRECTION('',(1.,0.,-0.));
#12354 = DIRECTION('',(0.,0.,1.));
#12355 = DEFINITIONAL_REPRESENTATION('',(#12356),#12360);
#12356 = LINE('',#12357,#12358);
#12357 = CARTESIAN_POINT('',(0.,0.));
#12358 = VECTOR('',#12359,1.);
#12359 = DIRECTION('',(1.,0.));
#12360 = ( GEOMETRIC_REPRESENTATION_CONTEXT(2) 
PARAMETRIC_REPRESENTATION_CONTEXT() REPRESENTATION_CONTEXT('2D SPACE',''
  ) );
#12361 = PCURVE('',#12362,#12367);
#12362 = PLANE('',#12363);
#12363 = AXIS2_PLACEMENT_3D('',#12364,#12365,#12366);
#12364 = CARTESIAN_POINT('',(-30.,-22.,-22.5));
#12365 = DIRECTION('',(-0.,1.,0.));
#12366 = DIRECTION('',(0.,0.,1.));
#12367 = DEFINITIONAL_REPRESENTATION('',(#12368),#12372);
#12368 = LINE('',#12369,#12370);
#12369 = CARTESIAN_POINT('',(0.,0.));
#12370 = VECTOR('',#12371,1.);
#12371 = DIRECTION('',(1.,0.));
#12372 = ( GEOMETRIC_REPRESENTATION_CONTEXT(2) 
PARAMETRIC_REPRESENTATION_CONTEXT() REPRESENTATION_CONTEXT('2D SPACE',''
  ) );
#12373 = ORIENTED_EDGE('',*,*,#12374,.T.);
#12374 = EDGE_CURVE('',#12340,#12375,#12377,.T.);
#12375 = VERTEX_POINT('',#12376);
#12376 = CARTESIAN_POINT('',(-30.,22.,-22.5));
#12377 = SURFACE_CURVE('',#12378,(#12382,#12389),.PCURVE_S1.);
#12378 = LINE('',#12379,#12380);
#12379 = CARTESIAN_POINT('',(-30.,-22.,-22.5));
#12380 = VECTOR('',#12381,1.);
#12381 = DIRECTION('',(-0.,1.,0.));
#12382 = PCURVE('',#12350,#12383);
#12383 = DEFINITIONAL_REPRESENTATION('',(#12384),#12388);
#12384 = LINE('',#12385,#12386);
#12385 = CARTESIAN_POINT('',(0.,0.));
#12386 = VECTOR('',#12387,1.);
#12387 = DIRECTION('',(0.,-1.));
#12388 = ( GEOMETRIC_REPRESENTATION_CONTEXT(2) 
PARAMETRIC_REPRESENTATION_CONTEXT() REPRESENTATION_CONTEXT('2D SPACE',''
  ) );
#12389 = PCURVE('',#12390,#12395);
#12390 = PLANE('',#12391);
#12391 = AXIS2_PLACEMENT_3D('',#12392,#12393,#12394);
#12392 = CARTESIAN_POINT('',(-30.,-22.,-22.5));
#12393 = DIRECTION('',(0.,0.,1.));
#12394 = DIRECTION('',(1.,0.,-0.));
#12395 = DEFINITIONAL_REPRESENTATION('',(#12396),#12400);
#12396 = LINE('',#12397,#12398);
#12397 = CARTESIAN_POINT('',(0.,0.));
#12398 = VECTOR('',#12399,1.);
#12399 = DIRECTION('',(0.,1.));
#12400 = ( GEOMETRIC_REPRESENTATION_CONTEXT(2) 
PARAMETRIC_REPRESENTATION_CONTEXT() REPRESENTATION_CONTEXT('2D SPACE',''
  ) );
#12401 = ORIENTED_EDGE('',*,*,#12402,.T.);
#12402 = EDGE_CURVE('',#12375,#12403,#12405,.T.);
#12403 = VERTEX_POINT('',#12404);
#12404 = CARTESIAN_POINT('',(-30.,22.,22.5));
#12405 = SURFACE_CURVE('',#12406,(#12410,#12417),.PCURVE_S1.);
#12406 = LINE('',#12407,#12408);
#12407 = CARTESIAN_POINT('',(-30.,22.,-22.5));
#12408 = VECTOR('',#12409,1.);
#12409 = DIRECTION('',(0.,0.,1.));
#12410 = PCURVE('',#12350,#12411);
#12411 = DEFINITIONAL_REPRESENTATION('',(#12412),#12416);
#12412 = LINE('',#12413,#12414);
#12413 = CARTESIAN_POINT('',(0.,-44.));
#12414 = VECTOR('',#12415,1.);
#12415 = DIRECTION('',(1.,0.));
#12416 = ( GEOMETRIC_REPRESENTATION_CONTEXT(2) 
PARAMETRIC_REPRESENTATION_CONTEXT() REPRESENTATION_CONTEXT('2D SPACE',''
  ) );
#12417 = PCURVE('',#12418,#12423);
#12418 = PLANE('',#12419);
#12419 = AXIS2_PLACEMENT_3D('',#12420,#12421,#12422);
#12420 = CARTESIAN_POINT('',(-30.,22.,-22.5));
#12421 = DIRECTION('',(-0.,1.,0.));
#12422 = DIRECTION('',(0.,0.,1.));
#12423 = DEFINITIONAL_REPRESENTATION('',(#12424),#12428);
#12424 = LINE('',#12425,#12426);
#12425 = CARTESIAN_POINT('',(0.,0.));
#12426 = VECTOR('',#12427,1.);
#12427 = DIRECTION('',(1.,0.));
#12428 = ( GEOMETRIC_REPRESENTATION_CONTEXT(2) 
PARAMETRIC_REPRESENTATION_CONTEXT() REPRESENTATION_CONTEXT('2D SPACE',''
  ) );
#12429 = ORIENTED_EDGE('',*,*,#12430,.F.);
#12430 = EDGE_CURVE('',#12342,#12403,#12431,.T.);
#12431 = SURFACE_CURVE('',#12432,(#12436,#12443),.PCURVE_S1.);
#12432 = LINE('',#12433,#12434);
#12433 = CARTESIAN_POINT('',(-30.,-22.,22.5));
#12434 = VECTOR('',#12435,1.);
#12435 = DIRECTION('',(-0.,1.,0.));
#12436 = PCURVE('',#12350,#12437);
#12437 = DEFINITIONAL_REPRESENTATION('',(#12438),#12442);
#12438 = LINE('',#12439,#12440);
#12439 = CARTESIAN_POINT('',(45.,0.));
#12440 = VECTOR('',#12441,1.);
#12441 = DIRECTION('',(0.,-1.));
#12442 = ( GEOMETRIC_REPRESENTATION_CONTEXT(2) 
PARAMETRIC_REPRESENTATION_CONTEXT() REPRESENTATION_CONTEXT('2D SPACE',''
  ) );
#12443 = PCURVE('',#12444,#12449);
#12444 = PLANE('',#12445);
#12445 = AXIS2_PLACEMENT_3D('',#12446,#12447,#12448);
#12446 = CARTESIAN_POINT('',(-30.,-22.,22.5));
#12447 = DIRECTION('',(0.,0.,1.));
#12448 = DIRECTION('',(1.,0.,-0.));
#12449 = DEFINITIONAL_REPRESENTATION('',(#12450),#12454);
#12450 = LINE('',#12451,#12452);
#12451 = CARTESIAN_POINT('',(0.,0.));
#12452 = VECTOR('',#12453,1.);
#12453 = DIRECTION('',(0.,1.));
#12454 = ( GEOMETRIC_REPRESENTATION_CONTEXT(2) 
PARAMETRIC_REPRESENTATION_CONTEXT() REPRESENTATION_CONTEXT('2D SPACE',''
  ) );
#12455 = ADVANCED_FACE('',(#12456),#12470,.T.);
#12456 = FACE_BOUND('',#12457,.T.);
#12457 = EDGE_LOOP('',(#12458,#12488,#12511,#12534));
#12458 = ORIENTED_EDGE('',*,*,#12459,.F.);
#12459 = EDGE_CURVE('',#12460,#12462,#12464,.T.);
#12460 = VERTEX_POINT('',#12461);
#12461 = CARTESIAN_POINT('',(30.,-22.,-22.5));
#12462 = VERTEX_POINT('',#12463);
#12463 = CARTESIAN_POINT('',(30.,-22.,22.5));
#12464 = SURFACE_CURVE('',#12465,(#12469,#12481),.PCURVE_S1.);
#12465 = LINE('',#12466,#12467);
#12466 = CARTESIAN_POINT('',(30.,-22.,-22.5));
#12467 = VECTOR('',#12468,1.);
#12468 = DIRECTION('',(0.,0.,1.));
#12469 = PCURVE('',#12470,#12475);
#12470 = PLANE('',#12471);
#12471 = AXIS2_PLACEMENT_3D('',#12472,#12473,#12474);
#12472 = CARTESIAN_POINT('',(30.,-22.,-22.5));
#12473 = DIRECTION('',(1.,0.,-0.));
#12474 = DIRECTION('',(0.,0.,1.));
#12475 = DEFINITIONAL_REPRESENTATION('',(#12476),#12480);
#12476 = LINE('',#12477,#12478);
#12477 = CARTESIAN_POINT('',(0.,0.));
#12478 = VECTOR('',#12479,1.);
#12479 = DIRECTION('',(1.,0.));
#12480 = ( GEOMETRIC_REPRESENTATION_CONTEXT(2) 
PARAMETRIC_REPRESENTATION_CONTEXT() REPRESENTATION_CONTEXT('2D SPACE',''
  ) );
#12481 = PCURVE('',#12362,#12482);
#12482 = DEFINITIONAL_REPRESENTATION('',(#12483),#12487);
#12483 = LINE('',#12484,#12485);
#12484 = CARTESIAN_POINT('',(0.,60.));
#12485 = VECTOR('',#12486,1.);
#12486 = DIRECTION('',(1.,0.));
#12487 = ( GEOMETRIC_REPRESENTATION_CONTEXT(2) 
PARAMETRIC_REPRESENTATION_CONTEXT() REPRESENTATION_CONTEXT('2D SPACE',''
  ) );
#12488 = ORIENTED_EDGE('',*,*,#12489,.T.);
#12489 = EDGE_CURVE('',#12460,#12490,#12492,.T.);
#12490 = VERTEX_POINT('',#12491);
#12491 = CARTESIAN_POINT('',(30.,22.,-22.5));
#12492 = SURFACE_CURVE('',#12493,(#12497,#12504),.PCURVE_S1.);
#12493 = LINE('',#12494,#12495);
#12494 = CARTESIAN_POINT('',(30.,-22.,-22.5));
#12495 = VECTOR('',#12496,1.);
#12496 = DIRECTION('',(-0.,1.,0.));
#12497 = PCURVE('',#12470,#12498);
#12498 = DEFINITIONAL_REPRESENTATION('',(#12499),#12503);
#12499 = LINE('',#12500,#12501);
#12500 = CARTESIAN_POINT('',(0.,0.));
#12501 = VECTOR('',#12502,1.);
#12502 = DIRECTION('',(0.,-1.));
#12503 = ( GEOMETRIC_REPRESENTATION_CONTEXT(2) 
PARAMETRIC_REPRESENTATION_CONTEXT() REPRESENTATION_CONTEXT('2D SPACE',''
  ) );
#12504 = PCURVE('',#12390,#12505);
#12505 = DEFINITIONAL_REPRESENTATION('',(#12506),#12510);
#12506 = LINE('',#12507,#12508);
#12507 = CARTESIAN_POINT('',(60.,0.));
#12508 = VECTOR('',#12509,1.);
#12509 = DIRECTION('',(0.,1.));
#12510 = ( GEOMETRIC_REPRESENTATION_CONTEXT(2) 
PARAMETRIC_REPRESENTATION_CONTEXT() REPRESENTATION_CONTEXT('2D SPACE',''
  ) );
#12511 = ORIENTED_EDGE('',*,*,#12512,.T.);
#12512 = EDGE_CURVE('',#12490,#12513,#12515,.T.);
#12513 = VERTEX_POINT('',#12514);
#12514 = CARTESIAN_POINT('',(30.,22.,22.5));
#12515 = SURFACE_CURVE('',#12516,(#12520,#12527),.PCURVE_S1.);
#12516 = LINE('',#12517,#12518);
#12517 = CARTESIAN_POINT('',(30.,22.,-22.5));
#12518 = VECTOR('',#12519,1.);
#12519 = DIRECTION('',(0.,0.,1.));
#12520 = PCURVE('',#12470,#12521);
#12521 = DEFINITIONAL_REPRESENTATION('',(#12522),#12526);
#12522 = LINE('',#12523,#12524);
#12523 = CARTESIAN_POINT('',(0.,-44.));
#12524 = VECTOR('',#12525,1.);
#12525 = DIRECTION('',(1.,0.));
#12526 = ( GEOMETRIC_REPRESENTATION_CONTEXT(2) 
PARAMETRIC_REPRESENTATION_CONTEXT() REPRESENTATION_CONTEXT('2D SPACE',''
  ) );
#12527 = PCURVE('',#12418,#12528);
#12528 = DEFINITIONAL_REPRESENTATION('',(#12529),#12533);
#12529 = LINE('',#12530,#12531);
#12530 = CARTESIAN_POINT('',(0.,60.));
#12531 = VECTOR('',#12532,1.);
#12532 = DIRECTION('',(1.,0.));
#12533 = ( GEOMETRIC_REPRESENTATION_CONTEXT(2) 
PARAMETRIC_REPRESENTATION_CONTEXT() REPRESENTATION_CONTEXT('2D SPACE',''
  ) );
#12534 = ORIENTED_EDGE('',*,*,#12535,.F.);
#12535 = EDGE_CURVE('',#12462,#12513,#12536,.T.);
#12536 = SURFACE_CURVE('',#12537,(#12541,#12548),.PCURVE_S1.);
#12537 = LINE('',#12538,#12539);
#12538 = CARTESIAN_POINT('',(30.,-22.,22.5));
#12539 = VECTOR('',#12540,1.);
#12540 = DIRECTION('',(-0.,1.,0.));
#12541 = PCURVE('',#12470,#12542);
#12542 = DEFINITIONAL_REPRESENTATION('',(#12543),#12547);
#12543 = LINE('',#12544,#12545);
#12544 = CARTESIAN_POINT('',(45.,0.));
#12545 = VECTOR('',#12546,1.);
#12546 = DIRECTION('',(0.,-1.));
#12547 = ( GEOMETRIC_REPRESENTATION_CONTEXT(2) 
PARAMETRIC_REPRESENTATION_CONTEXT() REPRESENTATION_CONTEXT('2D SPACE',''
  ) );
#12548 = PCURVE('',#12444,#12549);
#12549 = DEFINITIONAL_REPRESENTATION('',(#12550),#12554);
#12550 = LINE('',#12551,#12552);
#12551 = CARTESIAN_POINT('',(60.,0.));
#12552 = VECTOR('',#12553,1.);
#12553 = DIRECTION('',(0.,1.));
#12554 = ( GEOMETRIC_REPRESENTATION_CONTEXT(2) 
PARAMETRIC_REPRESENTATION_CONTEXT() REPRESENTATION_CONTEXT('2D SPACE',''
  ) );
#12555 = ADVANCED_FACE('',(#12556),#12362,.F.);
#12556 = FACE_BOUND('',#12557,.F.);
#12557 = EDGE_LOOP('',(#12558,#12579,#12580,#12601));
#12558 = ORIENTED_EDGE('',*,*,#12559,.F.);
#12559 = EDGE_CURVE('',#12340,#12460,#12560,.T.);
#12560 = SURFACE_CURVE('',#12561,(#12565,#12572),.PCURVE_S1.);
#12561 = LINE('',#12562,#12563);
#12562 = CARTESIAN_POINT('',(-30.,-22.,-22.5));
#12563 = VECTOR('',#12564,1.);
#12564 = DIRECTION('',(1.,0.,-0.));
#12565 = PCURVE('',#12362,#12566);
#12566 = DEFINITIONAL_REPRESENTATION('',(#12567),#12571);
#12567 = LINE('',#12568,#12569);
#12568 = CARTESIAN_POINT('',(0.,0.));
#12569 = VECTOR('',#12570,1.);
#12570 = DIRECTION('',(0.,1.));
#12571 = ( GEOMETRIC_REPRESENTATION_CONTEXT(2) 
PARAMETRIC_REPRESENTATION_CONTEXT() REPRESENTATION_CONTEXT('2D SPACE',''
  ) );
#12572 = PCURVE('',#12390,#12573);
#12573 = DEFINITIONAL_REPRESENTATION('',(#12574),#12578);
#12574 = LINE('',#12575,#12576);
#12575 = CARTESIAN_POINT('',(0.,0.));
#12576 = VECTOR('',#12577,1.);
#12577 = DIRECTION('',(1.,0.));
#12578 = ( GEOMETRIC_REPRESENTATION_CONTEXT(2) 
PARAMETRIC_REPRESENTATION_CONTEXT() REPRESENTATION_CONTEXT('2D SPACE',''
  ) );
#12579 = ORIENTED_EDGE('',*,*,#12339,.T.);
#12580 = ORIENTED_EDGE('',*,*,#12581,.T.);
#12581 = EDGE_CURVE('',#12342,#12462,#12582,.T.);
#12582 = SURFACE_CURVE('',#12583,(#12587,#12594),.PCURVE_S1.);
#12583 = LINE('',#12584,#12585);
#12584 = CARTESIAN_POINT('',(-30.,-22.,22.5));
#12585 = VECTOR('',#12586,1.);
#12586 = DIRECTION('',(1.,0.,-0.));
#12587 = PCURVE('',#12362,#12588);
#12588 = DEFINITIONAL_REPRESENTATION('',(#12589),#12593);
#12589 = LINE('',#12590,#12591);
#12590 = CARTESIAN_POINT('',(45.,0.));
#12591 = VECTOR('',#12592,1.);
#12592 = DIRECTION('',(0.,1.));
#12593 = ( GEOMETRIC_REPRESENTATION_CONTEXT(2) 
PARAMETRIC_REPRESENTATION_CONTEXT() REPRESENTATION_CONTEXT('2D SPACE',''
  ) );
#12594 = PCURVE('',#12444,#12595);
#12595 = DEFINITIONAL_REPRESENTATION('',(#12596),#12600);
#12596 = LINE('',#12597,#12598);
#12597 = CARTESIAN_POINT('',(0.,0.));
#12598 = VECTOR('',#12599,1.);
#12599 = DIRECTION('',(1.,0.));
#12600 = ( GEOMETRIC_REPRESENTATION_CONTEXT(2) 
PARAMETRIC_REPRESENTATION_CONTEXT() REPRESENTATION_CONTEXT('2D SPACE',''
  ) );
#12601 = ORIENTED_EDGE('',*,*,#12459,.F.);
#12602 = ADVANCED_FACE('',(#12603),#12418,.T.);
#12603 = FACE_BOUND('',#12604,.T.);
#12604 = EDGE_LOOP('',(#12605,#12626,#12627,#12648));
#12605 = ORIENTED_EDGE('',*,*,#12606,.F.);
#12606 = EDGE_CURVE('',#12375,#12490,#12607,.T.);
#12607 = SURFACE_CURVE('',#12608,(#12612,#12619),.PCURVE_S1.);
#12608 = LINE('',#12609,#12610);
#12609 = CARTESIAN_POINT('',(-30.,22.,-22.5));
#12610 = VECTOR('',#12611,1.);
#12611 = DIRECTION('',(1.,0.,-0.));
#12612 = PCURVE('',#12418,#12613);
#12613 = DEFINITIONAL_REPRESENTATION('',(#12614),#12618);
#12614 = LINE('',#12615,#12616);
#12615 = CARTESIAN_POINT('',(0.,0.));
#12616 = VECTOR('',#12617,1.);
#12617 = DIRECTION('',(0.,1.));
#12618 = ( GEOMETRIC_REPRESENTATION_CONTEXT(2) 
PARAMETRIC_REPRESENTATION_CONTEXT() REPRESENTATION_CONTEXT('2D SPACE',''
  ) );
#12619 = PCURVE('',#12390,#12620);
#12620 = DEFINITIONAL_REPRESENTATION('',(#12621),#12625);
#12621 = LINE('',#12622,#12623);
#12622 = CARTESIAN_POINT('',(0.,44.));
#12623 = VECTOR('',#12624,1.);
#12624 = DIRECTION('',(1.,0.));
#12625 = ( GEOMETRIC_REPRESENTATION_CONTEXT(2) 
PARAMETRIC_REPRESENTATION_CONTEXT() REPRESENTATION_CONTEXT('2D SPACE',''
  ) );
#12626 = ORIENTED_EDGE('',*,*,#12402,.T.);
#12627 = ORIENTED_EDGE('',*,*,#12628,.T.);
#12628 = EDGE_CURVE('',#12403,#12513,#12629,.T.);
#12629 = SURFACE_CURVE('',#12630,(#12634,#12641),.PCURVE_S1.);
#12630 = LINE('',#12631,#12632);
#12631 = CARTESIAN_POINT('',(-30.,22.,22.5));
#12632 = VECTOR('',#12633,1.);
#12633 = DIRECTION('',(1.,0.,-0.));
#12634 = PCURVE('',#12418,#12635);
#12635 = DEFINITIONAL_REPRESENTATION('',(#12636),#12640);
#12636 = LINE('',#12637,#12638);
#12637 = CARTESIAN_POINT('',(45.,0.));
#12638 = VECTOR('',#12639,1.);
#12639 = DIRECTION('',(0.,1.));
#12640 = ( GEOMETRIC_REPRESENTATION_CONTEXT(2) 
PARAMETRIC_REPRESENTATION_CONTEXT() REPRESENTATION_CONTEXT('2D SPACE',''
  ) );
#12641 = PCURVE('',#12444,#12642);
#12642 = DEFINITIONAL_REPRESENTATION('',(#12643),#12647);
#12643 = LINE('',#12644,#12645);
#12644 = CARTESIAN_POINT('',(0.,44.));
#12645 = VECTOR('',#12646,1.);
#12646 = DIRECTION('',(1.,0.));
#12647 = ( GEOMETRIC_REPRESENTATION_CONTEXT(2) 
PARAMETRIC_REPRESENTATION_CONTEXT() REPRESENTATION_CONTEXT('2D SPACE',''
  ) );
#12648 = ORIENTED_EDGE('',*,*,#12512,.F.);
#12649 = ADVANCED_FACE('',(#12650),#12390,.F.);
#12650 = FACE_BOUND('',#12651,.F.);
#12651 = EDGE_LOOP('',(#12652,#12653,#12654,#12655));
#12652 = ORIENTED_EDGE('',*,*,#12374,.F.);
#12653 = ORIENTED_EDGE('',*,*,#12559,.T.);
#12654 = ORIENTED_EDGE('',*,*,#12489,.T.);
#12655 = ORIENTED_EDGE('',*,*,#12606,.F.);
#12656 = ADVANCED_FACE('',(#12657),#12444,.T.);
#12657 = FACE_BOUND('',#12658,.T.);
#12658 = EDGE_LOOP('',(#12659,#12660,#12661,#12662));
#12659 = ORIENTED_EDGE('',*,*,#12430,.F.);
#12660 = ORIENTED_EDGE('',*,*,#12581,.T.);
#12661 = ORIENTED_EDGE('',*,*,#12535,.T.);
#12662 = ORIENTED_EDGE('',*,*,#12628,.F.);
#12663 = ( GEOMETRIC_REPRESENTATION_CONTEXT(3) 
GLOBAL_UNCERTAINTY_ASSIGNED_CONTEXT((#12667)) 
GLOBAL_UNIT_ASSIGNED_CONTEXT((#12664,#12665,#12666)) 
REPRESENTATION_CONTEXT('Context #1',
  '3D Context with UNIT and UNCERTAINTY') );
#12664 = ( LENGTH_UNIT() NAMED_UNIT(*) SI_UNIT(.MILLI.,.METRE.) );
#12665 = ( NAMED_UNIT(*) PLANE_ANGLE_UNIT() SI_UNIT($,.RADIAN.) );
#12666 = ( NAMED_UNIT(*) SI_UNIT($,.STERADIAN.) SOLID_ANGLE_UNIT() );
#12667 = UNCERTAINTY_MEASURE_WITH_UNIT(LENGTH_MEASURE(1.E-07),#12664,
  'distance_accuracy_value','confusion accuracy');
#12668 = CONTEXT_DEPENDENT_SHAPE_REPRESENTATION(#12669,#12671);
#12669 = ( REPRESENTATION_RELATIONSHIP('','',#12332,#10) 
REPRESENTATION_RELATIONSHIP_WITH_TRANSFORMATION(#12670) 
SHAPE_REPRESENTATION_RELATIONSHIP() );
#12670 = ITEM_DEFINED_TRANSFORMATION('','',#11,#79);
#12671 = PRODUCT_DEFINITION_SHAPE('Placement','Placement of an item',
  #12672);
#12672 = NEXT_ASSEMBLY_USAGE_OCCURRENCE('53','=>[0:1:1:18]','',#5,#12327
  ,$);
#12673 = PRODUCT_RELATED_PRODUCT_CATEGORY('part',$,(#12329));
#12674 = SHAPE_DEFINITION_REPRESENTATION(#12675,#12681);
#12675 = PRODUCT_DEFINITION_SHAPE('','',#12676);
#12676 = PRODUCT_DEFINITION('design','',#12677,#12680);
#12677 = PRODUCT_DEFINITION_FORMATION('','',#12678);
#12678 = PRODUCT('COMPOUND','COMPOUND','',(#12679));
#12679 = PRODUCT_CONTEXT('',#2,'mechanical');
#12680 = PRODUCT_DEFINITION_CONTEXT('part definition',#2,'design');
#12681 = ADVANCED_BREP_SHAPE_REPRESENTATION('',(#11,#12682),#13326);
#12682 = MANIFOLD_SOLID_BREP('',#12683);
#12683 = CLOSED_SHELL('',(#12684,#12804,#12880,#13035,#13084,#13111,
    #13118,#13194,#13243,#13292,#13319));
#12684 = ADVANCED_FACE('',(#12685),#12699,.F.);
#12685 = FACE_BOUND('',#12686,.F.);
#12686 = EDGE_LOOP('',(#12687,#12722,#12750,#12778));
#12687 = ORIENTED_EDGE('',*,*,#12688,.F.);
#12688 = EDGE_CURVE('',#12689,#12691,#12693,.T.);
#12689 = VERTEX_POINT('',#12690);
#12690 = CARTESIAN_POINT('',(440.,-165.,0.));
#12691 = VERTEX_POINT('',#12692);
#12692 = CARTESIAN_POINT('',(440.,-165.,140.));
#12693 = SURFACE_CURVE('',#12694,(#12698,#12710),.PCURVE_S1.);
#12694 = LINE('',#12695,#12696);
#12695 = CARTESIAN_POINT('',(440.,-165.,0.));
#12696 = VECTOR('',#12697,1.);
#12697 = DIRECTION('',(0.,0.,1.));
#12698 = PCURVE('',#12699,#12704);
#12699 = PLANE('',#12700);
#12700 = AXIS2_PLACEMENT_3D('',#12701,#12702,#12703);
#12701 = CARTESIAN_POINT('',(440.,-165.,0.));
#12702 = DIRECTION('',(1.,0.,-0.));
#12703 = DIRECTION('',(0.,0.,1.));
#12704 = DEFINITIONAL_REPRESENTATION('',(#12705),#12709);
#12705 = LINE('',#12706,#12707);
#12706 = CARTESIAN_POINT('',(0.,0.));
#12707 = VECTOR('',#12708,1.);
#12708 = DIRECTION('',(1.,0.));
#12709 = ( GEOMETRIC_REPRESENTATION_CONTEXT(2) 
PARAMETRIC_REPRESENTATION_CONTEXT() REPRESENTATION_CONTEXT('2D SPACE',''
  ) );
#12710 = PCURVE('',#12711,#12716);
#12711 = PLANE('',#12712);
#12712 = AXIS2_PLACEMENT_3D('',#12713,#12714,#12715);
#12713 = CARTESIAN_POINT('',(440.,-165.,0.));
#12714 = DIRECTION('',(-0.,1.,0.));
#12715 = DIRECTION('',(0.,0.,1.));
#12716 = DEFINITIONAL_REPRESENTATION('',(#12717),#12721);
#12717 = LINE('',#12718,#12719);
#12718 = CARTESIAN_POINT('',(0.,0.));
#12719 = VECTOR('',#12720,1.);
#12720 = DIRECTION('',(1.,0.));
#12721 = ( GEOMETRIC_REPRESENTATION_CONTEXT(2) 
PARAMETRIC_REPRESENTATION_CONTEXT() REPRESENTATION_CONTEXT('2D SPACE',''
  ) );
#12722 = ORIENTED_EDGE('',*,*,#12723,.T.);
#12723 = EDGE_CURVE('',#12689,#12724,#12726,.T.);
#12724 = VERTEX_POINT('',#12725);
#12725 = CARTESIAN_POINT('',(440.,165.,0.));
#12726 = SURFACE_CURVE('',#12727,(#12731,#12738),.PCURVE_S1.);
#12727 = LINE('',#12728,#12729);
#12728 = CARTESIAN_POINT('',(440.,-165.,0.));
#12729 = VECTOR('',#12730,1.);
#12730 = DIRECTION('',(-0.,1.,0.));
#12731 = PCURVE('',#12699,#12732);
#12732 = DEFINITIONAL_REPRESENTATION('',(#12733),#12737);
#12733 = LINE('',#12734,#12735);
#12734 = CARTESIAN_POINT('',(0.,0.));
#12735 = VECTOR('',#12736,1.);
#12736 = DIRECTION('',(0.,-1.));
#12737 = ( GEOMETRIC_REPRESENTATION_CONTEXT(2) 
PARAMETRIC_REPRESENTATION_CONTEXT() REPRESENTATION_CONTEXT('2D SPACE',''
  ) );
#12738 = PCURVE('',#12739,#12744);
#12739 = PLANE('',#12740);
#12740 = AXIS2_PLACEMENT_3D('',#12741,#12742,#12743);
#12741 = CARTESIAN_POINT('',(440.,-165.,0.));
#12742 = DIRECTION('',(0.,0.,1.));
#12743 = DIRECTION('',(1.,0.,-0.));
#12744 = DEFINITIONAL_REPRESENTATION('',(#12745),#12749);
#12745 = LINE('',#12746,#12747);
#12746 = CARTESIAN_POINT('',(0.,0.));
#12747 = VECTOR('',#12748,1.);
#12748 = DIRECTION('',(0.,1.));
#12749 = ( GEOMETRIC_REPRESENTATION_CONTEXT(2) 
PARAMETRIC_REPRESENTATION_CONTEXT() REPRESENTATION_CONTEXT('2D SPACE',''
  ) );
#12750 = ORIENTED_EDGE('',*,*,#12751,.T.);
#12751 = EDGE_CURVE('',#12724,#12752,#12754,.T.);
#12752 = VERTEX_POINT('',#12753);
#12753 = CARTESIAN_POINT('',(440.,165.,140.));
#12754 = SURFACE_CURVE('',#12755,(#12759,#12766),.PCURVE_S1.);
#12755 = LINE('',#12756,#12757);
#12756 = CARTESIAN_POINT('',(440.,165.,0.));
#12757 = VECTOR('',#12758,1.);
#12758 = DIRECTION('',(0.,0.,1.));
#12759 = PCURVE('',#12699,#12760);
#12760 = DEFINITIONAL_REPRESENTATION('',(#12761),#12765);
#12761 = LINE('',#12762,#12763);
#12762 = CARTESIAN_POINT('',(0.,-330.));
#12763 = VECTOR('',#12764,1.);
#12764 = DIRECTION('',(1.,0.));
#12765 = ( GEOMETRIC_REPRESENTATION_CONTEXT(2) 
PARAMETRIC_REPRESENTATION_CONTEXT() REPRESENTATION_CONTEXT('2D SPACE',''
  ) );
#12766 = PCURVE('',#12767,#12772);
#12767 = PLANE('',#12768);
#12768 = AXIS2_PLACEMENT_3D('',#12769,#12770,#12771);
#12769 = CARTESIAN_POINT('',(440.,165.,0.));
#12770 = DIRECTION('',(-0.,1.,0.));
#12771 = DIRECTION('',(0.,0.,1.));
#12772 = DEFINITIONAL_REPRESENTATION('',(#12773),#12777);
#12773 = LINE('',#12774,#12775);
#12774 = CARTESIAN_POINT('',(0.,0.));
#12775 = VECTOR('',#12776,1.);
#12776 = DIRECTION('',(1.,0.));
#12777 = ( GEOMETRIC_REPRESENTATION_CONTEXT(2) 
PARAMETRIC_REPRESENTATION_CONTEXT() REPRESENTATION_CONTEXT('2D SPACE',''
  ) );
#12778 = ORIENTED_EDGE('',*,*,#12779,.F.);
#12779 = EDGE_CURVE('',#12691,#12752,#12780,.T.);
#12780 = SURFACE_CURVE('',#12781,(#12785,#12792),.PCURVE_S1.);
#12781 = LINE('',#12782,#12783);
#12782 = CARTESIAN_POINT('',(440.,-165.,140.));
#12783 = VECTOR('',#12784,1.);
#12784 = DIRECTION('',(-0.,1.,0.));
#12785 = PCURVE('',#12699,#12786);
#12786 = DEFINITIONAL_REPRESENTATION('',(#12787),#12791);
#12787 = LINE('',#12788,#12789);
#12788 = CARTESIAN_POINT('',(140.,0.));
#12789 = VECTOR('',#12790,1.);
#12790 = DIRECTION('',(0.,-1.));
#12791 = ( GEOMETRIC_REPRESENTATION_CONTEXT(2) 
PARAMETRIC_REPRESENTATION_CONTEXT() REPRESENTATION_CONTEXT('2D SPACE',''
  ) );
#12792 = PCURVE('',#12793,#12798);
#12793 = PLANE('',#12794);
#12794 = AXIS2_PLACEMENT_3D('',#12795,#12796,#12797);
#12795 = CARTESIAN_POINT('',(440.,-165.,140.));
#12796 = DIRECTION('',(0.,0.,1.));
#12797 = DIRECTION('',(1.,0.,-0.));
#12798 = DEFINITIONAL_REPRESENTATION('',(#12799),#12803);
#12799 = LINE('',#12800,#12801);
#12800 = CARTESIAN_POINT('',(0.,0.));
#12801 = VECTOR('',#12802,1.);
#12802 = DIRECTION('',(0.,1.));
#12803 = ( GEOMETRIC_REPRESENTATION_CONTEXT(2) 
PARAMETRIC_REPRESENTATION_CONTEXT() REPRESENTATION_CONTEXT('2D SPACE',''
  ) );
#12804 = ADVANCED_FACE('',(#12805),#12711,.F.);
#12805 = FACE_BOUND('',#12806,.F.);
#12806 = EDGE_LOOP('',(#12807,#12830,#12831,#12854));
#12807 = ORIENTED_EDGE('',*,*,#12808,.F.);
#12808 = EDGE_CURVE('',#12689,#12809,#12811,.T.);
#12809 = VERTEX_POINT('',#12810);
#12810 = CARTESIAN_POINT('',(850.,-165.,0.));
#12811 = SURFACE_CURVE('',#12812,(#12816,#12823),.PCURVE_S1.);
#12812 = LINE('',#12813,#12814);
#12813 = CARTESIAN_POINT('',(440.,-165.,0.));
#12814 = VECTOR('',#12815,1.);
#12815 = DIRECTION('',(1.,0.,-0.));
#12816 = PCURVE('',#12711,#12817);
#12817 = DEFINITIONAL_REPRESENTATION('',(#12818),#12822);
#12818 = LINE('',#12819,#12820);
#12819 = CARTESIAN_POINT('',(0.,0.));
#12820 = VECTOR('',#12821,1.);
#12821 = DIRECTION('',(0.,1.));
#12822 = ( GEOMETRIC_REPRESENTATION_CONTEXT(2) 
PARAMETRIC_REPRESENTATION_CONTEXT() REPRESENTATION_CONTEXT('2D SPACE',''
  ) );
#12823 = PCURVE('',#12739,#12824);
#12824 = DEFINITIONAL_REPRESENTATION('',(#12825),#12829);
#12825 = LINE('',#12826,#12827);
#12826 = CARTESIAN_POINT('',(0.,0.));
#12827 = VECTOR('',#12828,1.);
#12828 = DIRECTION('',(1.,0.));
#12829 = ( GEOMETRIC_REPRESENTATION_CONTEXT(2) 
PARAMETRIC_REPRESENTATION_CONTEXT() REPRESENTATION_CONTEXT('2D SPACE',''
  ) );
#12830 = ORIENTED_EDGE('',*,*,#12688,.T.);
#12831 = ORIENTED_EDGE('',*,*,#12832,.T.);
#12832 = EDGE_CURVE('',#12691,#12833,#12835,.T.);
#12833 = VERTEX_POINT('',#12834);
#12834 = CARTESIAN_POINT('',(850.,-165.,140.));
#12835 = SURFACE_CURVE('',#12836,(#12840,#12847),.PCURVE_S1.);
#12836 = LINE('',#12837,#12838);
#12837 = CARTESIAN_POINT('',(440.,-165.,140.));
#12838 = VECTOR('',#12839,1.);
#12839 = DIRECTION('',(1.,0.,-0.));
#12840 = PCURVE('',#12711,#12841);
#12841 = DEFINITIONAL_REPRESENTATION('',(#12842),#12846);
#12842 = LINE('',#12843,#12844);
#12843 = CARTESIAN_POINT('',(140.,0.));
#12844 = VECTOR('',#12845,1.);
#12845 = DIRECTION('',(0.,1.));
#12846 = ( GEOMETRIC_REPRESENTATION_CONTEXT(2) 
PARAMETRIC_REPRESENTATION_CONTEXT() REPRESENTATION_CONTEXT('2D SPACE',''
  ) );
#12847 = PCURVE('',#12793,#12848);
#12848 = DEFINITIONAL_REPRESENTATION('',(#12849),#12853);
#12849 = LINE('',#12850,#12851);
#12850 = CARTESIAN_POINT('',(0.,0.));
#12851 = VECTOR('',#12852,1.);
#12852 = DIRECTION('',(1.,0.));
#12853 = ( GEOMETRIC_REPRESENTATION_CONTEXT(2) 
PARAMETRIC_REPRESENTATION_CONTEXT() REPRESENTATION_CONTEXT('2D SPACE',''
  ) );
#12854 = ORIENTED_EDGE('',*,*,#12855,.F.);
#12855 = EDGE_CURVE('',#12809,#12833,#12856,.T.);
#12856 = SURFACE_CURVE('',#12857,(#12861,#12868),.PCURVE_S1.);
#12857 = LINE('',#12858,#12859);
#12858 = CARTESIAN_POINT('',(850.,-165.,0.));
#12859 = VECTOR('',#12860,1.);
#12860 = DIRECTION('',(0.,0.,1.));
#12861 = PCURVE('',#12711,#12862);
#12862 = DEFINITIONAL_REPRESENTATION('',(#12863),#12867);
#12863 = LINE('',#12864,#12865);
#12864 = CARTESIAN_POINT('',(0.,410.));
#12865 = VECTOR('',#12866,1.);
#12866 = DIRECTION('',(1.,0.));
#12867 = ( GEOMETRIC_REPRESENTATION_CONTEXT(2) 
PARAMETRIC_REPRESENTATION_CONTEXT() REPRESENTATION_CONTEXT('2D SPACE',''
  ) );
#12868 = PCURVE('',#12869,#12874);
#12869 = PLANE('',#12870);
#12870 = AXIS2_PLACEMENT_3D('',#12871,#12872,#12873);
#12871 = CARTESIAN_POINT('',(850.,-165.,0.));
#12872 = DIRECTION('',(1.,0.,-0.));
#12873 = DIRECTION('',(0.,0.,1.));
#12874 = DEFINITIONAL_REPRESENTATION('',(#12875),#12879);
#12875 = LINE('',#12876,#12877);
#12876 = CARTESIAN_POINT('',(0.,0.));
#12877 = VECTOR('',#12878,1.);
#12878 = DIRECTION('',(1.,0.));
#12879 = ( GEOMETRIC_REPRESENTATION_CONTEXT(2) 
PARAMETRIC_REPRESENTATION_CONTEXT() REPRESENTATION_CONTEXT('2D SPACE',''
  ) );
#12880 = ADVANCED_FACE('',(#12881,#12929),#12793,.T.);
#12881 = FACE_BOUND('',#12882,.T.);
#12882 = EDGE_LOOP('',(#12883,#12884,#12885,#12908));
#12883 = ORIENTED_EDGE('',*,*,#12779,.F.);
#12884 = ORIENTED_EDGE('',*,*,#12832,.T.);
#12885 = ORIENTED_EDGE('',*,*,#12886,.T.);
#12886 = EDGE_CURVE('',#12833,#12887,#12889,.T.);
#12887 = VERTEX_POINT('',#12888);
#12888 = CARTESIAN_POINT('',(850.,165.,140.));
#12889 = SURFACE_CURVE('',#12890,(#12894,#12901),.PCURVE_S1.);
#12890 = LINE('',#12891,#12892);
#12891 = CARTESIAN_POINT('',(850.,-165.,140.));
#12892 = VECTOR('',#12893,1.);
#12893 = DIRECTION('',(-0.,1.,0.));
#12894 = PCURVE('',#12793,#12895);
#12895 = DEFINITIONAL_REPRESENTATION('',(#12896),#12900);
#12896 = LINE('',#12897,#12898);
#12897 = CARTESIAN_POINT('',(410.,0.));
#12898 = VECTOR('',#12899,1.);
#12899 = DIRECTION('',(0.,1.));
#12900 = ( GEOMETRIC_REPRESENTATION_CONTEXT(2) 
PARAMETRIC_REPRESENTATION_CONTEXT() REPRESENTATION_CONTEXT('2D SPACE',''
  ) );
#12901 = PCURVE('',#12869,#12902);
#12902 = DEFINITIONAL_REPRESENTATION('',(#12903),#12907);
#12903 = LINE('',#12904,#12905);
#12904 = CARTESIAN_POINT('',(140.,0.));
#12905 = VECTOR('',#12906,1.);
#12906 = DIRECTION('',(0.,-1.));
#12907 = ( GEOMETRIC_REPRESENTATION_CONTEXT(2) 
PARAMETRIC_REPRESENTATION_CONTEXT() REPRESENTATION_CONTEXT('2D SPACE',''
  ) );
#12908 = ORIENTED_EDGE('',*,*,#12909,.F.);
#12909 = EDGE_CURVE('',#12752,#12887,#12910,.T.);
#12910 = SURFACE_CURVE('',#12911,(#12915,#12922),.PCURVE_S1.);
#12911 = LINE('',#12912,#12913);
#12912 = CARTESIAN_POINT('',(440.,165.,140.));
#12913 = VECTOR('',#12914,1.);
#12914 = DIRECTION('',(1.,0.,-0.));
#12915 = PCURVE('',#12793,#12916);
#12916 = DEFINITIONAL_REPRESENTATION('',(#12917),#12921);
#12917 = LINE('',#12918,#12919);
#12918 = CARTESIAN_POINT('',(0.,330.));
#12919 = VECTOR('',#12920,1.);
#12920 = DIRECTION('',(1.,0.));
#12921 = ( GEOMETRIC_REPRESENTATION_CONTEXT(2) 
PARAMETRIC_REPRESENTATION_CONTEXT() REPRESENTATION_CONTEXT('2D SPACE',''
  ) );
#12922 = PCURVE('',#12767,#12923);
#12923 = DEFINITIONAL_REPRESENTATION('',(#12924),#12928);
#12924 = LINE('',#12925,#12926);
#12925 = CARTESIAN_POINT('',(140.,0.));
#12926 = VECTOR('',#12927,1.);
#12927 = DIRECTION('',(0.,1.));
#12928 = ( GEOMETRIC_REPRESENTATION_CONTEXT(2) 
PARAMETRIC_REPRESENTATION_CONTEXT() REPRESENTATION_CONTEXT('2D SPACE',''
  ) );
#12929 = FACE_BOUND('',#12930,.T.);
#12930 = EDGE_LOOP('',(#12931,#12959,#12985,#13011));
#12931 = ORIENTED_EDGE('',*,*,#12932,.T.);
#12932 = EDGE_CURVE('',#12933,#12935,#12937,.T.);
#12933 = VERTEX_POINT('',#12934);
#12934 = CARTESIAN_POINT('',(844.,-159.,140.));
#12935 = VERTEX_POINT('',#12936);
#12936 = CARTESIAN_POINT('',(446.,-159.,140.));
#12937 = SURFACE_CURVE('',#12938,(#12942,#12948),.PCURVE_S1.);
#12938 = LINE('',#12939,#12940);
#12939 = CARTESIAN_POINT('',(443.,-159.,140.));
#12940 = VECTOR('',#12941,1.);
#12941 = DIRECTION('',(-1.,-0.,0.));
#12942 = PCURVE('',#12793,#12943);
#12943 = DEFINITIONAL_REPRESENTATION('',(#12944),#12947);
#12944 = B_SPLINE_CURVE_WITH_KNOTS('',1,(#12945,#12946),.UNSPECIFIED.,
  .F.,.F.,(2,2),(-401.,-3.),.PIECEWISE_BEZIER_KNOTS.);
#12945 = CARTESIAN_POINT('',(404.,6.));
#12946 = CARTESIAN_POINT('',(6.,6.));
#12947 = ( GEOMETRIC_REPRESENTATION_CONTEXT(2) 
PARAMETRIC_REPRESENTATION_CONTEXT() REPRESENTATION_CONTEXT('2D SPACE',''
  ) );
#12948 = PCURVE('',#12949,#12954);
#12949 = PLANE('',#12950);
#12950 = AXIS2_PLACEMENT_3D('',#12951,#12952,#12953);
#12951 = CARTESIAN_POINT('',(446.,-159.,6.));
#12952 = DIRECTION('',(-0.,1.,0.));
#12953 = DIRECTION('',(0.,0.,1.));
#12954 = DEFINITIONAL_REPRESENTATION('',(#12955),#12958);
#12955 = B_SPLINE_CURVE_WITH_KNOTS('',1,(#12956,#12957),.UNSPECIFIED.,
  .F.,.F.,(2,2),(-401.,-3.),.PIECEWISE_BEZIER_KNOTS.);
#12956 = CARTESIAN_POINT('',(134.,398.));
#12957 = CARTESIAN_POINT('',(134.,0.));
#12958 = ( GEOMETRIC_REPRESENTATION_CONTEXT(2) 
PARAMETRIC_REPRESENTATION_CONTEXT() REPRESENTATION_CONTEXT('2D SPACE',''
  ) );
#12959 = ORIENTED_EDGE('',*,*,#12960,.T.);
#12960 = EDGE_CURVE('',#12935,#12961,#12963,.T.);
#12961 = VERTEX_POINT('',#12962);
#12962 = CARTESIAN_POINT('',(446.,159.,140.));
#12963 = SURFACE_CURVE('',#12964,(#12968,#12974),.PCURVE_S1.);
#12964 = LINE('',#12965,#12966);
#12965 = CARTESIAN_POINT('',(446.,-162.,140.));
#12966 = VECTOR('',#12967,1.);
#12967 = DIRECTION('',(-0.,1.,0.));
#12968 = PCURVE('',#12793,#12969);
#12969 = DEFINITIONAL_REPRESENTATION('',(#12970),#12973);
#12970 = B_SPLINE_CURVE_WITH_KNOTS('',1,(#12971,#12972),.UNSPECIFIED.,
  .F.,.F.,(2,2),(3.,321.),.PIECEWISE_BEZIER_KNOTS.);
#12971 = CARTESIAN_POINT('',(6.,6.));
#12972 = CARTESIAN_POINT('',(6.,324.));
#12973 = ( GEOMETRIC_REPRESENTATION_CONTEXT(2) 
PARAMETRIC_REPRESENTATION_CONTEXT() REPRESENTATION_CONTEXT('2D SPACE',''
  ) );
#12974 = PCURVE('',#12975,#12980);
#12975 = PLANE('',#12976);
#12976 = AXIS2_PLACEMENT_3D('',#12977,#12978,#12979);
#12977 = CARTESIAN_POINT('',(446.,-159.,6.));
#12978 = DIRECTION('',(1.,0.,-0.));
#12979 = DIRECTION('',(0.,0.,1.));
#12980 = DEFINITIONAL_REPRESENTATION('',(#12981),#12984);
#12981 = B_SPLINE_CURVE_WITH_KNOTS('',1,(#12982,#12983),.UNSPECIFIED.,
  .F.,.F.,(2,2),(3.,321.),.PIECEWISE_BEZIER_KNOTS.);
#12982 = CARTESIAN_POINT('',(134.,0.));
#12983 = CARTESIAN_POINT('',(134.,-318.));
#12984 = ( GEOMETRIC_REPRESENTATION_CONTEXT(2) 
PARAMETRIC_REPRESENTATION_CONTEXT() REPRESENTATION_CONTEXT('2D SPACE',''
  ) );
#12985 = ORIENTED_EDGE('',*,*,#12986,.F.);
#12986 = EDGE_CURVE('',#12987,#12961,#12989,.T.);
#12987 = VERTEX_POINT('',#12988);
#12988 = CARTESIAN_POINT('',(844.,159.,140.));
#12989 = SURFACE_CURVE('',#12990,(#12994,#13000),.PCURVE_S1.);
#12990 = LINE('',#12991,#12992);
#12991 = CARTESIAN_POINT('',(443.,159.,140.));
#12992 = VECTOR('',#12993,1.);
#12993 = DIRECTION('',(-1.,-0.,0.));
#12994 = PCURVE('',#12793,#12995);
#12995 = DEFINITIONAL_REPRESENTATION('',(#12996),#12999);
#12996 = B_SPLINE_CURVE_WITH_KNOTS('',1,(#12997,#12998),.UNSPECIFIED.,
  .F.,.F.,(2,2),(-401.,-3.),.PIECEWISE_BEZIER_KNOTS.);
#12997 = CARTESIAN_POINT('',(404.,324.));
#12998 = CARTESIAN_POINT('',(6.,324.));
#12999 = ( GEOMETRIC_REPRESENTATION_CONTEXT(2) 
PARAMETRIC_REPRESENTATION_CONTEXT() REPRESENTATION_CONTEXT('2D SPACE',''
  ) );
#13000 = PCURVE('',#13001,#13006);
#13001 = PLANE('',#13002);
#13002 = AXIS2_PLACEMENT_3D('',#13003,#13004,#13005);
#13003 = CARTESIAN_POINT('',(446.,159.,6.));
#13004 = DIRECTION('',(-0.,1.,0.));
#13005 = DIRECTION('',(0.,0.,1.));
#13006 = DEFINITIONAL_REPRESENTATION('',(#13007),#13010);
#13007 = B_SPLINE_CURVE_WITH_KNOTS('',1,(#13008,#13009),.UNSPECIFIED.,
  .F.,.F.,(2,2),(-401.,-3.),.PIECEWISE_BEZIER_KNOTS.);
#13008 = CARTESIAN_POINT('',(134.,398.));
#13009 = CARTESIAN_POINT('',(134.,0.));
#13010 = ( GEOMETRIC_REPRESENTATION_CONTEXT(2) 
PARAMETRIC_REPRESENTATION_CONTEXT() REPRESENTATION_CONTEXT('2D SPACE',''
  ) );
#13011 = ORIENTED_EDGE('',*,*,#13012,.F.);
#13012 = EDGE_CURVE('',#12933,#12987,#13013,.T.);
#13013 = SURFACE_CURVE('',#13014,(#13018,#13024),.PCURVE_S1.);
#13014 = LINE('',#13015,#13016);
#13015 = CARTESIAN_POINT('',(844.,-162.,140.));
#13016 = VECTOR('',#13017,1.);
#13017 = DIRECTION('',(-0.,1.,0.));
#13018 = PCURVE('',#12793,#13019);
#13019 = DEFINITIONAL_REPRESENTATION('',(#13020),#13023);
#13020 = B_SPLINE_CURVE_WITH_KNOTS('',1,(#13021,#13022),.UNSPECIFIED.,
  .F.,.F.,(2,2),(3.,321.),.PIECEWISE_BEZIER_KNOTS.);
#13021 = CARTESIAN_POINT('',(404.,6.));
#13022 = CARTESIAN_POINT('',(404.,324.));
#13023 = ( GEOMETRIC_REPRESENTATION_CONTEXT(2) 
PARAMETRIC_REPRESENTATION_CONTEXT() REPRESENTATION_CONTEXT('2D SPACE',''
  ) );
#13024 = PCURVE('',#13025,#13030);
#13025 = PLANE('',#13026);
#13026 = AXIS2_PLACEMENT_3D('',#13027,#13028,#13029);
#13027 = CARTESIAN_POINT('',(844.,-159.,6.));
#13028 = DIRECTION('',(1.,0.,-0.));
#13029 = DIRECTION('',(0.,0.,1.));
#13030 = DEFINITIONAL_REPRESENTATION('',(#13031),#13034);
#13031 = B_SPLINE_CURVE_WITH_KNOTS('',1,(#13032,#13033),.UNSPECIFIED.,
  .F.,.F.,(2,2),(3.,321.),.PIECEWISE_BEZIER_KNOTS.);
#13032 = CARTESIAN_POINT('',(134.,0.));
#13033 = CARTESIAN_POINT('',(134.,-318.));
#13034 = ( GEOMETRIC_REPRESENTATION_CONTEXT(2) 
PARAMETRIC_REPRESENTATION_CONTEXT() REPRESENTATION_CONTEXT('2D SPACE',''
  ) );
#13035 = ADVANCED_FACE('',(#13036),#12767,.T.);
#13036 = FACE_BOUND('',#13037,.T.);
#13037 = EDGE_LOOP('',(#13038,#13061,#13062,#13063));
#13038 = ORIENTED_EDGE('',*,*,#13039,.F.);
#13039 = EDGE_CURVE('',#12724,#13040,#13042,.T.);
#13040 = VERTEX_POINT('',#13041);
#13041 = CARTESIAN_POINT('',(850.,165.,0.));
#13042 = SURFACE_CURVE('',#13043,(#13047,#13054),.PCURVE_S1.);
#13043 = LINE('',#13044,#13045);
#13044 = CARTESIAN_POINT('',(440.,165.,0.));
#13045 = VECTOR('',#13046,1.);
#13046 = DIRECTION('',(1.,0.,-0.));
#13047 = PCURVE('',#12767,#13048);
#13048 = DEFINITIONAL_REPRESENTATION('',(#13049),#13053);
#13049 = LINE('',#13050,#13051);
#13050 = CARTESIAN_POINT('',(0.,0.));
#13051 = VECTOR('',#13052,1.);
#13052 = DIRECTION('',(0.,1.));
#13053 = ( GEOMETRIC_REPRESENTATION_CONTEXT(2) 
PARAMETRIC_REPRESENTATION_CONTEXT() REPRESENTATION_CONTEXT('2D SPACE',''
  ) );
#13054 = PCURVE('',#12739,#13055);
#13055 = DEFINITIONAL_REPRESENTATION('',(#13056),#13060);
#13056 = LINE('',#13057,#13058);
#13057 = CARTESIAN_POINT('',(0.,330.));
#13058 = VECTOR('',#13059,1.);
#13059 = DIRECTION('',(1.,0.));
#13060 = ( GEOMETRIC_REPRESENTATION_CONTEXT(2) 
PARAMETRIC_REPRESENTATION_CONTEXT() REPRESENTATION_CONTEXT('2D SPACE',''
  ) );
#13061 = ORIENTED_EDGE('',*,*,#12751,.T.);
#13062 = ORIENTED_EDGE('',*,*,#12909,.T.);
#13063 = ORIENTED_EDGE('',*,*,#13064,.F.);
#13064 = EDGE_CURVE('',#13040,#12887,#13065,.T.);
#13065 = SURFACE_CURVE('',#13066,(#13070,#13077),.PCURVE_S1.);
#13066 = LINE('',#13067,#13068);
#13067 = CARTESIAN_POINT('',(850.,165.,0.));
#13068 = VECTOR('',#13069,1.);
#13069 = DIRECTION('',(0.,0.,1.));
#13070 = PCURVE('',#12767,#13071);
#13071 = DEFINITIONAL_REPRESENTATION('',(#13072),#13076);
#13072 = LINE('',#13073,#13074);
#13073 = CARTESIAN_POINT('',(0.,410.));
#13074 = VECTOR('',#13075,1.);
#13075 = DIRECTION('',(1.,0.));
#13076 = ( GEOMETRIC_REPRESENTATION_CONTEXT(2) 
PARAMETRIC_REPRESENTATION_CONTEXT() REPRESENTATION_CONTEXT('2D SPACE',''
  ) );
#13077 = PCURVE('',#12869,#13078);
#13078 = DEFINITIONAL_REPRESENTATION('',(#13079),#13083);
#13079 = LINE('',#13080,#13081);
#13080 = CARTESIAN_POINT('',(0.,-330.));
#13081 = VECTOR('',#13082,1.);
#13082 = DIRECTION('',(1.,0.));
#13083 = ( GEOMETRIC_REPRESENTATION_CONTEXT(2) 
PARAMETRIC_REPRESENTATION_CONTEXT() REPRESENTATION_CONTEXT('2D SPACE',''
  ) );
#13084 = ADVANCED_FACE('',(#13085),#12739,.F.);
#13085 = FACE_BOUND('',#13086,.F.);
#13086 = EDGE_LOOP('',(#13087,#13088,#13089,#13110));
#13087 = ORIENTED_EDGE('',*,*,#12723,.F.);
#13088 = ORIENTED_EDGE('',*,*,#12808,.T.);
#13089 = ORIENTED_EDGE('',*,*,#13090,.T.);
#13090 = EDGE_CURVE('',#12809,#13040,#13091,.T.);
#13091 = SURFACE_CURVE('',#13092,(#13096,#13103),.PCURVE_S1.);
#13092 = LINE('',#13093,#13094);
#13093 = CARTESIAN_POINT('',(850.,-165.,0.));
#13094 = VECTOR('',#13095,1.);
#13095 = DIRECTION('',(-0.,1.,0.));
#13096 = PCURVE('',#12739,#13097);
#13097 = DEFINITIONAL_REPRESENTATION('',(#13098),#13102);
#13098 = LINE('',#13099,#13100);
#13099 = CARTESIAN_POINT('',(410.,0.));
#13100 = VECTOR('',#13101,1.);
#13101 = DIRECTION('',(0.,1.));
#13102 = ( GEOMETRIC_REPRESENTATION_CONTEXT(2) 
PARAMETRIC_REPRESENTATION_CONTEXT() REPRESENTATION_CONTEXT('2D SPACE',''
  ) );
#13103 = PCURVE('',#12869,#13104);
#13104 = DEFINITIONAL_REPRESENTATION('',(#13105),#13109);
#13105 = LINE('',#13106,#13107);
#13106 = CARTESIAN_POINT('',(0.,0.));
#13107 = VECTOR('',#13108,1.);
#13108 = DIRECTION('',(0.,-1.));
#13109 = ( GEOMETRIC_REPRESENTATION_CONTEXT(2) 
PARAMETRIC_REPRESENTATION_CONTEXT() REPRESENTATION_CONTEXT('2D SPACE',''
  ) );
#13110 = ORIENTED_EDGE('',*,*,#13039,.F.);
#13111 = ADVANCED_FACE('',(#13112),#12869,.T.);
#13112 = FACE_BOUND('',#13113,.T.);
#13113 = EDGE_LOOP('',(#13114,#13115,#13116,#13117));
#13114 = ORIENTED_EDGE('',*,*,#12855,.F.);
#13115 = ORIENTED_EDGE('',*,*,#13090,.T.);
#13116 = ORIENTED_EDGE('',*,*,#13064,.T.);
#13117 = ORIENTED_EDGE('',*,*,#12886,.F.);
#13118 = ADVANCED_FACE('',(#13119),#12949,.T.);
#13119 = FACE_BOUND('',#13120,.T.);
#13120 = EDGE_LOOP('',(#13121,#13144,#13172,#13193));
#13121 = ORIENTED_EDGE('',*,*,#13122,.F.);
#13122 = EDGE_CURVE('',#13123,#12933,#13125,.T.);
#13123 = VERTEX_POINT('',#13124);
#13124 = CARTESIAN_POINT('',(844.,-159.,6.));
#13125 = SURFACE_CURVE('',#13126,(#13130,#13137),.PCURVE_S1.);
#13126 = LINE('',#13127,#13128);
#13127 = CARTESIAN_POINT('',(844.,-159.,6.));
#13128 = VECTOR('',#13129,1.);
#13129 = DIRECTION('',(0.,0.,1.));
#13130 = PCURVE('',#12949,#13131);
#13131 = DEFINITIONAL_REPRESENTATION('',(#13132),#13136);
#13132 = LINE('',#13133,#13134);
#13133 = CARTESIAN_POINT('',(0.,398.));
#13134 = VECTOR('',#13135,1.);
#13135 = DIRECTION('',(1.,0.));
#13136 = ( GEOMETRIC_REPRESENTATION_CONTEXT(2) 
PARAMETRIC_REPRESENTATION_CONTEXT() REPRESENTATION_CONTEXT('2D SPACE',''
  ) );
#13137 = PCURVE('',#13025,#13138);
#13138 = DEFINITIONAL_REPRESENTATION('',(#13139),#13143);
#13139 = LINE('',#13140,#13141);
#13140 = CARTESIAN_POINT('',(0.,0.));
#13141 = VECTOR('',#13142,1.);
#13142 = DIRECTION('',(1.,0.));
#13143 = ( GEOMETRIC_REPRESENTATION_CONTEXT(2) 
PARAMETRIC_REPRESENTATION_CONTEXT() REPRESENTATION_CONTEXT('2D SPACE',''
  ) );
#13144 = ORIENTED_EDGE('',*,*,#13145,.F.);
#13145 = EDGE_CURVE('',#13146,#13123,#13148,.T.);
#13146 = VERTEX_POINT('',#13147);
#13147 = CARTESIAN_POINT('',(446.,-159.,6.));
#13148 = SURFACE_CURVE('',#13149,(#13153,#13160),.PCURVE_S1.);
#13149 = LINE('',#13150,#13151);
#13150 = CARTESIAN_POINT('',(446.,-159.,6.));
#13151 = VECTOR('',#13152,1.);
#13152 = DIRECTION('',(1.,0.,-0.));
#13153 = PCURVE('',#12949,#13154);
#13154 = DEFINITIONAL_REPRESENTATION('',(#13155),#13159);
#13155 = LINE('',#13156,#13157);
#13156 = CARTESIAN_POINT('',(0.,0.));
#13157 = VECTOR('',#13158,1.);
#13158 = DIRECTION('',(0.,1.));
#13159 = ( GEOMETRIC_REPRESENTATION_CONTEXT(2) 
PARAMETRIC_REPRESENTATION_CONTEXT() REPRESENTATION_CONTEXT('2D SPACE',''
  ) );
#13160 = PCURVE('',#13161,#13166);
#13161 = PLANE('',#13162);
#13162 = AXIS2_PLACEMENT_3D('',#13163,#13164,#13165);
#13163 = CARTESIAN_POINT('',(446.,-159.,6.));
#13164 = DIRECTION('',(0.,0.,1.));
#13165 = DIRECTION('',(1.,0.,-0.));
#13166 = DEFINITIONAL_REPRESENTATION('',(#13167),#13171);
#13167 = LINE('',#13168,#13169);
#13168 = CARTESIAN_POINT('',(0.,0.));
#13169 = VECTOR('',#13170,1.);
#13170 = DIRECTION('',(1.,0.));
#13171 = ( GEOMETRIC_REPRESENTATION_CONTEXT(2) 
PARAMETRIC_REPRESENTATION_CONTEXT() REPRESENTATION_CONTEXT('2D SPACE',''
  ) );
#13172 = ORIENTED_EDGE('',*,*,#13173,.T.);
#13173 = EDGE_CURVE('',#13146,#12935,#13174,.T.);
#13174 = SURFACE_CURVE('',#13175,(#13179,#13186),.PCURVE_S1.);
#13175 = LINE('',#13176,#13177);
#13176 = CARTESIAN_POINT('',(446.,-159.,6.));
#13177 = VECTOR('',#13178,1.);
#13178 = DIRECTION('',(0.,0.,1.));
#13179 = PCURVE('',#12949,#13180);
#13180 = DEFINITIONAL_REPRESENTATION('',(#13181),#13185);
#13181 = LINE('',#13182,#13183);
#13182 = CARTESIAN_POINT('',(0.,0.));
#13183 = VECTOR('',#13184,1.);
#13184 = DIRECTION('',(1.,0.));
#13185 = ( GEOMETRIC_REPRESENTATION_CONTEXT(2) 
PARAMETRIC_REPRESENTATION_CONTEXT() REPRESENTATION_CONTEXT('2D SPACE',''
  ) );
#13186 = PCURVE('',#12975,#13187);
#13187 = DEFINITIONAL_REPRESENTATION('',(#13188),#13192);
#13188 = LINE('',#13189,#13190);
#13189 = CARTESIAN_POINT('',(0.,0.));
#13190 = VECTOR('',#13191,1.);
#13191 = DIRECTION('',(1.,0.));
#13192 = ( GEOMETRIC_REPRESENTATION_CONTEXT(2) 
PARAMETRIC_REPRESENTATION_CONTEXT() REPRESENTATION_CONTEXT('2D SPACE',''
  ) );
#13193 = ORIENTED_EDGE('',*,*,#12932,.F.);
#13194 = ADVANCED_FACE('',(#13195),#13025,.F.);
#13195 = FACE_BOUND('',#13196,.F.);
#13196 = EDGE_LOOP('',(#13197,#13198,#13221,#13242));
#13197 = ORIENTED_EDGE('',*,*,#13122,.F.);
#13198 = ORIENTED_EDGE('',*,*,#13199,.T.);
#13199 = EDGE_CURVE('',#13123,#13200,#13202,.T.);
#13200 = VERTEX_POINT('',#13201);
#13201 = CARTESIAN_POINT('',(844.,159.,6.));
#13202 = SURFACE_CURVE('',#13203,(#13207,#13214),.PCURVE_S1.);
#13203 = LINE('',#13204,#13205);
#13204 = CARTESIAN_POINT('',(844.,-159.,6.));
#13205 = VECTOR('',#13206,1.);
#13206 = DIRECTION('',(-0.,1.,0.));
#13207 = PCURVE('',#13025,#13208);
#13208 = DEFINITIONAL_REPRESENTATION('',(#13209),#13213);
#13209 = LINE('',#13210,#13211);
#13210 = CARTESIAN_POINT('',(0.,0.));
#13211 = VECTOR('',#13212,1.);
#13212 = DIRECTION('',(0.,-1.));
#13213 = ( GEOMETRIC_REPRESENTATION_CONTEXT(2) 
PARAMETRIC_REPRESENTATION_CONTEXT() REPRESENTATION_CONTEXT('2D SPACE',''
  ) );
#13214 = PCURVE('',#13161,#13215);
#13215 = DEFINITIONAL_REPRESENTATION('',(#13216),#13220);
#13216 = LINE('',#13217,#13218);
#13217 = CARTESIAN_POINT('',(398.,0.));
#13218 = VECTOR('',#13219,1.);
#13219 = DIRECTION('',(0.,1.));
#13220 = ( GEOMETRIC_REPRESENTATION_CONTEXT(2) 
PARAMETRIC_REPRESENTATION_CONTEXT() REPRESENTATION_CONTEXT('2D SPACE',''
  ) );
#13221 = ORIENTED_EDGE('',*,*,#13222,.T.);
#13222 = EDGE_CURVE('',#13200,#12987,#13223,.T.);
#13223 = SURFACE_CURVE('',#13224,(#13228,#13235),.PCURVE_S1.);
#13224 = LINE('',#13225,#13226);
#13225 = CARTESIAN_POINT('',(844.,159.,6.));
#13226 = VECTOR('',#13227,1.);
#13227 = DIRECTION('',(0.,0.,1.));
#13228 = PCURVE('',#13025,#13229);
#13229 = DEFINITIONAL_REPRESENTATION('',(#13230),#13234);
#13230 = LINE('',#13231,#13232);
#13231 = CARTESIAN_POINT('',(0.,-318.));
#13232 = VECTOR('',#13233,1.);
#13233 = DIRECTION('',(1.,0.));
#13234 = ( GEOMETRIC_REPRESENTATION_CONTEXT(2) 
PARAMETRIC_REPRESENTATION_CONTEXT() REPRESENTATION_CONTEXT('2D SPACE',''
  ) );
#13235 = PCURVE('',#13001,#13236);
#13236 = DEFINITIONAL_REPRESENTATION('',(#13237),#13241);
#13237 = LINE('',#13238,#13239);
#13238 = CARTESIAN_POINT('',(0.,398.));
#13239 = VECTOR('',#13240,1.);
#13240 = DIRECTION('',(1.,0.));
#13241 = ( GEOMETRIC_REPRESENTATION_CONTEXT(2) 
PARAMETRIC_REPRESENTATION_CONTEXT() REPRESENTATION_CONTEXT('2D SPACE',''
  ) );
#13242 = ORIENTED_EDGE('',*,*,#13012,.F.);
#13243 = ADVANCED_FACE('',(#13244),#13001,.F.);
#13244 = FACE_BOUND('',#13245,.F.);
#13245 = EDGE_LOOP('',(#13246,#13247,#13270,#13291));
#13246 = ORIENTED_EDGE('',*,*,#13222,.F.);
#13247 = ORIENTED_EDGE('',*,*,#13248,.F.);
#13248 = EDGE_CURVE('',#13249,#13200,#13251,.T.);
#13249 = VERTEX_POINT('',#13250);
#13250 = CARTESIAN_POINT('',(446.,159.,6.));
#13251 = SURFACE_CURVE('',#13252,(#13256,#13263),.PCURVE_S1.);
#13252 = LINE('',#13253,#13254);
#13253 = CARTESIAN_POINT('',(446.,159.,6.));
#13254 = VECTOR('',#13255,1.);
#13255 = DIRECTION('',(1.,0.,-0.));
#13256 = PCURVE('',#13001,#13257);
#13257 = DEFINITIONAL_REPRESENTATION('',(#13258),#13262);
#13258 = LINE('',#13259,#13260);
#13259 = CARTESIAN_POINT('',(0.,0.));
#13260 = VECTOR('',#13261,1.);
#13261 = DIRECTION('',(0.,1.));
#13262 = ( GEOMETRIC_REPRESENTATION_CONTEXT(2) 
PARAMETRIC_REPRESENTATION_CONTEXT() REPRESENTATION_CONTEXT('2D SPACE',''
  ) );
#13263 = PCURVE('',#13161,#13264);
#13264 = DEFINITIONAL_REPRESENTATION('',(#13265),#13269);
#13265 = LINE('',#13266,#13267);
#13266 = CARTESIAN_POINT('',(0.,318.));
#13267 = VECTOR('',#13268,1.);
#13268 = DIRECTION('',(1.,0.));
#13269 = ( GEOMETRIC_REPRESENTATION_CONTEXT(2) 
PARAMETRIC_REPRESENTATION_CONTEXT() REPRESENTATION_CONTEXT('2D SPACE',''
  ) );
#13270 = ORIENTED_EDGE('',*,*,#13271,.T.);
#13271 = EDGE_CURVE('',#13249,#12961,#13272,.T.);
#13272 = SURFACE_CURVE('',#13273,(#13277,#13284),.PCURVE_S1.);
#13273 = LINE('',#13274,#13275);
#13274 = CARTESIAN_POINT('',(446.,159.,6.));
#13275 = VECTOR('',#13276,1.);
#13276 = DIRECTION('',(0.,0.,1.));
#13277 = PCURVE('',#13001,#13278);
#13278 = DEFINITIONAL_REPRESENTATION('',(#13279),#13283);
#13279 = LINE('',#13280,#13281);
#13280 = CARTESIAN_POINT('',(0.,0.));
#13281 = VECTOR('',#13282,1.);
#13282 = DIRECTION('',(1.,0.));
#13283 = ( GEOMETRIC_REPRESENTATION_CONTEXT(2) 
PARAMETRIC_REPRESENTATION_CONTEXT() REPRESENTATION_CONTEXT('2D SPACE',''
  ) );
#13284 = PCURVE('',#12975,#13285);
#13285 = DEFINITIONAL_REPRESENTATION('',(#13286),#13290);
#13286 = LINE('',#13287,#13288);
#13287 = CARTESIAN_POINT('',(0.,-318.));
#13288 = VECTOR('',#13289,1.);
#13289 = DIRECTION('',(1.,0.));
#13290 = ( GEOMETRIC_REPRESENTATION_CONTEXT(2) 
PARAMETRIC_REPRESENTATION_CONTEXT() REPRESENTATION_CONTEXT('2D SPACE',''
  ) );
#13291 = ORIENTED_EDGE('',*,*,#12986,.F.);
#13292 = ADVANCED_FACE('',(#13293),#12975,.T.);
#13293 = FACE_BOUND('',#13294,.T.);
#13294 = EDGE_LOOP('',(#13295,#13296,#13317,#13318));
#13295 = ORIENTED_EDGE('',*,*,#13173,.F.);
#13296 = ORIENTED_EDGE('',*,*,#13297,.T.);
#13297 = EDGE_CURVE('',#13146,#13249,#13298,.T.);
#13298 = SURFACE_CURVE('',#13299,(#13303,#13310),.PCURVE_S1.);
#13299 = LINE('',#13300,#13301);
#13300 = CARTESIAN_POINT('',(446.,-159.,6.));
#13301 = VECTOR('',#13302,1.);
#13302 = DIRECTION('',(-0.,1.,0.));
#13303 = PCURVE('',#12975,#13304);
#13304 = DEFINITIONAL_REPRESENTATION('',(#13305),#13309);
#13305 = LINE('',#13306,#13307);
#13306 = CARTESIAN_POINT('',(0.,0.));
#13307 = VECTOR('',#13308,1.);
#13308 = DIRECTION('',(0.,-1.));
#13309 = ( GEOMETRIC_REPRESENTATION_CONTEXT(2) 
PARAMETRIC_REPRESENTATION_CONTEXT() REPRESENTATION_CONTEXT('2D SPACE',''
  ) );
#13310 = PCURVE('',#13161,#13311);
#13311 = DEFINITIONAL_REPRESENTATION('',(#13312),#13316);
#13312 = LINE('',#13313,#13314);
#13313 = CARTESIAN_POINT('',(0.,0.));
#13314 = VECTOR('',#13315,1.);
#13315 = DIRECTION('',(0.,1.));
#13316 = ( GEOMETRIC_REPRESENTATION_CONTEXT(2) 
PARAMETRIC_REPRESENTATION_CONTEXT() REPRESENTATION_CONTEXT('2D SPACE',''
  ) );
#13317 = ORIENTED_EDGE('',*,*,#13271,.T.);
#13318 = ORIENTED_EDGE('',*,*,#12960,.F.);
#13319 = ADVANCED_FACE('',(#13320),#13161,.T.);
#13320 = FACE_BOUND('',#13321,.T.);
#13321 = EDGE_LOOP('',(#13322,#13323,#13324,#13325));
#13322 = ORIENTED_EDGE('',*,*,#13297,.F.);
#13323 = ORIENTED_EDGE('',*,*,#13145,.T.);
#13324 = ORIENTED_EDGE('',*,*,#13199,.T.);
#13325 = ORIENTED_EDGE('',*,*,#13248,.F.);
#13326 = ( GEOMETRIC_REPRESENTATION_CONTEXT(3) 
GLOBAL_UNCERTAINTY_ASSIGNED_CONTEXT((#13330)) 
GLOBAL_UNIT_ASSIGNED_CONTEXT((#13327,#13328,#13329)) 
REPRESENTATION_CONTEXT('Context #1',
  '3D Context with UNIT and UNCERTAINTY') );
#13327 = ( LENGTH_UNIT() NAMED_UNIT(*) SI_UNIT(.MILLI.,.METRE.) );
#13328 = ( NAMED_UNIT(*) PLANE_ANGLE_UNIT() SI_UNIT($,.RADIAN.) );
#13329 = ( NAMED_UNIT(*) SI_UNIT($,.STERADIAN.) SOLID_ANGLE_UNIT() );
#13330 = UNCERTAINTY_MEASURE_WITH_UNIT(LENGTH_MEASURE(1.E-07),#13327,
  'distance_accuracy_value','confusion accuracy');
#13331 = CONTEXT_DEPENDENT_SHAPE_REPRESENTATION(#13332,#13334);
#13332 = ( REPRESENTATION_RELATIONSHIP('','',#12681,#10) 
REPRESENTATION_RELATIONSHIP_WITH_TRANSFORMATION(#13333) 
SHAPE_REPRESENTATION_RELATIONSHIP() );
#13333 = ITEM_DEFINED_TRANSFORMATION('','',#11,#83);
#13334 = PRODUCT_DEFINITION_SHAPE('Placement','Placement of an item',
  #13335);
#13335 = NEXT_ASSEMBLY_USAGE_OCCURRENCE('54','=>[0:1:1:19]','',#5,#12676
  ,$);
#13336 = PRODUCT_RELATED_PRODUCT_CATEGORY('part',$,(#12678));
#13337 = SHAPE_DEFINITION_REPRESENTATION(#13338,#13344);
#13338 = PRODUCT_DEFINITION_SHAPE('','',#13339);
#13339 = PRODUCT_DEFINITION('design','',#13340,#13343);
#13340 = PRODUCT_DEFINITION_FORMATION('','',#13341);
#13341 = PRODUCT('COMPOUND','COMPOUND','',(#13342));
#13342 = PRODUCT_CONTEXT('',#2,'mechanical');
#13343 = PRODUCT_DEFINITION_CONTEXT('part definition',#2,'design');
#13344 = ADVANCED_BREP_SHAPE_REPRESENTATION('',(#11,#13345),#13989);
#13345 = MANIFOLD_SOLID_BREP('',#13346);
#13346 = CLOSED_SHELL('',(#13347,#13467,#13543,#13592,#13641,#13774,
    #13781,#13857,#13906,#13955,#13982));
#13347 = ADVANCED_FACE('',(#13348),#13362,.F.);
#13348 = FACE_BOUND('',#13349,.F.);
#13349 = EDGE_LOOP('',(#13350,#13385,#13413,#13441));
#13350 = ORIENTED_EDGE('',*,*,#13351,.F.);
#13351 = EDGE_CURVE('',#13352,#13354,#13356,.T.);
#13352 = VERTEX_POINT('',#13353);
#13353 = CARTESIAN_POINT('',(440.,-165.,140.));
#13354 = VERTEX_POINT('',#13355);
#13355 = CARTESIAN_POINT('',(440.,-165.,175.));
#13356 = SURFACE_CURVE('',#13357,(#13361,#13373),.PCURVE_S1.);
#13357 = LINE('',#13358,#13359);
#13358 = CARTESIAN_POINT('',(440.,-165.,140.));
#13359 = VECTOR('',#13360,1.);
#13360 = DIRECTION('',(0.,0.,1.));
#13361 = PCURVE('',#13362,#13367);
#13362 = PLANE('',#13363);
#13363 = AXIS2_PLACEMENT_3D('',#13364,#13365,#13366);
#13364 = CARTESIAN_POINT('',(440.,-165.,140.));
#13365 = DIRECTION('',(1.,0.,-0.));
#13366 = DIRECTION('',(0.,0.,1.));
#13367 = DEFINITIONAL_REPRESENTATION('',(#13368),#13372);
#13368 = LINE('',#13369,#13370);
#13369 = CARTESIAN_POINT('',(0.,0.));
#13370 = VECTOR('',#13371,1.);
#13371 = DIRECTION('',(1.,0.));
#13372 = ( GEOMETRIC_REPRESENTATION_CONTEXT(2) 
PARAMETRIC_REPRESENTATION_CONTEXT() REPRESENTATION_CONTEXT('2D SPACE',''
  ) );
#13373 = PCURVE('',#13374,#13379);
#13374 = PLANE('',#13375);
#13375 = AXIS2_PLACEMENT_3D('',#13376,#13377,#13378);
#13376 = CARTESIAN_POINT('',(440.,-165.,140.));
#13377 = DIRECTION('',(-0.,1.,0.));
#13378 = DIRECTION('',(0.,0.,1.));
#13379 = DEFINITIONAL_REPRESENTATION('',(#13380),#13384);
#13380 = LINE('',#13381,#13382);
#13381 = CARTESIAN_POINT('',(0.,0.));
#13382 = VECTOR('',#13383,1.);
#13383 = DIRECTION('',(1.,0.));
#13384 = ( GEOMETRIC_REPRESENTATION_CONTEXT(2) 
PARAMETRIC_REPRESENTATION_CONTEXT() REPRESENTATION_CONTEXT('2D SPACE',''
  ) );
#13385 = ORIENTED_EDGE('',*,*,#13386,.T.);
#13386 = EDGE_CURVE('',#13352,#13387,#13389,.T.);
#13387 = VERTEX_POINT('',#13388);
#13388 = CARTESIAN_POINT('',(440.,165.,140.));
#13389 = SURFACE_CURVE('',#13390,(#13394,#13401),.PCURVE_S1.);
#13390 = LINE('',#13391,#13392);
#13391 = CARTESIAN_POINT('',(440.,-165.,140.));
#13392 = VECTOR('',#13393,1.);
#13393 = DIRECTION('',(-0.,1.,0.));
#13394 = PCURVE('',#13362,#13395);
#13395 = DEFINITIONAL_REPRESENTATION('',(#13396),#13400);
#13396 = LINE('',#13397,#13398);
#13397 = CARTESIAN_POINT('',(0.,0.));
#13398 = VECTOR('',#13399,1.);
#13399 = DIRECTION('',(0.,-1.));
#13400 = ( GEOMETRIC_REPRESENTATION_CONTEXT(2) 
PARAMETRIC_REPRESENTATION_CONTEXT() REPRESENTATION_CONTEXT('2D SPACE',''
  ) );
#13401 = PCURVE('',#13402,#13407);
#13402 = PLANE('',#13403);
#13403 = AXIS2_PLACEMENT_3D('',#13404,#13405,#13406);
#13404 = CARTESIAN_POINT('',(440.,-165.,140.));
#13405 = DIRECTION('',(0.,0.,1.));
#13406 = DIRECTION('',(1.,0.,-0.));
#13407 = DEFINITIONAL_REPRESENTATION('',(#13408),#13412);
#13408 = LINE('',#13409,#13410);
#13409 = CARTESIAN_POINT('',(0.,0.));
#13410 = VECTOR('',#13411,1.);
#13411 = DIRECTION('',(0.,1.));
#13412 = ( GEOMETRIC_REPRESENTATION_CONTEXT(2) 
PARAMETRIC_REPRESENTATION_CONTEXT() REPRESENTATION_CONTEXT('2D SPACE',''
  ) );
#13413 = ORIENTED_EDGE('',*,*,#13414,.T.);
#13414 = EDGE_CURVE('',#13387,#13415,#13417,.T.);
#13415 = VERTEX_POINT('',#13416);
#13416 = CARTESIAN_POINT('',(440.,165.,175.));
#13417 = SURFACE_CURVE('',#13418,(#13422,#13429),.PCURVE_S1.);
#13418 = LINE('',#13419,#13420);
#13419 = CARTESIAN_POINT('',(440.,165.,140.));
#13420 = VECTOR('',#13421,1.);
#13421 = DIRECTION('',(0.,0.,1.));
#13422 = PCURVE('',#13362,#13423);
#13423 = DEFINITIONAL_REPRESENTATION('',(#13424),#13428);
#13424 = LINE('',#13425,#13426);
#13425 = CARTESIAN_POINT('',(0.,-330.));
#13426 = VECTOR('',#13427,1.);
#13427 = DIRECTION('',(1.,0.));
#13428 = ( GEOMETRIC_REPRESENTATION_CONTEXT(2) 
PARAMETRIC_REPRESENTATION_CONTEXT() REPRESENTATION_CONTEXT('2D SPACE',''
  ) );
#13429 = PCURVE('',#13430,#13435);
#13430 = PLANE('',#13431);
#13431 = AXIS2_PLACEMENT_3D('',#13432,#13433,#13434);
#13432 = CARTESIAN_POINT('',(440.,165.,140.));
#13433 = DIRECTION('',(-0.,1.,0.));
#13434 = DIRECTION('',(0.,0.,1.));
#13435 = DEFINITIONAL_REPRESENTATION('',(#13436),#13440);
#13436 = LINE('',#13437,#13438);
#13437 = CARTESIAN_POINT('',(0.,0.));
#13438 = VECTOR('',#13439,1.);
#13439 = DIRECTION('',(1.,0.));
#13440 = ( GEOMETRIC_REPRESENTATION_CONTEXT(2) 
PARAMETRIC_REPRESENTATION_CONTEXT() REPRESENTATION_CONTEXT('2D SPACE',''
  ) );
#13441 = ORIENTED_EDGE('',*,*,#13442,.F.);
#13442 = EDGE_CURVE('',#13354,#13415,#13443,.T.);
#13443 = SURFACE_CURVE('',#13444,(#13448,#13455),.PCURVE_S1.);
#13444 = LINE('',#13445,#13446);
#13445 = CARTESIAN_POINT('',(440.,-165.,175.));
#13446 = VECTOR('',#13447,1.);
#13447 = DIRECTION('',(-0.,1.,0.));
#13448 = PCURVE('',#13362,#13449);
#13449 = DEFINITIONAL_REPRESENTATION('',(#13450),#13454);
#13450 = LINE('',#13451,#13452);
#13451 = CARTESIAN_POINT('',(35.,0.));
#13452 = VECTOR('',#13453,1.);
#13453 = DIRECTION('',(0.,-1.));
#13454 = ( GEOMETRIC_REPRESENTATION_CONTEXT(2) 
PARAMETRIC_REPRESENTATION_CONTEXT() REPRESENTATION_CONTEXT('2D SPACE',''
  ) );
#13455 = PCURVE('',#13456,#13461);
#13456 = PLANE('',#13457);
#13457 = AXIS2_PLACEMENT_3D('',#13458,#13459,#13460);
#13458 = CARTESIAN_POINT('',(440.,-165.,175.));
#13459 = DIRECTION('',(0.,0.,1.));
#13460 = DIRECTION('',(1.,0.,-0.));
#13461 = DEFINITIONAL_REPRESENTATION('',(#13462),#13466);
#13462 = LINE('',#13463,#13464);
#13463 = CARTESIAN_POINT('',(0.,0.));
#13464 = VECTOR('',#13465,1.);
#13465 = DIRECTION('',(0.,1.));
#13466 = ( GEOMETRIC_REPRESENTATION_CONTEXT(2) 
PARAMETRIC_REPRESENTATION_CONTEXT() REPRESENTATION_CONTEXT('2D SPACE',''
  ) );
#13467 = ADVANCED_FACE('',(#13468),#13374,.F.);
#13468 = FACE_BOUND('',#13469,.F.);
#13469 = EDGE_LOOP('',(#13470,#13493,#13494,#13517));
#13470 = ORIENTED_EDGE('',*,*,#13471,.F.);
#13471 = EDGE_CURVE('',#13352,#13472,#13474,.T.);
#13472 = VERTEX_POINT('',#13473);
#13473 = CARTESIAN_POINT('',(850.,-165.,140.));
#13474 = SURFACE_CURVE('',#13475,(#13479,#13486),.PCURVE_S1.);
#13475 = LINE('',#13476,#13477);
#13476 = CARTESIAN_POINT('',(440.,-165.,140.));
#13477 = VECTOR('',#13478,1.);
#13478 = DIRECTION('',(1.,0.,-0.));
#13479 = PCURVE('',#13374,#13480);
#13480 = DEFINITIONAL_REPRESENTATION('',(#13481),#13485);
#13481 = LINE('',#13482,#13483);
#13482 = CARTESIAN_POINT('',(0.,0.));
#13483 = VECTOR('',#13484,1.);
#13484 = DIRECTION('',(0.,1.));
#13485 = ( GEOMETRIC_REPRESENTATION_CONTEXT(2) 
PARAMETRIC_REPRESENTATION_CONTEXT() REPRESENTATION_CONTEXT('2D SPACE',''
  ) );
#13486 = PCURVE('',#13402,#13487);
#13487 = DEFINITIONAL_REPRESENTATION('',(#13488),#13492);
#13488 = LINE('',#13489,#13490);
#13489 = CARTESIAN_POINT('',(0.,0.));
#13490 = VECTOR('',#13491,1.);
#13491 = DIRECTION('',(1.,0.));
#13492 = ( GEOMETRIC_REPRESENTATION_CONTEXT(2) 
PARAMETRIC_REPRESENTATION_CONTEXT() REPRESENTATION_CONTEXT('2D SPACE',''
  ) );
#13493 = ORIENTED_EDGE('',*,*,#13351,.T.);
#13494 = ORIENTED_EDGE('',*,*,#13495,.T.);
#13495 = EDGE_CURVE('',#13354,#13496,#13498,.T.);
#13496 = VERTEX_POINT('',#13497);
#13497 = CARTESIAN_POINT('',(850.,-165.,175.));
#13498 = SURFACE_CURVE('',#13499,(#13503,#13510),.PCURVE_S1.);
#13499 = LINE('',#13500,#13501);
#13500 = CARTESIAN_POINT('',(440.,-165.,175.));
#13501 = VECTOR('',#13502,1.);
#13502 = DIRECTION('',(1.,0.,-0.));
#13503 = PCURVE('',#13374,#13504);
#13504 = DEFINITIONAL_REPRESENTATION('',(#13505),#13509);
#13505 = LINE('',#13506,#13507);
#13506 = CARTESIAN_POINT('',(35.,0.));
#13507 = VECTOR('',#13508,1.);
#13508 = DIRECTION('',(0.,1.));
#13509 = ( GEOMETRIC_REPRESENTATION_CONTEXT(2) 
PARAMETRIC_REPRESENTATION_CONTEXT() REPRESENTATION_CONTEXT('2D SPACE',''
  ) );
#13510 = PCURVE('',#13456,#13511);
#13511 = DEFINITIONAL_REPRESENTATION('',(#13512),#13516);
#13512 = LINE('',#13513,#13514);
#13513 = CARTESIAN_POINT('',(0.,0.));
#13514 = VECTOR('',#13515,1.);
#13515 = DIRECTION('',(1.,0.));
#13516 = ( GEOMETRIC_REPRESENTATION_CONTEXT(2) 
PARAMETRIC_REPRESENTATION_CONTEXT() REPRESENTATION_CONTEXT('2D SPACE',''
  ) );
#13517 = ORIENTED_EDGE('',*,*,#13518,.F.);
#13518 = EDGE_CURVE('',#13472,#13496,#13519,.T.);
#13519 = SURFACE_CURVE('',#13520,(#13524,#13531),.PCURVE_S1.);
#13520 = LINE('',#13521,#13522);
#13521 = CARTESIAN_POINT('',(850.,-165.,140.));
#13522 = VECTOR('',#13523,1.);
#13523 = DIRECTION('',(0.,0.,1.));
#13524 = PCURVE('',#13374,#13525);
#13525 = DEFINITIONAL_REPRESENTATION('',(#13526),#13530);
#13526 = LINE('',#13527,#13528);
#13527 = CARTESIAN_POINT('',(0.,410.));
#13528 = VECTOR('',#13529,1.);
#13529 = DIRECTION('',(1.,0.));
#13530 = ( GEOMETRIC_REPRESENTATION_CONTEXT(2) 
PARAMETRIC_REPRESENTATION_CONTEXT() REPRESENTATION_CONTEXT('2D SPACE',''
  ) );
#13531 = PCURVE('',#13532,#13537);
#13532 = PLANE('',#13533);
#13533 = AXIS2_PLACEMENT_3D('',#13534,#13535,#13536);
#13534 = CARTESIAN_POINT('',(850.,-165.,140.));
#13535 = DIRECTION('',(1.,0.,-0.));
#13536 = DIRECTION('',(0.,0.,1.));
#13537 = DEFINITIONAL_REPRESENTATION('',(#13538),#13542);
#13538 = LINE('',#13539,#13540);
#13539 = CARTESIAN_POINT('',(0.,0.));
#13540 = VECTOR('',#13541,1.);
#13541 = DIRECTION('',(1.,0.));
#13542 = ( GEOMETRIC_REPRESENTATION_CONTEXT(2) 
PARAMETRIC_REPRESENTATION_CONTEXT() REPRESENTATION_CONTEXT('2D SPACE',''
  ) );
#13543 = ADVANCED_FACE('',(#13544),#13456,.T.);
#13544 = FACE_BOUND('',#13545,.T.);
#13545 = EDGE_LOOP('',(#13546,#13547,#13548,#13571));
#13546 = ORIENTED_EDGE('',*,*,#13442,.F.);
#13547 = ORIENTED_EDGE('',*,*,#13495,.T.);
#13548 = ORIENTED_EDGE('',*,*,#13549,.T.);
#13549 = EDGE_CURVE('',#13496,#13550,#13552,.T.);
#13550 = VERTEX_POINT('',#13551);
#13551 = CARTESIAN_POINT('',(850.,165.,175.));
#13552 = SURFACE_CURVE('',#13553,(#13557,#13564),.PCURVE_S1.);
#13553 = LINE('',#13554,#13555);
#13554 = CARTESIAN_POINT('',(850.,-165.,175.));
#13555 = VECTOR('',#13556,1.);
#13556 = DIRECTION('',(-0.,1.,0.));
#13557 = PCURVE('',#13456,#13558);
#13558 = DEFINITIONAL_REPRESENTATION('',(#13559),#13563);
#13559 = LINE('',#13560,#13561);
#13560 = CARTESIAN_POINT('',(410.,0.));
#13561 = VECTOR('',#13562,1.);
#13562 = DIRECTION('',(0.,1.));
#13563 = ( GEOMETRIC_REPRESENTATION_CONTEXT(2) 
PARAMETRIC_REPRESENTATION_CONTEXT() REPRESENTATION_CONTEXT('2D SPACE',''
  ) );
#13564 = PCURVE('',#13532,#13565);
#13565 = DEFINITIONAL_REPRESENTATION('',(#13566),#13570);
#13566 = LINE('',#13567,#13568);
#13567 = CARTESIAN_POINT('',(35.,0.));
#13568 = VECTOR('',#13569,1.);
#13569 = DIRECTION('',(0.,-1.));
#13570 = ( GEOMETRIC_REPRESENTATION_CONTEXT(2) 
PARAMETRIC_REPRESENTATION_CONTEXT() REPRESENTATION_CONTEXT('2D SPACE',''
  ) );
#13571 = ORIENTED_EDGE('',*,*,#13572,.F.);
#13572 = EDGE_CURVE('',#13415,#13550,#13573,.T.);
#13573 = SURFACE_CURVE('',#13574,(#13578,#13585),.PCURVE_S1.);
#13574 = LINE('',#13575,#13576);
#13575 = CARTESIAN_POINT('',(440.,165.,175.));
#13576 = VECTOR('',#13577,1.);
#13577 = DIRECTION('',(1.,0.,-0.));
#13578 = PCURVE('',#13456,#13579);
#13579 = DEFINITIONAL_REPRESENTATION('',(#13580),#13584);
#13580 = LINE('',#13581,#13582);
#13581 = CARTESIAN_POINT('',(0.,330.));
#13582 = VECTOR('',#13583,1.);
#13583 = DIRECTION('',(1.,0.));
#13584 = ( GEOMETRIC_REPRESENTATION_CONTEXT(2) 
PARAMETRIC_REPRESENTATION_CONTEXT() REPRESENTATION_CONTEXT('2D SPACE',''
  ) );
#13585 = PCURVE('',#13430,#13586);
#13586 = DEFINITIONAL_REPRESENTATION('',(#13587),#13591);
#13587 = LINE('',#13588,#13589);
#13588 = CARTESIAN_POINT('',(35.,0.));
#13589 = VECTOR('',#13590,1.);
#13590 = DIRECTION('',(0.,1.));
#13591 = ( GEOMETRIC_REPRESENTATION_CONTEXT(2) 
PARAMETRIC_REPRESENTATION_CONTEXT() REPRESENTATION_CONTEXT('2D SPACE',''
  ) );
#13592 = ADVANCED_FACE('',(#13593),#13430,.T.);
#13593 = FACE_BOUND('',#13594,.T.);
#13594 = EDGE_LOOP('',(#13595,#13618,#13619,#13620));
#13595 = ORIENTED_EDGE('',*,*,#13596,.F.);
#13596 = EDGE_CURVE('',#13387,#13597,#13599,.T.);
#13597 = VERTEX_POINT('',#13598);
#13598 = CARTESIAN_POINT('',(850.,165.,140.));
#13599 = SURFACE_CURVE('',#13600,(#13604,#13611),.PCURVE_S1.);
#13600 = LINE('',#13601,#13602);
#13601 = CARTESIAN_POINT('',(440.,165.,140.));
#13602 = VECTOR('',#13603,1.);
#13603 = DIRECTION('',(1.,0.,-0.));
#13604 = PCURVE('',#13430,#13605);
#13605 = DEFINITIONAL_REPRESENTATION('',(#13606),#13610);
#13606 = LINE('',#13607,#13608);
#13607 = CARTESIAN_POINT('',(0.,0.));
#13608 = VECTOR('',#13609,1.);
#13609 = DIRECTION('',(0.,1.));
#13610 = ( GEOMETRIC_REPRESENTATION_CONTEXT(2) 
PARAMETRIC_REPRESENTATION_CONTEXT() REPRESENTATION_CONTEXT('2D SPACE',''
  ) );
#13611 = PCURVE('',#13402,#13612);
#13612 = DEFINITIONAL_REPRESENTATION('',(#13613),#13617);
#13613 = LINE('',#13614,#13615);
#13614 = CARTESIAN_POINT('',(0.,330.));
#13615 = VECTOR('',#13616,1.);
#13616 = DIRECTION('',(1.,0.));
#13617 = ( GEOMETRIC_REPRESENTATION_CONTEXT(2) 
PARAMETRIC_REPRESENTATION_CONTEXT() REPRESENTATION_CONTEXT('2D SPACE',''
  ) );
#13618 = ORIENTED_EDGE('',*,*,#13414,.T.);
#13619 = ORIENTED_EDGE('',*,*,#13572,.T.);
#13620 = ORIENTED_EDGE('',*,*,#13621,.F.);
#13621 = EDGE_CURVE('',#13597,#13550,#13622,.T.);
#13622 = SURFACE_CURVE('',#13623,(#13627,#13634),.PCURVE_S1.);
#13623 = LINE('',#13624,#13625);
#13624 = CARTESIAN_POINT('',(850.,165.,140.));
#13625 = VECTOR('',#13626,1.);
#13626 = DIRECTION('',(0.,0.,1.));
#13627 = PCURVE('',#13430,#13628);
#13628 = DEFINITIONAL_REPRESENTATION('',(#13629),#13633);
#13629 = LINE('',#13630,#13631);
#13630 = CARTESIAN_POINT('',(0.,410.));
#13631 = VECTOR('',#13632,1.);
#13632 = DIRECTION('',(1.,0.));
#13633 = ( GEOMETRIC_REPRESENTATION_CONTEXT(2) 
PARAMETRIC_REPRESENTATION_CONTEXT() REPRESENTATION_CONTEXT('2D SPACE',''
  ) );
#13634 = PCURVE('',#13532,#13635);
#13635 = DEFINITIONAL_REPRESENTATION('',(#13636),#13640);
#13636 = LINE('',#13637,#13638);
#13637 = CARTESIAN_POINT('',(0.,-330.));
#13638 = VECTOR('',#13639,1.);
#13639 = DIRECTION('',(1.,0.));
#13640 = ( GEOMETRIC_REPRESENTATION_CONTEXT(2) 
PARAMETRIC_REPRESENTATION_CONTEXT() REPRESENTATION_CONTEXT('2D SPACE',''
  ) );
#13641 = ADVANCED_FACE('',(#13642,#13668),#13402,.F.);
#13642 = FACE_BOUND('',#13643,.F.);
#13643 = EDGE_LOOP('',(#13644,#13645,#13646,#13667));
#13644 = ORIENTED_EDGE('',*,*,#13386,.F.);
#13645 = ORIENTED_EDGE('',*,*,#13471,.T.);
#13646 = ORIENTED_EDGE('',*,*,#13647,.T.);
#13647 = EDGE_CURVE('',#13472,#13597,#13648,.T.);
#13648 = SURFACE_CURVE('',#13649,(#13653,#13660),.PCURVE_S1.);
#13649 = LINE('',#13650,#13651);
#13650 = CARTESIAN_POINT('',(850.,-165.,140.));
#13651 = VECTOR('',#13652,1.);
#13652 = DIRECTION('',(-0.,1.,0.));
#13653 = PCURVE('',#13402,#13654);
#13654 = DEFINITIONAL_REPRESENTATION('',(#13655),#13659);
#13655 = LINE('',#13656,#13657);
#13656 = CARTESIAN_POINT('',(410.,0.));
#13657 = VECTOR('',#13658,1.);
#13658 = DIRECTION('',(0.,1.));
#13659 = ( GEOMETRIC_REPRESENTATION_CONTEXT(2) 
PARAMETRIC_REPRESENTATION_CONTEXT() REPRESENTATION_CONTEXT('2D SPACE',''
  ) );
#13660 = PCURVE('',#13532,#13661);
#13661 = DEFINITIONAL_REPRESENTATION('',(#13662),#13666);
#13662 = LINE('',#13663,#13664);
#13663 = CARTESIAN_POINT('',(0.,0.));
#13664 = VECTOR('',#13665,1.);
#13665 = DIRECTION('',(0.,-1.));
#13666 = ( GEOMETRIC_REPRESENTATION_CONTEXT(2) 
PARAMETRIC_REPRESENTATION_CONTEXT() REPRESENTATION_CONTEXT('2D SPACE',''
  ) );
#13667 = ORIENTED_EDGE('',*,*,#13596,.F.);
#13668 = FACE_BOUND('',#13669,.F.);
#13669 = EDGE_LOOP('',(#13670,#13698,#13724,#13750));
#13670 = ORIENTED_EDGE('',*,*,#13671,.T.);
#13671 = EDGE_CURVE('',#13672,#13674,#13676,.T.);
#13672 = VERTEX_POINT('',#13673);
#13673 = CARTESIAN_POINT('',(844.,-159.,140.));
#13674 = VERTEX_POINT('',#13675);
#13675 = CARTESIAN_POINT('',(446.,-159.,140.));
#13676 = SURFACE_CURVE('',#13677,(#13681,#13687),.PCURVE_S1.);
#13677 = LINE('',#13678,#13679);
#13678 = CARTESIAN_POINT('',(443.,-159.,140.));
#13679 = VECTOR('',#13680,1.);
#13680 = DIRECTION('',(-1.,-0.,0.));
#13681 = PCURVE('',#13402,#13682);
#13682 = DEFINITIONAL_REPRESENTATION('',(#13683),#13686);
#13683 = B_SPLINE_CURVE_WITH_KNOTS('',1,(#13684,#13685),.UNSPECIFIED.,
  .F.,.F.,(2,2),(-401.,-3.),.PIECEWISE_BEZIER_KNOTS.);
#13684 = CARTESIAN_POINT('',(404.,6.));
#13685 = CARTESIAN_POINT('',(6.,6.));
#13686 = ( GEOMETRIC_REPRESENTATION_CONTEXT(2) 
PARAMETRIC_REPRESENTATION_CONTEXT() REPRESENTATION_CONTEXT('2D SPACE',''
  ) );
#13687 = PCURVE('',#13688,#13693);
#13688 = PLANE('',#13689);
#13689 = AXIS2_PLACEMENT_3D('',#13690,#13691,#13692);
#13690 = CARTESIAN_POINT('',(446.,-159.,139.));
#13691 = DIRECTION('',(-0.,1.,0.));
#13692 = DIRECTION('',(0.,0.,1.));
#13693 = DEFINITIONAL_REPRESENTATION('',(#13694),#13697);
#13694 = B_SPLINE_CURVE_WITH_KNOTS('',1,(#13695,#13696),.UNSPECIFIED.,
  .F.,.F.,(2,2),(-401.,-3.),.PIECEWISE_BEZIER_KNOTS.);
#13695 = CARTESIAN_POINT('',(1.,398.));
#13696 = CARTESIAN_POINT('',(1.,0.));
#13697 = ( GEOMETRIC_REPRESENTATION_CONTEXT(2) 
PARAMETRIC_REPRESENTATION_CONTEXT() REPRESENTATION_CONTEXT('2D SPACE',''
  ) );
#13698 = ORIENTED_EDGE('',*,*,#13699,.T.);
#13699 = EDGE_CURVE('',#13674,#13700,#13702,.T.);
#13700 = VERTEX_POINT('',#13701);
#13701 = CARTESIAN_POINT('',(446.,159.,140.));
#13702 = SURFACE_CURVE('',#13703,(#13707,#13713),.PCURVE_S1.);
#13703 = LINE('',#13704,#13705);
#13704 = CARTESIAN_POINT('',(446.,-162.,140.));
#13705 = VECTOR('',#13706,1.);
#13706 = DIRECTION('',(-0.,1.,0.));
#13707 = PCURVE('',#13402,#13708);
#13708 = DEFINITIONAL_REPRESENTATION('',(#13709),#13712);
#13709 = B_SPLINE_CURVE_WITH_KNOTS('',1,(#13710,#13711),.UNSPECIFIED.,
  .F.,.F.,(2,2),(3.,321.),.PIECEWISE_BEZIER_KNOTS.);
#13710 = CARTESIAN_POINT('',(6.,6.));
#13711 = CARTESIAN_POINT('',(6.,324.));
#13712 = ( GEOMETRIC_REPRESENTATION_CONTEXT(2) 
PARAMETRIC_REPRESENTATION_CONTEXT() REPRESENTATION_CONTEXT('2D SPACE',''
  ) );
#13713 = PCURVE('',#13714,#13719);
#13714 = PLANE('',#13715);
#13715 = AXIS2_PLACEMENT_3D('',#13716,#13717,#13718);
#13716 = CARTESIAN_POINT('',(446.,-159.,139.));
#13717 = DIRECTION('',(1.,0.,-0.));
#13718 = DIRECTION('',(0.,0.,1.));
#13719 = DEFINITIONAL_REPRESENTATION('',(#13720),#13723);
#13720 = B_SPLINE_CURVE_WITH_KNOTS('',1,(#13721,#13722),.UNSPECIFIED.,
  .F.,.F.,(2,2),(3.,321.),.PIECEWISE_BEZIER_KNOTS.);
#13721 = CARTESIAN_POINT('',(1.,0.));
#13722 = CARTESIAN_POINT('',(1.,-318.));
#13723 = ( GEOMETRIC_REPRESENTATION_CONTEXT(2) 
PARAMETRIC_REPRESENTATION_CONTEXT() REPRESENTATION_CONTEXT('2D SPACE',''
  ) );
#13724 = ORIENTED_EDGE('',*,*,#13725,.F.);
#13725 = EDGE_CURVE('',#13726,#13700,#13728,.T.);
#13726 = VERTEX_POINT('',#13727);
#13727 = CARTESIAN_POINT('',(844.,159.,140.));
#13728 = SURFACE_CURVE('',#13729,(#13733,#13739),.PCURVE_S1.);
#13729 = LINE('',#13730,#13731);
#13730 = CARTESIAN_POINT('',(443.,159.,140.));
#13731 = VECTOR('',#13732,1.);
#13732 = DIRECTION('',(-1.,-0.,0.));
#13733 = PCURVE('',#13402,#13734);
#13734 = DEFINITIONAL_REPRESENTATION('',(#13735),#13738);
#13735 = B_SPLINE_CURVE_WITH_KNOTS('',1,(#13736,#13737),.UNSPECIFIED.,
  .F.,.F.,(2,2),(-401.,-3.),.PIECEWISE_BEZIER_KNOTS.);
#13736 = CARTESIAN_POINT('',(404.,324.));
#13737 = CARTESIAN_POINT('',(6.,324.));
#13738 = ( GEOMETRIC_REPRESENTATION_CONTEXT(2) 
PARAMETRIC_REPRESENTATION_CONTEXT() REPRESENTATION_CONTEXT('2D SPACE',''
  ) );
#13739 = PCURVE('',#13740,#13745);
#13740 = PLANE('',#13741);
#13741 = AXIS2_PLACEMENT_3D('',#13742,#13743,#13744);
#13742 = CARTESIAN_POINT('',(446.,159.,139.));
#13743 = DIRECTION('',(-0.,1.,0.));
#13744 = DIRECTION('',(0.,0.,1.));
#13745 = DEFINITIONAL_REPRESENTATION('',(#13746),#13749);
#13746 = B_SPLINE_CURVE_WITH_KNOTS('',1,(#13747,#13748),.UNSPECIFIED.,
  .F.,.F.,(2,2),(-401.,-3.),.PIECEWISE_BEZIER_KNOTS.);
#13747 = CARTESIAN_POINT('',(1.,398.));
#13748 = CARTESIAN_POINT('',(1.,0.));
#13749 = ( GEOMETRIC_REPRESENTATION_CONTEXT(2) 
PARAMETRIC_REPRESENTATION_CONTEXT() REPRESENTATION_CONTEXT('2D SPACE',''
  ) );
#13750 = ORIENTED_EDGE('',*,*,#13751,.F.);
#13751 = EDGE_CURVE('',#13672,#13726,#13752,.T.);
#13752 = SURFACE_CURVE('',#13753,(#13757,#13763),.PCURVE_S1.);
#13753 = LINE('',#13754,#13755);
#13754 = CARTESIAN_POINT('',(844.,-162.,140.));
#13755 = VECTOR('',#13756,1.);
#13756 = DIRECTION('',(-0.,1.,0.));
#13757 = PCURVE('',#13402,#13758);
#13758 = DEFINITIONAL_REPRESENTATION('',(#13759),#13762);
#13759 = B_SPLINE_CURVE_WITH_KNOTS('',1,(#13760,#13761),.UNSPECIFIED.,
  .F.,.F.,(2,2),(3.,321.),.PIECEWISE_BEZIER_KNOTS.);
#13760 = CARTESIAN_POINT('',(404.,6.));
#13761 = CARTESIAN_POINT('',(404.,324.));
#13762 = ( GEOMETRIC_REPRESENTATION_CONTEXT(2) 
PARAMETRIC_REPRESENTATION_CONTEXT() REPRESENTATION_CONTEXT('2D SPACE',''
  ) );
#13763 = PCURVE('',#13764,#13769);
#13764 = PLANE('',#13765);
#13765 = AXIS2_PLACEMENT_3D('',#13766,#13767,#13768);
#13766 = CARTESIAN_POINT('',(844.,-159.,139.));
#13767 = DIRECTION('',(1.,0.,-0.));
#13768 = DIRECTION('',(0.,0.,1.));
#13769 = DEFINITIONAL_REPRESENTATION('',(#13770),#13773);
#13770 = B_SPLINE_CURVE_WITH_KNOTS('',1,(#13771,#13772),.UNSPECIFIED.,
  .F.,.F.,(2,2),(3.,321.),.PIECEWISE_BEZIER_KNOTS.);
#13771 = CARTESIAN_POINT('',(1.,0.));
#13772 = CARTESIAN_POINT('',(1.,-318.));
#13773 = ( GEOMETRIC_REPRESENTATION_CONTEXT(2) 
PARAMETRIC_REPRESENTATION_CONTEXT() REPRESENTATION_CONTEXT('2D SPACE',''
  ) );
#13774 = ADVANCED_FACE('',(#13775),#13532,.T.);
#13775 = FACE_BOUND('',#13776,.T.);
#13776 = EDGE_LOOP('',(#13777,#13778,#13779,#13780));
#13777 = ORIENTED_EDGE('',*,*,#13518,.F.);
#13778 = ORIENTED_EDGE('',*,*,#13647,.T.);
#13779 = ORIENTED_EDGE('',*,*,#13621,.T.);
#13780 = ORIENTED_EDGE('',*,*,#13549,.F.);
#13781 = ADVANCED_FACE('',(#13782),#13688,.T.);
#13782 = FACE_BOUND('',#13783,.T.);
#13783 = EDGE_LOOP('',(#13784,#13807,#13808,#13831));
#13784 = ORIENTED_EDGE('',*,*,#13785,.F.);
#13785 = EDGE_CURVE('',#13672,#13786,#13788,.T.);
#13786 = VERTEX_POINT('',#13787);
#13787 = CARTESIAN_POINT('',(844.,-159.,169.));
#13788 = SURFACE_CURVE('',#13789,(#13793,#13800),.PCURVE_S1.);
#13789 = LINE('',#13790,#13791);
#13790 = CARTESIAN_POINT('',(844.,-159.,139.));
#13791 = VECTOR('',#13792,1.);
#13792 = DIRECTION('',(0.,0.,1.));
#13793 = PCURVE('',#13688,#13794);
#13794 = DEFINITIONAL_REPRESENTATION('',(#13795),#13799);
#13795 = LINE('',#13796,#13797);
#13796 = CARTESIAN_POINT('',(0.,398.));
#13797 = VECTOR('',#13798,1.);
#13798 = DIRECTION('',(1.,0.));
#13799 = ( GEOMETRIC_REPRESENTATION_CONTEXT(2) 
PARAMETRIC_REPRESENTATION_CONTEXT() REPRESENTATION_CONTEXT('2D SPACE',''
  ) );
#13800 = PCURVE('',#13764,#13801);
#13801 = DEFINITIONAL_REPRESENTATION('',(#13802),#13806);
#13802 = LINE('',#13803,#13804);
#13803 = CARTESIAN_POINT('',(0.,0.));
#13804 = VECTOR('',#13805,1.);
#13805 = DIRECTION('',(1.,0.));
#13806 = ( GEOMETRIC_REPRESENTATION_CONTEXT(2) 
PARAMETRIC_REPRESENTATION_CONTEXT() REPRESENTATION_CONTEXT('2D SPACE',''
  ) );
#13807 = ORIENTED_EDGE('',*,*,#13671,.T.);
#13808 = ORIENTED_EDGE('',*,*,#13809,.T.);
#13809 = EDGE_CURVE('',#13674,#13810,#13812,.T.);
#13810 = VERTEX_POINT('',#13811);
#13811 = CARTESIAN_POINT('',(446.,-159.,169.));
#13812 = SURFACE_CURVE('',#13813,(#13817,#13824),.PCURVE_S1.);
#13813 = LINE('',#13814,#13815);
#13814 = CARTESIAN_POINT('',(446.,-159.,139.));
#13815 = VECTOR('',#13816,1.);
#13816 = DIRECTION('',(0.,0.,1.));
#13817 = PCURVE('',#13688,#13818);
#13818 = DEFINITIONAL_REPRESENTATION('',(#13819),#13823);
#13819 = LINE('',#13820,#13821);
#13820 = CARTESIAN_POINT('',(0.,0.));
#13821 = VECTOR('',#13822,1.);
#13822 = DIRECTION('',(1.,0.));
#13823 = ( GEOMETRIC_REPRESENTATION_CONTEXT(2) 
PARAMETRIC_REPRESENTATION_CONTEXT() REPRESENTATION_CONTEXT('2D SPACE',''
  ) );
#13824 = PCURVE('',#13714,#13825);
#13825 = DEFINITIONAL_REPRESENTATION('',(#13826),#13830);
#13826 = LINE('',#13827,#13828);
#13827 = CARTESIAN_POINT('',(0.,0.));
#13828 = VECTOR('',#13829,1.);
#13829 = DIRECTION('',(1.,0.));
#13830 = ( GEOMETRIC_REPRESENTATION_CONTEXT(2) 
PARAMETRIC_REPRESENTATION_CONTEXT() REPRESENTATION_CONTEXT('2D SPACE',''
  ) );
#13831 = ORIENTED_EDGE('',*,*,#13832,.T.);
#13832 = EDGE_CURVE('',#13810,#13786,#13833,.T.);
#13833 = SURFACE_CURVE('',#13834,(#13838,#13845),.PCURVE_S1.);
#13834 = LINE('',#13835,#13836);
#13835 = CARTESIAN_POINT('',(446.,-159.,169.));
#13836 = VECTOR('',#13837,1.);
#13837 = DIRECTION('',(1.,0.,-0.));
#13838 = PCURVE('',#13688,#13839);
#13839 = DEFINITIONAL_REPRESENTATION('',(#13840),#13844);
#13840 = LINE('',#13841,#13842);
#13841 = CARTESIAN_POINT('',(30.,0.));
#13842 = VECTOR('',#13843,1.);
#13843 = DIRECTION('',(0.,1.));
#13844 = ( GEOMETRIC_REPRESENTATION_CONTEXT(2) 
PARAMETRIC_REPRESENTATION_CONTEXT() REPRESENTATION_CONTEXT('2D SPACE',''
  ) );
#13845 = PCURVE('',#13846,#13851);
#13846 = PLANE('',#13847);
#13847 = AXIS2_PLACEMENT_3D('',#13848,#13849,#13850);
#13848 = CARTESIAN_POINT('',(446.,-159.,169.));
#13849 = DIRECTION('',(0.,0.,1.));
#13850 = DIRECTION('',(1.,0.,-0.));
#13851 = DEFINITIONAL_REPRESENTATION('',(#13852),#13856);
#13852 = LINE('',#13853,#13854);
#13853 = CARTESIAN_POINT('',(0.,0.));
#13854 = VECTOR('',#13855,1.);
#13855 = DIRECTION('',(1.,0.));
#13856 = ( GEOMETRIC_REPRESENTATION_CONTEXT(2) 
PARAMETRIC_REPRESENTATION_CONTEXT() REPRESENTATION_CONTEXT('2D SPACE',''
  ) );
#13857 = ADVANCED_FACE('',(#13858),#13764,.F.);
#13858 = FACE_BOUND('',#13859,.F.);
#13859 = EDGE_LOOP('',(#13860,#13861,#13862,#13885));
#13860 = ORIENTED_EDGE('',*,*,#13785,.F.);
#13861 = ORIENTED_EDGE('',*,*,#13751,.T.);
#13862 = ORIENTED_EDGE('',*,*,#13863,.T.);
#13863 = EDGE_CURVE('',#13726,#13864,#13866,.T.);
#13864 = VERTEX_POINT('',#13865);
#13865 = CARTESIAN_POINT('',(844.,159.,169.));
#13866 = SURFACE_CURVE('',#13867,(#13871,#13878),.PCURVE_S1.);
#13867 = LINE('',#13868,#13869);
#13868 = CARTESIAN_POINT('',(844.,159.,139.));
#13869 = VECTOR('',#13870,1.);
#13870 = DIRECTION('',(0.,0.,1.));
#13871 = PCURVE('',#13764,#13872);
#13872 = DEFINITIONAL_REPRESENTATION('',(#13873),#13877);
#13873 = LINE('',#13874,#13875);
#13874 = CARTESIAN_POINT('',(0.,-318.));
#13875 = VECTOR('',#13876,1.);
#13876 = DIRECTION('',(1.,0.));
#13877 = ( GEOMETRIC_REPRESENTATION_CONTEXT(2) 
PARAMETRIC_REPRESENTATION_CONTEXT() REPRESENTATION_CONTEXT('2D SPACE',''
  ) );
#13878 = PCURVE('',#13740,#13879);
#13879 = DEFINITIONAL_REPRESENTATION('',(#13880),#13884);
#13880 = LINE('',#13881,#13882);
#13881 = CARTESIAN_POINT('',(0.,398.));
#13882 = VECTOR('',#13883,1.);
#13883 = DIRECTION('',(1.,0.));
#13884 = ( GEOMETRIC_REPRESENTATION_CONTEXT(2) 
PARAMETRIC_REPRESENTATION_CONTEXT() REPRESENTATION_CONTEXT('2D SPACE',''
  ) );
#13885 = ORIENTED_EDGE('',*,*,#13886,.F.);
#13886 = EDGE_CURVE('',#13786,#13864,#13887,.T.);
#13887 = SURFACE_CURVE('',#13888,(#13892,#13899),.PCURVE_S1.);
#13888 = LINE('',#13889,#13890);
#13889 = CARTESIAN_POINT('',(844.,-159.,169.));
#13890 = VECTOR('',#13891,1.);
#13891 = DIRECTION('',(-0.,1.,0.));
#13892 = PCURVE('',#13764,#13893);
#13893 = DEFINITIONAL_REPRESENTATION('',(#13894),#13898);
#13894 = LINE('',#13895,#13896);
#13895 = CARTESIAN_POINT('',(30.,0.));
#13896 = VECTOR('',#13897,1.);
#13897 = DIRECTION('',(0.,-1.));
#13898 = ( GEOMETRIC_REPRESENTATION_CONTEXT(2) 
PARAMETRIC_REPRESENTATION_CONTEXT() REPRESENTATION_CONTEXT('2D SPACE',''
  ) );
#13899 = PCURVE('',#13846,#13900);
#13900 = DEFINITIONAL_REPRESENTATION('',(#13901),#13905);
#13901 = LINE('',#13902,#13903);
#13902 = CARTESIAN_POINT('',(398.,0.));
#13903 = VECTOR('',#13904,1.);
#13904 = DIRECTION('',(0.,1.));
#13905 = ( GEOMETRIC_REPRESENTATION_CONTEXT(2) 
PARAMETRIC_REPRESENTATION_CONTEXT() REPRESENTATION_CONTEXT('2D SPACE',''
  ) );
#13906 = ADVANCED_FACE('',(#13907),#13740,.F.);
#13907 = FACE_BOUND('',#13908,.F.);
#13908 = EDGE_LOOP('',(#13909,#13910,#13911,#13934));
#13909 = ORIENTED_EDGE('',*,*,#13863,.F.);
#13910 = ORIENTED_EDGE('',*,*,#13725,.T.);
#13911 = ORIENTED_EDGE('',*,*,#13912,.T.);
#13912 = EDGE_CURVE('',#13700,#13913,#13915,.T.);
#13913 = VERTEX_POINT('',#13914);
#13914 = CARTESIAN_POINT('',(446.,159.,169.));
#13915 = SURFACE_CURVE('',#13916,(#13920,#13927),.PCURVE_S1.);
#13916 = LINE('',#13917,#13918);
#13917 = CARTESIAN_POINT('',(446.,159.,139.));
#13918 = VECTOR('',#13919,1.);
#13919 = DIRECTION('',(0.,0.,1.));
#13920 = PCURVE('',#13740,#13921);
#13921 = DEFINITIONAL_REPRESENTATION('',(#13922),#13926);
#13922 = LINE('',#13923,#13924);
#13923 = CARTESIAN_POINT('',(0.,0.));
#13924 = VECTOR('',#13925,1.);
#13925 = DIRECTION('',(1.,0.));
#13926 = ( GEOMETRIC_REPRESENTATION_CONTEXT(2) 
PARAMETRIC_REPRESENTATION_CONTEXT() REPRESENTATION_CONTEXT('2D SPACE',''
  ) );
#13927 = PCURVE('',#13714,#13928);
#13928 = DEFINITIONAL_REPRESENTATION('',(#13929),#13933);
#13929 = LINE('',#13930,#13931);
#13930 = CARTESIAN_POINT('',(0.,-318.));
#13931 = VECTOR('',#13932,1.);
#13932 = DIRECTION('',(1.,0.));
#13933 = ( GEOMETRIC_REPRESENTATION_CONTEXT(2) 
PARAMETRIC_REPRESENTATION_CONTEXT() REPRESENTATION_CONTEXT('2D SPACE',''
  ) );
#13934 = ORIENTED_EDGE('',*,*,#13935,.T.);
#13935 = EDGE_CURVE('',#13913,#13864,#13936,.T.);
#13936 = SURFACE_CURVE('',#13937,(#13941,#13948),.PCURVE_S1.);
#13937 = LINE('',#13938,#13939);
#13938 = CARTESIAN_POINT('',(446.,159.,169.));
#13939 = VECTOR('',#13940,1.);
#13940 = DIRECTION('',(1.,0.,-0.));
#13941 = PCURVE('',#13740,#13942);
#13942 = DEFINITIONAL_REPRESENTATION('',(#13943),#13947);
#13943 = LINE('',#13944,#13945);
#13944 = CARTESIAN_POINT('',(30.,0.));
#13945 = VECTOR('',#13946,1.);
#13946 = DIRECTION('',(0.,1.));
#13947 = ( GEOMETRIC_REPRESENTATION_CONTEXT(2) 
PARAMETRIC_REPRESENTATION_CONTEXT() REPRESENTATION_CONTEXT('2D SPACE',''
  ) );
#13948 = PCURVE('',#13846,#13949);
#13949 = DEFINITIONAL_REPRESENTATION('',(#13950),#13954);
#13950 = LINE('',#13951,#13952);
#13951 = CARTESIAN_POINT('',(0.,318.));
#13952 = VECTOR('',#13953,1.);
#13953 = DIRECTION('',(1.,0.));
#13954 = ( GEOMETRIC_REPRESENTATION_CONTEXT(2) 
PARAMETRIC_REPRESENTATION_CONTEXT() REPRESENTATION_CONTEXT('2D SPACE',''
  ) );
#13955 = ADVANCED_FACE('',(#13956),#13714,.T.);
#13956 = FACE_BOUND('',#13957,.T.);
#13957 = EDGE_LOOP('',(#13958,#13959,#13960,#13961));
#13958 = ORIENTED_EDGE('',*,*,#13809,.F.);
#13959 = ORIENTED_EDGE('',*,*,#13699,.T.);
#13960 = ORIENTED_EDGE('',*,*,#13912,.T.);
#13961 = ORIENTED_EDGE('',*,*,#13962,.F.);
#13962 = EDGE_CURVE('',#13810,#13913,#13963,.T.);
#13963 = SURFACE_CURVE('',#13964,(#13968,#13975),.PCURVE_S1.);
#13964 = LINE('',#13965,#13966);
#13965 = CARTESIAN_POINT('',(446.,-159.,169.));
#13966 = VECTOR('',#13967,1.);
#13967 = DIRECTION('',(-0.,1.,0.));
#13968 = PCURVE('',#13714,#13969);
#13969 = DEFINITIONAL_REPRESENTATION('',(#13970),#13974);
#13970 = LINE('',#13971,#13972);
#13971 = CARTESIAN_POINT('',(30.,0.));
#13972 = VECTOR('',#13973,1.);
#13973 = DIRECTION('',(0.,-1.));
#13974 = ( GEOMETRIC_REPRESENTATION_CONTEXT(2) 
PARAMETRIC_REPRESENTATION_CONTEXT() REPRESENTATION_CONTEXT('2D SPACE',''
  ) );
#13975 = PCURVE('',#13846,#13976);
#13976 = DEFINITIONAL_REPRESENTATION('',(#13977),#13981);
#13977 = LINE('',#13978,#13979);
#13978 = CARTESIAN_POINT('',(0.,0.));
#13979 = VECTOR('',#13980,1.);
#13980 = DIRECTION('',(0.,1.));
#13981 = ( GEOMETRIC_REPRESENTATION_CONTEXT(2) 
PARAMETRIC_REPRESENTATION_CONTEXT() REPRESENTATION_CONTEXT('2D SPACE',''
  ) );
#13982 = ADVANCED_FACE('',(#13983),#13846,.F.);
#13983 = FACE_BOUND('',#13984,.F.);
#13984 = EDGE_LOOP('',(#13985,#13986,#13987,#13988));
#13985 = ORIENTED_EDGE('',*,*,#13962,.F.);
#13986 = ORIENTED_EDGE('',*,*,#13832,.T.);
#13987 = ORIENTED_EDGE('',*,*,#13886,.T.);
#13988 = ORIENTED_EDGE('',*,*,#13935,.F.);
#13989 = ( GEOMETRIC_REPRESENTATION_CONTEXT(3) 
GLOBAL_UNCERTAINTY_ASSIGNED_CONTEXT((#13993)) 
GLOBAL_UNIT_ASSIGNED_CONTEXT((#13990,#13991,#13992)) 
REPRESENTATION_CONTEXT('Context #1',
  '3D Context with UNIT and UNCERTAINTY') );
#13990 = ( LENGTH_UNIT() NAMED_UNIT(*) SI_UNIT(.MILLI.,.METRE.) );
#13991 = ( NAMED_UNIT(*) PLANE_ANGLE_UNIT() SI_UNIT($,.RADIAN.) );
#13992 = ( NAMED_UNIT(*) SI_UNIT($,.STERADIAN.) SOLID_ANGLE_UNIT() );
#13993 = UNCERTAINTY_MEASURE_WITH_UNIT(LENGTH_MEASURE(1.E-07),#13990,
  'distance_accuracy_value','confusion accuracy');
#13994 = CONTEXT_DEPENDENT_SHAPE_REPRESENTATION(#13995,#13997);
#13995 = ( REPRESENTATION_RELATIONSHIP('','',#13344,#10) 
REPRESENTATION_RELATIONSHIP_WITH_TRANSFORMATION(#13996) 
SHAPE_REPRESENTATION_RELATIONSHIP() );
#13996 = ITEM_DEFINED_TRANSFORMATION('','',#11,#87);
#13997 = PRODUCT_DEFINITION_SHAPE('Placement','Placement of an item',
  #13998);
#13998 = NEXT_ASSEMBLY_USAGE_OCCURRENCE('55','=>[0:1:1:20]','',#5,#13339
  ,$);
#13999 = PRODUCT_RELATED_PRODUCT_CATEGORY('part',$,(#13341));
#14000 = SHAPE_DEFINITION_REPRESENTATION(#14001,#14007);
#14001 = PRODUCT_DEFINITION_SHAPE('','',#14002);
#14002 = PRODUCT_DEFINITION('design','',#14003,#14006);
#14003 = PRODUCT_DEFINITION_FORMATION('','',#14004);
#14004 = PRODUCT('COMPOUND','COMPOUND','',(#14005));
#14005 = PRODUCT_CONTEXT('',#2,'mechanical');
#14006 = PRODUCT_DEFINITION_CONTEXT('part definition',#2,'design');
#14007 = ADVANCED_BREP_SHAPE_REPRESENTATION('',(#11,#14008),#14338);
#14008 = MANIFOLD_SOLID_BREP('',#14009);
#14009 = CLOSED_SHELL('',(#14010,#14130,#14230,#14277,#14324,#14331));
#14010 = ADVANCED_FACE('',(#14011),#14025,.F.);
#14011 = FACE_BOUND('',#14012,.F.);
#14012 = EDGE_LOOP('',(#14013,#14048,#14076,#14104));
#14013 = ORIENTED_EDGE('',*,*,#14014,.F.);
#14014 = EDGE_CURVE('',#14015,#14017,#14019,.T.);
#14015 = VERTEX_POINT('',#14016);
#14016 = CARTESIAN_POINT('',(-197.,-157.,-3.));
#14017 = VERTEX_POINT('',#14018);
#14018 = CARTESIAN_POINT('',(-197.,-157.,3.));
#14019 = SURFACE_CURVE('',#14020,(#14024,#14036),.PCURVE_S1.);
#14020 = LINE('',#14021,#14022);
#14021 = CARTESIAN_POINT('',(-197.,-157.,-3.));
#14022 = VECTOR('',#14023,1.);
#14023 = DIRECTION('',(0.,0.,1.));
#14024 = PCURVE('',#14025,#14030);
#14025 = PLANE('',#14026);
#14026 = AXIS2_PLACEMENT_3D('',#14027,#14028,#14029);
#14027 = CARTESIAN_POINT('',(-197.,-157.,-3.));
#14028 = DIRECTION('',(1.,0.,-0.));
#14029 = DIRECTION('',(0.,0.,1.));
#14030 = DEFINITIONAL_REPRESENTATION('',(#14031),#14035);
#14031 = LINE('',#14032,#14033);
#14032 = CARTESIAN_POINT('',(0.,0.));
#14033 = VECTOR('',#14034,1.);
#14034 = DIRECTION('',(1.,0.));
#14035 = ( GEOMETRIC_REPRESENTATION_CONTEXT(2) 
PARAMETRIC_REPRESENTATION_CONTEXT() REPRESENTATION_CONTEXT('2D SPACE',''
  ) );
#14036 = PCURVE('',#14037,#14042);
#14037 = PLANE('',#14038);
#14038 = AXIS2_PLACEMENT_3D('',#14039,#14040,#14041);
#14039 = CARTESIAN_POINT('',(-197.,-157.,-3.));
#14040 = DIRECTION('',(-0.,1.,0.));
#14041 = DIRECTION('',(0.,0.,1.));
#14042 = DEFINITIONAL_REPRESENTATION('',(#14043),#14047);
#14043 = LINE('',#14044,#14045);
#14044 = CARTESIAN_POINT('',(0.,0.));
#14045 = VECTOR('',#14046,1.);
#14046 = DIRECTION('',(1.,0.));
#14047 = ( GEOMETRIC_REPRESENTATION_CONTEXT(2) 
PARAMETRIC_REPRESENTATION_CONTEXT() REPRESENTATION_CONTEXT('2D SPACE',''
  ) );
#14048 = ORIENTED_EDGE('',*,*,#14049,.T.);
#14049 = EDGE_CURVE('',#14015,#14050,#14052,.T.);
#14050 = VERTEX_POINT('',#14051);
#14051 = CARTESIAN_POINT('',(-197.,157.,-3.));
#14052 = SURFACE_CURVE('',#14053,(#14057,#14064),.PCURVE_S1.);
#14053 = LINE('',#14054,#14055);
#14054 = CARTESIAN_POINT('',(-197.,-157.,-3.));
#14055 = VECTOR('',#14056,1.);
#14056 = DIRECTION('',(-0.,1.,0.));
#14057 = PCURVE('',#14025,#14058);
#14058 = DEFINITIONAL_REPRESENTATION('',(#14059),#14063);
#14059 = LINE('',#14060,#14061);
#14060 = CARTESIAN_POINT('',(0.,0.));
#14061 = VECTOR('',#14062,1.);
#14062 = DIRECTION('',(0.,-1.));
#14063 = ( GEOMETRIC_REPRESENTATION_CONTEXT(2) 
PARAMETRIC_REPRESENTATION_CONTEXT() REPRESENTATION_CONTEXT('2D SPACE',''
  ) );
#14064 = PCURVE('',#14065,#14070);
#14065 = PLANE('',#14066);
#14066 = AXIS2_PLACEMENT_3D('',#14067,#14068,#14069);
#14067 = CARTESIAN_POINT('',(-197.,-157.,-3.));
#14068 = DIRECTION('',(0.,0.,1.));
#14069 = DIRECTION('',(1.,0.,-0.));
#14070 = DEFINITIONAL_REPRESENTATION('',(#14071),#14075);
#14071 = LINE('',#14072,#14073);
#14072 = CARTESIAN_POINT('',(0.,0.));
#14073 = VECTOR('',#14074,1.);
#14074 = DIRECTION('',(0.,1.));
#14075 = ( GEOMETRIC_REPRESENTATION_CONTEXT(2) 
PARAMETRIC_REPRESENTATION_CONTEXT() REPRESENTATION_CONTEXT('2D SPACE',''
  ) );
#14076 = ORIENTED_EDGE('',*,*,#14077,.T.);
#14077 = EDGE_CURVE('',#14050,#14078,#14080,.T.);
#14078 = VERTEX_POINT('',#14079);
#14079 = CARTESIAN_POINT('',(-197.,157.,3.));
#14080 = SURFACE_CURVE('',#14081,(#14085,#14092),.PCURVE_S1.);
#14081 = LINE('',#14082,#14083);
#14082 = CARTESIAN_POINT('',(-197.,157.,-3.));
#14083 = VECTOR('',#14084,1.);
#14084 = DIRECTION('',(0.,0.,1.));
#14085 = PCURVE('',#14025,#14086);
#14086 = DEFINITIONAL_REPRESENTATION('',(#14087),#14091);
#14087 = LINE('',#14088,#14089);
#14088 = CARTESIAN_POINT('',(0.,-314.));
#14089 = VECTOR('',#14090,1.);
#14090 = DIRECTION('',(1.,0.));
#14091 = ( GEOMETRIC_REPRESENTATION_CONTEXT(2) 
PARAMETRIC_REPRESENTATION_CONTEXT() REPRESENTATION_CONTEXT('2D SPACE',''
  ) );
#14092 = PCURVE('',#14093,#14098);
#14093 = PLANE('',#14094);
#14094 = AXIS2_PLACEMENT_3D('',#14095,#14096,#14097);
#14095 = CARTESIAN_POINT('',(-197.,157.,-3.));
#14096 = DIRECTION('',(-0.,1.,0.));
#14097 = DIRECTION('',(0.,0.,1.));
#14098 = DEFINITIONAL_REPRESENTATION('',(#14099),#14103);
#14099 = LINE('',#14100,#14101);
#14100 = CARTESIAN_POINT('',(0.,0.));
#14101 = VECTOR('',#14102,1.);
#14102 = DIRECTION('',(1.,0.));
#14103 = ( GEOMETRIC_REPRESENTATION_CONTEXT(2) 
PARAMETRIC_REPRESENTATION_CONTEXT() REPRESENTATION_CONTEXT('2D SPACE',''
  ) );
#14104 = ORIENTED_EDGE('',*,*,#14105,.F.);
#14105 = EDGE_CURVE('',#14017,#14078,#14106,.T.);
#14106 = SURFACE_CURVE('',#14107,(#14111,#14118),.PCURVE_S1.);
#14107 = LINE('',#14108,#14109);
#14108 = CARTESIAN_POINT('',(-197.,-157.,3.));
#14109 = VECTOR('',#14110,1.);
#14110 = DIRECTION('',(-0.,1.,0.));
#14111 = PCURVE('',#14025,#14112);
#14112 = DEFINITIONAL_REPRESENTATION('',(#14113),#14117);
#14113 = LINE('',#14114,#14115);
#14114 = CARTESIAN_POINT('',(6.,0.));
#14115 = VECTOR('',#14116,1.);
#14116 = DIRECTION('',(0.,-1.));
#14117 = ( GEOMETRIC_REPRESENTATION_CONTEXT(2) 
PARAMETRIC_REPRESENTATION_CONTEXT() REPRESENTATION_CONTEXT('2D SPACE',''
  ) );
#14118 = PCURVE('',#14119,#14124);
#14119 = PLANE('',#14120);
#14120 = AXIS2_PLACEMENT_3D('',#14121,#14122,#14123);
#14121 = CARTESIAN_POINT('',(-197.,-157.,3.));
#14122 = DIRECTION('',(0.,0.,1.));
#14123 = DIRECTION('',(1.,0.,-0.));
#14124 = DEFINITIONAL_REPRESENTATION('',(#14125),#14129);
#14125 = LINE('',#14126,#14127);
#14126 = CARTESIAN_POINT('',(0.,0.));
#14127 = VECTOR('',#14128,1.);
#14128 = DIRECTION('',(0.,1.));
#14129 = ( GEOMETRIC_REPRESENTATION_CONTEXT(2) 
PARAMETRIC_REPRESENTATION_CONTEXT() REPRESENTATION_CONTEXT('2D SPACE',''
  ) );
#14130 = ADVANCED_FACE('',(#14131),#14145,.T.);
#14131 = FACE_BOUND('',#14132,.T.);
#14132 = EDGE_LOOP('',(#14133,#14163,#14186,#14209));
#14133 = ORIENTED_EDGE('',*,*,#14134,.F.);
#14134 = EDGE_CURVE('',#14135,#14137,#14139,.T.);
#14135 = VERTEX_POINT('',#14136);
#14136 = CARTESIAN_POINT('',(197.,-157.,-3.));
#14137 = VERTEX_POINT('',#14138);
#14138 = CARTESIAN_POINT('',(197.,-157.,3.));
#14139 = SURFACE_CURVE('',#14140,(#14144,#14156),.PCURVE_S1.);
#14140 = LINE('',#14141,#14142);
#14141 = CARTESIAN_POINT('',(197.,-157.,-3.));
#14142 = VECTOR('',#14143,1.);
#14143 = DIRECTION('',(0.,0.,1.));
#14144 = PCURVE('',#14145,#14150);
#14145 = PLANE('',#14146);
#14146 = AXIS2_PLACEMENT_3D('',#14147,#14148,#14149);
#14147 = CARTESIAN_POINT('',(197.,-157.,-3.));
#14148 = DIRECTION('',(1.,0.,-0.));
#14149 = DIRECTION('',(0.,0.,1.));
#14150 = DEFINITIONAL_REPRESENTATION('',(#14151),#14155);
#14151 = LINE('',#14152,#14153);
#14152 = CARTESIAN_POINT('',(0.,0.));
#14153 = VECTOR('',#14154,1.);
#14154 = DIRECTION('',(1.,0.));
#14155 = ( GEOMETRIC_REPRESENTATION_CONTEXT(2) 
PARAMETRIC_REPRESENTATION_CONTEXT() REPRESENTATION_CONTEXT('2D SPACE',''
  ) );
#14156 = PCURVE('',#14037,#14157);
#14157 = DEFINITIONAL_REPRESENTATION('',(#14158),#14162);
#14158 = LINE('',#14159,#14160);
#14159 = CARTESIAN_POINT('',(0.,394.));
#14160 = VECTOR('',#14161,1.);
#14161 = DIRECTION('',(1.,0.));
#14162 = ( GEOMETRIC_REPRESENTATION_CONTEXT(2) 
PARAMETRIC_REPRESENTATION_CONTEXT() REPRESENTATION_CONTEXT('2D SPACE',''
  ) );
#14163 = ORIENTED_EDGE('',*,*,#14164,.T.);
#14164 = EDGE_CURVE('',#14135,#14165,#14167,.T.);
#14165 = VERTEX_POINT('',#14166);
#14166 = CARTESIAN_POINT('',(197.,157.,-3.));
#14167 = SURFACE_CURVE('',#14168,(#14172,#14179),.PCURVE_S1.);
#14168 = LINE('',#14169,#14170);
#14169 = CARTESIAN_POINT('',(197.,-157.,-3.));
#14170 = VECTOR('',#14171,1.);
#14171 = DIRECTION('',(-0.,1.,0.));
#14172 = PCURVE('',#14145,#14173);
#14173 = DEFINITIONAL_REPRESENTATION('',(#14174),#14178);
#14174 = LINE('',#14175,#14176);
#14175 = CARTESIAN_POINT('',(0.,0.));
#14176 = VECTOR('',#14177,1.);
#14177 = DIRECTION('',(0.,-1.));
#14178 = ( GEOMETRIC_REPRESENTATION_CONTEXT(2) 
PARAMETRIC_REPRESENTATION_CONTEXT() REPRESENTATION_CONTEXT('2D SPACE',''
  ) );
#14179 = PCURVE('',#14065,#14180);
#14180 = DEFINITIONAL_REPRESENTATION('',(#14181),#14185);
#14181 = LINE('',#14182,#14183);
#14182 = CARTESIAN_POINT('',(394.,0.));
#14183 = VECTOR('',#14184,1.);
#14184 = DIRECTION('',(0.,1.));
#14185 = ( GEOMETRIC_REPRESENTATION_CONTEXT(2) 
PARAMETRIC_REPRESENTATION_CONTEXT() REPRESENTATION_CONTEXT('2D SPACE',''
  ) );
#14186 = ORIENTED_EDGE('',*,*,#14187,.T.);
#14187 = EDGE_CURVE('',#14165,#14188,#14190,.T.);
#14188 = VERTEX_POINT('',#14189);
#14189 = CARTESIAN_POINT('',(197.,157.,3.));
#14190 = SURFACE_CURVE('',#14191,(#14195,#14202),.PCURVE_S1.);
#14191 = LINE('',#14192,#14193);
#14192 = CARTESIAN_POINT('',(197.,157.,-3.));
#14193 = VECTOR('',#14194,1.);
#14194 = DIRECTION('',(0.,0.,1.));
#14195 = PCURVE('',#14145,#14196);
#14196 = DEFINITIONAL_REPRESENTATION('',(#14197),#14201);
#14197 = LINE('',#14198,#14199);
#14198 = CARTESIAN_POINT('',(0.,-314.));
#14199 = VECTOR('',#14200,1.);
#14200 = DIRECTION('',(1.,0.));
#14201 = ( GEOMETRIC_REPRESENTATION_CONTEXT(2) 
PARAMETRIC_REPRESENTATION_CONTEXT() REPRESENTATION_CONTEXT('2D SPACE',''
  ) );
#14202 = PCURVE('',#14093,#14203);
#14203 = DEFINITIONAL_REPRESENTATION('',(#14204),#14208);
#14204 = LINE('',#14205,#14206);
#14205 = CARTESIAN_POINT('',(0.,394.));
#14206 = VECTOR('',#14207,1.);
#14207 = DIRECTION('',(1.,0.));
#14208 = ( GEOMETRIC_REPRESENTATION_CONTEXT(2) 
PARAMETRIC_REPRESENTATION_CONTEXT() REPRESENTATION_CONTEXT('2D SPACE',''
  ) );
#14209 = ORIENTED_EDGE('',*,*,#14210,.F.);
#14210 = EDGE_CURVE('',#14137,#14188,#14211,.T.);
#14211 = SURFACE_CURVE('',#14212,(#14216,#14223),.PCURVE_S1.);
#14212 = LINE('',#14213,#14214);
#14213 = CARTESIAN_POINT('',(197.,-157.,3.));
#14214 = VECTOR('',#14215,1.);
#14215 = DIRECTION('',(-0.,1.,0.));
#14216 = PCURVE('',#14145,#14217);
#14217 = DEFINITIONAL_REPRESENTATION('',(#14218),#14222);
#14218 = LINE('',#14219,#14220);
#14219 = CARTESIAN_POINT('',(6.,0.));
#14220 = VECTOR('',#14221,1.);
#14221 = DIRECTION('',(0.,-1.));
#14222 = ( GEOMETRIC_REPRESENTATION_CONTEXT(2) 
PARAMETRIC_REPRESENTATION_CONTEXT() REPRESENTATION_CONTEXT('2D SPACE',''
  ) );
#14223 = PCURVE('',#14119,#14224);
#14224 = DEFINITIONAL_REPRESENTATION('',(#14225),#14229);
#14225 = LINE('',#14226,#14227);
#14226 = CARTESIAN_POINT('',(394.,0.));
#14227 = VECTOR('',#14228,1.);
#14228 = DIRECTION('',(0.,1.));
#14229 = ( GEOMETRIC_REPRESENTATION_CONTEXT(2) 
PARAMETRIC_REPRESENTATION_CONTEXT() REPRESENTATION_CONTEXT('2D SPACE',''
  ) );
#14230 = ADVANCED_FACE('',(#14231),#14037,.F.);
#14231 = FACE_BOUND('',#14232,.F.);
#14232 = EDGE_LOOP('',(#14233,#14254,#14255,#14276));
#14233 = ORIENTED_EDGE('',*,*,#14234,.F.);
#14234 = EDGE_CURVE('',#14015,#14135,#14235,.T.);
#14235 = SURFACE_CURVE('',#14236,(#14240,#14247),.PCURVE_S1.);
#14236 = LINE('',#14237,#14238);
#14237 = CARTESIAN_POINT('',(-197.,-157.,-3.));
#14238 = VECTOR('',#14239,1.);
#14239 = DIRECTION('',(1.,0.,-0.));
#14240 = PCURVE('',#14037,#14241);
#14241 = DEFINITIONAL_REPRESENTATION('',(#14242),#14246);
#14242 = LINE('',#14243,#14244);
#14243 = CARTESIAN_POINT('',(0.,0.));
#14244 = VECTOR('',#14245,1.);
#14245 = DIRECTION('',(0.,1.));
#14246 = ( GEOMETRIC_REPRESENTATION_CONTEXT(2) 
PARAMETRIC_REPRESENTATION_CONTEXT() REPRESENTATION_CONTEXT('2D SPACE',''
  ) );
#14247 = PCURVE('',#14065,#14248);
#14248 = DEFINITIONAL_REPRESENTATION('',(#14249),#14253);
#14249 = LINE('',#14250,#14251);
#14250 = CARTESIAN_POINT('',(0.,0.));
#14251 = VECTOR('',#14252,1.);
#14252 = DIRECTION('',(1.,0.));
#14253 = ( GEOMETRIC_REPRESENTATION_CONTEXT(2) 
PARAMETRIC_REPRESENTATION_CONTEXT() REPRESENTATION_CONTEXT('2D SPACE',''
  ) );
#14254 = ORIENTED_EDGE('',*,*,#14014,.T.);
#14255 = ORIENTED_EDGE('',*,*,#14256,.T.);
#14256 = EDGE_CURVE('',#14017,#14137,#14257,.T.);
#14257 = SURFACE_CURVE('',#14258,(#14262,#14269),.PCURVE_S1.);
#14258 = LINE('',#14259,#14260);
#14259 = CARTESIAN_POINT('',(-197.,-157.,3.));
#14260 = VECTOR('',#14261,1.);
#14261 = DIRECTION('',(1.,0.,-0.));
#14262 = PCURVE('',#14037,#14263);
#14263 = DEFINITIONAL_REPRESENTATION('',(#14264),#14268);
#14264 = LINE('',#14265,#14266);
#14265 = CARTESIAN_POINT('',(6.,0.));
#14266 = VECTOR('',#14267,1.);
#14267 = DIRECTION('',(0.,1.));
#14268 = ( GEOMETRIC_REPRESENTATION_CONTEXT(2) 
PARAMETRIC_REPRESENTATION_CONTEXT() REPRESENTATION_CONTEXT('2D SPACE',''
  ) );
#14269 = PCURVE('',#14119,#14270);
#14270 = DEFINITIONAL_REPRESENTATION('',(#14271),#14275);
#14271 = LINE('',#14272,#14273);
#14272 = CARTESIAN_POINT('',(0.,0.));
#14273 = VECTOR('',#14274,1.);
#14274 = DIRECTION('',(1.,0.));
#14275 = ( GEOMETRIC_REPRESENTATION_CONTEXT(2) 
PARAMETRIC_REPRESENTATION_CONTEXT() REPRESENTATION_CONTEXT('2D SPACE',''
  ) );
#14276 = ORIENTED_EDGE('',*,*,#14134,.F.);
#14277 = ADVANCED_FACE('',(#14278),#14093,.T.);
#14278 = FACE_BOUND('',#14279,.T.);
#14279 = EDGE_LOOP('',(#14280,#14301,#14302,#14323));
#14280 = ORIENTED_EDGE('',*,*,#14281,.F.);
#14281 = EDGE_CURVE('',#14050,#14165,#14282,.T.);
#14282 = SURFACE_CURVE('',#14283,(#14287,#14294),.PCURVE_S1.);
#14283 = LINE('',#14284,#14285);
#14284 = CARTESIAN_POINT('',(-197.,157.,-3.));
#14285 = VECTOR('',#14286,1.);
#14286 = DIRECTION('',(1.,0.,-0.));
#14287 = PCURVE('',#14093,#14288);
#14288 = DEFINITIONAL_REPRESENTATION('',(#14289),#14293);
#14289 = LINE('',#14290,#14291);
#14290 = CARTESIAN_POINT('',(0.,0.));
#14291 = VECTOR('',#14292,1.);
#14292 = DIRECTION('',(0.,1.));
#14293 = ( GEOMETRIC_REPRESENTATION_CONTEXT(2) 
PARAMETRIC_REPRESENTATION_CONTEXT() REPRESENTATION_CONTEXT('2D SPACE',''
  ) );
#14294 = PCURVE('',#14065,#14295);
#14295 = DEFINITIONAL_REPRESENTATION('',(#14296),#14300);
#14296 = LINE('',#14297,#14298);
#14297 = CARTESIAN_POINT('',(0.,314.));
#14298 = VECTOR('',#14299,1.);
#14299 = DIRECTION('',(1.,0.));
#14300 = ( GEOMETRIC_REPRESENTATION_CONTEXT(2) 
PARAMETRIC_REPRESENTATION_CONTEXT() REPRESENTATION_CONTEXT('2D SPACE',''
  ) );
#14301 = ORIENTED_EDGE('',*,*,#14077,.T.);
#14302 = ORIENTED_EDGE('',*,*,#14303,.T.);
#14303 = EDGE_CURVE('',#14078,#14188,#14304,.T.);
#14304 = SURFACE_CURVE('',#14305,(#14309,#14316),.PCURVE_S1.);
#14305 = LINE('',#14306,#14307);
#14306 = CARTESIAN_POINT('',(-197.,157.,3.));
#14307 = VECTOR('',#14308,1.);
#14308 = DIRECTION('',(1.,0.,-0.));
#14309 = PCURVE('',#14093,#14310);
#14310 = DEFINITIONAL_REPRESENTATION('',(#14311),#14315);
#14311 = LINE('',#14312,#14313);
#14312 = CARTESIAN_POINT('',(6.,0.));
#14313 = VECTOR('',#14314,1.);
#14314 = DIRECTION('',(0.,1.));
#14315 = ( GEOMETRIC_REPRESENTATION_CONTEXT(2) 
PARAMETRIC_REPRESENTATION_CONTEXT() REPRESENTATION_CONTEXT('2D SPACE',''
  ) );
#14316 = PCURVE('',#14119,#14317);
#14317 = DEFINITIONAL_REPRESENTATION('',(#14318),#14322);
#14318 = LINE('',#14319,#14320);
#14319 = CARTESIAN_POINT('',(0.,314.));
#14320 = VECTOR('',#14321,1.);
#14321 = DIRECTION('',(1.,0.));
#14322 = ( GEOMETRIC_REPRESENTATION_CONTEXT(2) 
PARAMETRIC_REPRESENTATION_CONTEXT() REPRESENTATION_CONTEXT('2D SPACE',''
  ) );
#14323 = ORIENTED_EDGE('',*,*,#14187,.F.);
#14324 = ADVANCED_FACE('',(#14325),#14065,.F.);
#14325 = FACE_BOUND('',#14326,.F.);
#14326 = EDGE_LOOP('',(#14327,#14328,#14329,#14330));
#14327 = ORIENTED_EDGE('',*,*,#14049,.F.);
#14328 = ORIENTED_EDGE('',*,*,#14234,.T.);
#14329 = ORIENTED_EDGE('',*,*,#14164,.T.);
#14330 = ORIENTED_EDGE('',*,*,#14281,.F.);
#14331 = ADVANCED_FACE('',(#14332),#14119,.T.);
#14332 = FACE_BOUND('',#14333,.T.);
#14333 = EDGE_LOOP('',(#14334,#14335,#14336,#14337));
#14334 = ORIENTED_EDGE('',*,*,#14105,.F.);
#14335 = ORIENTED_EDGE('',*,*,#14256,.T.);
#14336 = ORIENTED_EDGE('',*,*,#14210,.T.);
#14337 = ORIENTED_EDGE('',*,*,#14303,.F.);
#14338 = ( GEOMETRIC_REPRESENTATION_CONTEXT(3) 
GLOBAL_UNCERTAINTY_ASSIGNED_CONTEXT((#14342)) 
GLOBAL_UNIT_ASSIGNED_CONTEXT((#14339,#14340,#14341)) 
REPRESENTATION_CONTEXT('Context #1',
  '3D Context with UNIT and UNCERTAINTY') );
#14339 = ( LENGTH_UNIT() NAMED_UNIT(*) SI_UNIT(.MILLI.,.METRE.) );
#14340 = ( NAMED_UNIT(*) PLANE_ANGLE_UNIT() SI_UNIT($,.RADIAN.) );
#14341 = ( NAMED_UNIT(*) SI_UNIT($,.STERADIAN.) SOLID_ANGLE_UNIT() );
#14342 = UNCERTAINTY_MEASURE_WITH_UNIT(LENGTH_MEASURE(1.E-07),#14339,
  'distance_accuracy_value','confusion accuracy');
#14343 = CONTEXT_DEPENDENT_SHAPE_REPRESENTATION(#14344,#14346);
#14344 = ( REPRESENTATION_RELATIONSHIP('','',#14007,#10) 
REPRESENTATION_RELATIONSHIP_WITH_TRANSFORMATION(#14345) 
SHAPE_REPRESENTATION_RELATIONSHIP() );
#14345 = ITEM_DEFINED_TRANSFORMATION('','',#11,#91);
#14346 = PRODUCT_DEFINITION_SHAPE('Placement','Placement of an item',
  #14347);
#14347 = NEXT_ASSEMBLY_USAGE_OCCURRENCE('56','=>[0:1:1:21]','',#5,#14002
  ,$);
#14348 = PRODUCT_RELATED_PRODUCT_CATEGORY('part',$,(#14004));
#14349 = SHAPE_DEFINITION_REPRESENTATION(#14350,#14356);
#14350 = PRODUCT_DEFINITION_SHAPE('','',#14351);
#14351 = PRODUCT_DEFINITION('design','',#14352,#14355);
#14352 = PRODUCT_DEFINITION_FORMATION('','',#14353);
#14353 = PRODUCT('COMPOUND','COMPOUND','',(#14354));
#14354 = PRODUCT_CONTEXT('',#2,'mechanical');
#14355 = PRODUCT_DEFINITION_CONTEXT('part definition',#2,'design');
#14356 = SHAPE_REPRESENTATION('',(#11,#14357,#14687,#15017,#15347),
  #15677);
#14357 = MANIFOLD_SOLID_BREP('',#14358);
#14358 = CLOSED_SHELL('',(#14359,#14479,#14579,#14626,#14673,#14680));
#14359 = ADVANCED_FACE('',(#14360),#14374,.F.);
#14360 = FACE_BOUND('',#14361,.F.);
#14361 = EDGE_LOOP('',(#14362,#14397,#14425,#14453));
#14362 = ORIENTED_EDGE('',*,*,#14363,.F.);
#14363 = EDGE_CURVE('',#14364,#14366,#14368,.T.);
#14364 = VERTEX_POINT('',#14365);
#14365 = CARTESIAN_POINT('',(460.,-145.,12.));
#14366 = VERTEX_POINT('',#14367);
#14367 = CARTESIAN_POINT('',(460.,-145.,118.));
#14368 = SURFACE_CURVE('',#14369,(#14373,#14385),.PCURVE_S1.);
#14369 = LINE('',#14370,#14371);
#14370 = CARTESIAN_POINT('',(460.,-145.,12.));
#14371 = VECTOR('',#14372,1.);
#14372 = DIRECTION('',(0.,0.,1.));
#14373 = PCURVE('',#14374,#14379);
#14374 = PLANE('',#14375);
#14375 = AXIS2_PLACEMENT_3D('',#14376,#14377,#14378);
#14376 = CARTESIAN_POINT('',(460.,-145.,12.));
#14377 = DIRECTION('',(1.,0.,-0.));
#14378 = DIRECTION('',(0.,0.,1.));
#14379 = DEFINITIONAL_REPRESENTATION('',(#14380),#14384);
#14380 = LINE('',#14381,#14382);
#14381 = CARTESIAN_POINT('',(0.,0.));
#14382 = VECTOR('',#14383,1.);
#14383 = DIRECTION('',(1.,0.));
#14384 = ( GEOMETRIC_REPRESENTATION_CONTEXT(2) 
PARAMETRIC_REPRESENTATION_CONTEXT() REPRESENTATION_CONTEXT('2D SPACE',''
  ) );
#14385 = PCURVE('',#14386,#14391);
#14386 = PLANE('',#14387);
#14387 = AXIS2_PLACEMENT_3D('',#14388,#14389,#14390);
#14388 = CARTESIAN_POINT('',(460.,-145.,12.));
#14389 = DIRECTION('',(-0.,1.,0.));
#14390 = DIRECTION('',(0.,0.,1.));
#14391 = DEFINITIONAL_REPRESENTATION('',(#14392),#14396);
#14392 = LINE('',#14393,#14394);
#14393 = CARTESIAN_POINT('',(0.,0.));
#14394 = VECTOR('',#14395,1.);
#14395 = DIRECTION('',(1.,0.));
#14396 = ( GEOMETRIC_REPRESENTATION_CONTEXT(2) 
PARAMETRIC_REPRESENTATION_CONTEXT() REPRESENTATION_CONTEXT('2D SPACE',''
  ) );
#14397 = ORIENTED_EDGE('',*,*,#14398,.T.);
#14398 = EDGE_CURVE('',#14364,#14399,#14401,.T.);
#14399 = VERTEX_POINT('',#14400);
#14400 = CARTESIAN_POINT('',(460.,-125.,12.));
#14401 = SURFACE_CURVE('',#14402,(#14406,#14413),.PCURVE_S1.);
#14402 = LINE('',#14403,#14404);
#14403 = CARTESIAN_POINT('',(460.,-145.,12.));
#14404 = VECTOR('',#14405,1.);
#14405 = DIRECTION('',(-0.,1.,0.));
#14406 = PCURVE('',#14374,#14407);
#14407 = DEFINITIONAL_REPRESENTATION('',(#14408),#14412);
#14408 = LINE('',#14409,#14410);
#14409 = CARTESIAN_POINT('',(0.,0.));
#14410 = VECTOR('',#14411,1.);
#14411 = DIRECTION('',(0.,-1.));
#14412 = ( GEOMETRIC_REPRESENTATION_CONTEXT(2) 
PARAMETRIC_REPRESENTATION_CONTEXT() REPRESENTATION_CONTEXT('2D SPACE',''
  ) );
#14413 = PCURVE('',#14414,#14419);
#14414 = PLANE('',#14415);
#14415 = AXIS2_PLACEMENT_3D('',#14416,#14417,#14418);
#14416 = CARTESIAN_POINT('',(460.,-145.,12.));
#14417 = DIRECTION('',(0.,0.,1.));
#14418 = DIRECTION('',(1.,0.,-0.));
#14419 = DEFINITIONAL_REPRESENTATION('',(#14420),#14424);
#14420 = LINE('',#14421,#14422);
#14421 = CARTESIAN_POINT('',(0.,0.));
#14422 = VECTOR('',#14423,1.);
#14423 = DIRECTION('',(0.,1.));
#14424 = ( GEOMETRIC_REPRESENTATION_CONTEXT(2) 
PARAMETRIC_REPRESENTATION_CONTEXT() REPRESENTATION_CONTEXT('2D SPACE',''
  ) );
#14425 = ORIENTED_EDGE('',*,*,#14426,.T.);
#14426 = EDGE_CURVE('',#14399,#14427,#14429,.T.);
#14427 = VERTEX_POINT('',#14428);
#14428 = CARTESIAN_POINT('',(460.,-125.,118.));
#14429 = SURFACE_CURVE('',#14430,(#14434,#14441),.PCURVE_S1.);
#14430 = LINE('',#14431,#14432);
#14431 = CARTESIAN_POINT('',(460.,-125.,12.));
#14432 = VECTOR('',#14433,1.);
#14433 = DIRECTION('',(0.,0.,1.));
#14434 = PCURVE('',#14374,#14435);
#14435 = DEFINITIONAL_REPRESENTATION('',(#14436),#14440);
#14436 = LINE('',#14437,#14438);
#14437 = CARTESIAN_POINT('',(0.,-20.));
#14438 = VECTOR('',#14439,1.);
#14439 = DIRECTION('',(1.,0.));
#14440 = ( GEOMETRIC_REPRESENTATION_CONTEXT(2) 
PARAMETRIC_REPRESENTATION_CONTEXT() REPRESENTATION_CONTEXT('2D SPACE',''
  ) );
#14441 = PCURVE('',#14442,#14447);
#14442 = PLANE('',#14443);
#14443 = AXIS2_PLACEMENT_3D('',#14444,#14445,#14446);
#14444 = CARTESIAN_POINT('',(460.,-125.,12.));
#14445 = DIRECTION('',(-0.,1.,0.));
#14446 = DIRECTION('',(0.,0.,1.));
#14447 = DEFINITIONAL_REPRESENTATION('',(#14448),#14452);
#14448 = LINE('',#14449,#14450);
#14449 = CARTESIAN_POINT('',(0.,0.));
#14450 = VECTOR('',#14451,1.);
#14451 = DIRECTION('',(1.,0.));
#14452 = ( GEOMETRIC_REPRESENTATION_CONTEXT(2) 
PARAMETRIC_REPRESENTATION_CONTEXT() REPRESENTATION_CONTEXT('2D SPACE',''
  ) );
#14453 = ORIENTED_EDGE('',*,*,#14454,.F.);
#14454 = EDGE_CURVE('',#14366,#14427,#14455,.T.);
#14455 = SURFACE_CURVE('',#14456,(#14460,#14467),.PCURVE_S1.);
#14456 = LINE('',#14457,#14458);
#14457 = CARTESIAN_POINT('',(460.,-145.,118.));
#14458 = VECTOR('',#14459,1.);
#14459 = DIRECTION('',(-0.,1.,0.));
#14460 = PCURVE('',#14374,#14461);
#14461 = DEFINITIONAL_REPRESENTATION('',(#14462),#14466);
#14462 = LINE('',#14463,#14464);
#14463 = CARTESIAN_POINT('',(106.,0.));
#14464 = VECTOR('',#14465,1.);
#14465 = DIRECTION('',(0.,-1.));
#14466 = ( GEOMETRIC_REPRESENTATION_CONTEXT(2) 
PARAMETRIC_REPRESENTATION_CONTEXT() REPRESENTATION_CONTEXT('2D SPACE',''
  ) );
#14467 = PCURVE('',#14468,#14473);
#14468 = PLANE('',#14469);
#14469 = AXIS2_PLACEMENT_3D('',#14470,#14471,#14472);
#14470 = CARTESIAN_POINT('',(460.,-145.,118.));
#14471 = DIRECTION('',(0.,0.,1.));
#14472 = DIRECTION('',(1.,0.,-0.));
#14473 = DEFINITIONAL_REPRESENTATION('',(#14474),#14478);
#14474 = LINE('',#14475,#14476);
#14475 = CARTESIAN_POINT('',(0.,0.));
#14476 = VECTOR('',#14477,1.);
#14477 = DIRECTION('',(0.,1.));
#14478 = ( GEOMETRIC_REPRESENTATION_CONTEXT(2) 
PARAMETRIC_REPRESENTATION_CONTEXT() REPRESENTATION_CONTEXT('2D SPACE',''
  ) );
#14479 = ADVANCED_FACE('',(#14480),#14494,.T.);
#14480 = FACE_BOUND('',#14481,.T.);
#14481 = EDGE_LOOP('',(#14482,#14512,#14535,#14558));
#14482 = ORIENTED_EDGE('',*,*,#14483,.F.);
#14483 = EDGE_CURVE('',#14484,#14486,#14488,.T.);
#14484 = VERTEX_POINT('',#14485);
#14485 = CARTESIAN_POINT('',(480.,-145.,12.));
#14486 = VERTEX_POINT('',#14487);
#14487 = CARTESIAN_POINT('',(480.,-145.,118.));
#14488 = SURFACE_CURVE('',#14489,(#14493,#14505),.PCURVE_S1.);
#14489 = LINE('',#14490,#14491);
#14490 = CARTESIAN_POINT('',(480.,-145.,12.));
#14491 = VECTOR('',#14492,1.);
#14492 = DIRECTION('',(0.,0.,1.));
#14493 = PCURVE('',#14494,#14499);
#14494 = PLANE('',#14495);
#14495 = AXIS2_PLACEMENT_3D('',#14496,#14497,#14498);
#14496 = CARTESIAN_POINT('',(480.,-145.,12.));
#14497 = DIRECTION('',(1.,0.,-0.));
#14498 = DIRECTION('',(0.,0.,1.));
#14499 = DEFINITIONAL_REPRESENTATION('',(#14500),#14504);
#14500 = LINE('',#14501,#14502);
#14501 = CARTESIAN_POINT('',(0.,0.));
#14502 = VECTOR('',#14503,1.);
#14503 = DIRECTION('',(1.,0.));
#14504 = ( GEOMETRIC_REPRESENTATION_CONTEXT(2) 
PARAMETRIC_REPRESENTATION_CONTEXT() REPRESENTATION_CONTEXT('2D SPACE',''
  ) );
#14505 = PCURVE('',#14386,#14506);
#14506 = DEFINITIONAL_REPRESENTATION('',(#14507),#14511);
#14507 = LINE('',#14508,#14509);
#14508 = CARTESIAN_POINT('',(0.,20.));
#14509 = VECTOR('',#14510,1.);
#14510 = DIRECTION('',(1.,0.));
#14511 = ( GEOMETRIC_REPRESENTATION_CONTEXT(2) 
PARAMETRIC_REPRESENTATION_CONTEXT() REPRESENTATION_CONTEXT('2D SPACE',''
  ) );
#14512 = ORIENTED_EDGE('',*,*,#14513,.T.);
#14513 = EDGE_CURVE('',#14484,#14514,#14516,.T.);
#14514 = VERTEX_POINT('',#14515);
#14515 = CARTESIAN_POINT('',(480.,-125.,12.));
#14516 = SURFACE_CURVE('',#14517,(#14521,#14528),.PCURVE_S1.);
#14517 = LINE('',#14518,#14519);
#14518 = CARTESIAN_POINT('',(480.,-145.,12.));
#14519 = VECTOR('',#14520,1.);
#14520 = DIRECTION('',(-0.,1.,0.));
#14521 = PCURVE('',#14494,#14522);
#14522 = DEFINITIONAL_REPRESENTATION('',(#14523),#14527);
#14523 = LINE('',#14524,#14525);
#14524 = CARTESIAN_POINT('',(0.,0.));
#14525 = VECTOR('',#14526,1.);
#14526 = DIRECTION('',(0.,-1.));
#14527 = ( GEOMETRIC_REPRESENTATION_CONTEXT(2) 
PARAMETRIC_REPRESENTATION_CONTEXT() REPRESENTATION_CONTEXT('2D SPACE',''
  ) );
#14528 = PCURVE('',#14414,#14529);
#14529 = DEFINITIONAL_REPRESENTATION('',(#14530),#14534);
#14530 = LINE('',#14531,#14532);
#14531 = CARTESIAN_POINT('',(20.,0.));
#14532 = VECTOR('',#14533,1.);
#14533 = DIRECTION('',(0.,1.));
#14534 = ( GEOMETRIC_REPRESENTATION_CONTEXT(2) 
PARAMETRIC_REPRESENTATION_CONTEXT() REPRESENTATION_CONTEXT('2D SPACE',''
  ) );
#14535 = ORIENTED_EDGE('',*,*,#14536,.T.);
#14536 = EDGE_CURVE('',#14514,#14537,#14539,.T.);
#14537 = VERTEX_POINT('',#14538);
#14538 = CARTESIAN_POINT('',(480.,-125.,118.));
#14539 = SURFACE_CURVE('',#14540,(#14544,#14551),.PCURVE_S1.);
#14540 = LINE('',#14541,#14542);
#14541 = CARTESIAN_POINT('',(480.,-125.,12.));
#14542 = VECTOR('',#14543,1.);
#14543 = DIRECTION('',(0.,0.,1.));
#14544 = PCURVE('',#14494,#14545);
#14545 = DEFINITIONAL_REPRESENTATION('',(#14546),#14550);
#14546 = LINE('',#14547,#14548);
#14547 = CARTESIAN_POINT('',(0.,-20.));
#14548 = VECTOR('',#14549,1.);
#14549 = DIRECTION('',(1.,0.));
#14550 = ( GEOMETRIC_REPRESENTATION_CONTEXT(2) 
PARAMETRIC_REPRESENTATION_CONTEXT() REPRESENTATION_CONTEXT('2D SPACE',''
  ) );
#14551 = PCURVE('',#14442,#14552);
#14552 = DEFINITIONAL_REPRESENTATION('',(#14553),#14557);
#14553 = LINE('',#14554,#14555);
#14554 = CARTESIAN_POINT('',(0.,20.));
#14555 = VECTOR('',#14556,1.);
#14556 = DIRECTION('',(1.,0.));
#14557 = ( GEOMETRIC_REPRESENTATION_CONTEXT(2) 
PARAMETRIC_REPRESENTATION_CONTEXT() REPRESENTATION_CONTEXT('2D SPACE',''
  ) );
#14558 = ORIENTED_EDGE('',*,*,#14559,.F.);
#14559 = EDGE_CURVE('',#14486,#14537,#14560,.T.);
#14560 = SURFACE_CURVE('',#14561,(#14565,#14572),.PCURVE_S1.);
#14561 = LINE('',#14562,#14563);
#14562 = CARTESIAN_POINT('',(480.,-145.,118.));
#14563 = VECTOR('',#14564,1.);
#14564 = DIRECTION('',(-0.,1.,0.));
#14565 = PCURVE('',#14494,#14566);
#14566 = DEFINITIONAL_REPRESENTATION('',(#14567),#14571);
#14567 = LINE('',#14568,#14569);
#14568 = CARTESIAN_POINT('',(106.,0.));
#14569 = VECTOR('',#14570,1.);
#14570 = DIRECTION('',(0.,-1.));
#14571 = ( GEOMETRIC_REPRESENTATION_CONTEXT(2) 
PARAMETRIC_REPRESENTATION_CONTEXT() REPRESENTATION_CONTEXT('2D SPACE',''
  ) );
#14572 = PCURVE('',#14468,#14573);
#14573 = DEFINITIONAL_REPRESENTATION('',(#14574),#14578);
#14574 = LINE('',#14575,#14576);
#14575 = CARTESIAN_POINT('',(20.,0.));
#14576 = VECTOR('',#14577,1.);
#14577 = DIRECTION('',(0.,1.));
#14578 = ( GEOMETRIC_REPRESENTATION_CONTEXT(2) 
PARAMETRIC_REPRESENTATION_CONTEXT() REPRESENTATION_CONTEXT('2D SPACE',''
  ) );
#14579 = ADVANCED_FACE('',(#14580),#14386,.F.);
#14580 = FACE_BOUND('',#14581,.F.);
#14581 = EDGE_LOOP('',(#14582,#14603,#14604,#14625));
#14582 = ORIENTED_EDGE('',*,*,#14583,.F.);
#14583 = EDGE_CURVE('',#14364,#14484,#14584,.T.);
#14584 = SURFACE_CURVE('',#14585,(#14589,#14596),.PCURVE_S1.);
#14585 = LINE('',#14586,#14587);
#14586 = CARTESIAN_POINT('',(460.,-145.,12.));
#14587 = VECTOR('',#14588,1.);
#14588 = DIRECTION('',(1.,0.,-0.));
#14589 = PCURVE('',#14386,#14590);
#14590 = DEFINITIONAL_REPRESENTATION('',(#14591),#14595);
#14591 = LINE('',#14592,#14593);
#14592 = CARTESIAN_POINT('',(0.,0.));
#14593 = VECTOR('',#14594,1.);
#14594 = DIRECTION('',(0.,1.));
#14595 = ( GEOMETRIC_REPRESENTATION_CONTEXT(2) 
PARAMETRIC_REPRESENTATION_CONTEXT() REPRESENTATION_CONTEXT('2D SPACE',''
  ) );
#14596 = PCURVE('',#14414,#14597);
#14597 = DEFINITIONAL_REPRESENTATION('',(#14598),#14602);
#14598 = LINE('',#14599,#14600);
#14599 = CARTESIAN_POINT('',(0.,0.));
#14600 = VECTOR('',#14601,1.);
#14601 = DIRECTION('',(1.,0.));
#14602 = ( GEOMETRIC_REPRESENTATION_CONTEXT(2) 
PARAMETRIC_REPRESENTATION_CONTEXT() REPRESENTATION_CONTEXT('2D SPACE',''
  ) );
#14603 = ORIENTED_EDGE('',*,*,#14363,.T.);
#14604 = ORIENTED_EDGE('',*,*,#14605,.T.);
#14605 = EDGE_CURVE('',#14366,#14486,#14606,.T.);
#14606 = SURFACE_CURVE('',#14607,(#14611,#14618),.PCURVE_S1.);
#14607 = LINE('',#14608,#14609);
#14608 = CARTESIAN_POINT('',(460.,-145.,118.));
#14609 = VECTOR('',#14610,1.);
#14610 = DIRECTION('',(1.,0.,-0.));
#14611 = PCURVE('',#14386,#14612);
#14612 = DEFINITIONAL_REPRESENTATION('',(#14613),#14617);
#14613 = LINE('',#14614,#14615);
#14614 = CARTESIAN_POINT('',(106.,0.));
#14615 = VECTOR('',#14616,1.);
#14616 = DIRECTION('',(0.,1.));
#14617 = ( GEOMETRIC_REPRESENTATION_CONTEXT(2) 
PARAMETRIC_REPRESENTATION_CONTEXT() REPRESENTATION_CONTEXT('2D SPACE',''
  ) );
#14618 = PCURVE('',#14468,#14619);
#14619 = DEFINITIONAL_REPRESENTATION('',(#14620),#14624);
#14620 = LINE('',#14621,#14622);
#14621 = CARTESIAN_POINT('',(0.,0.));
#14622 = VECTOR('',#14623,1.);
#14623 = DIRECTION('',(1.,0.));
#14624 = ( GEOMETRIC_REPRESENTATION_CONTEXT(2) 
PARAMETRIC_REPRESENTATION_CONTEXT() REPRESENTATION_CONTEXT('2D SPACE',''
  ) );
#14625 = ORIENTED_EDGE('',*,*,#14483,.F.);
#14626 = ADVANCED_FACE('',(#14627),#14442,.T.);
#14627 = FACE_BOUND('',#14628,.T.);
#14628 = EDGE_LOOP('',(#14629,#14650,#14651,#14672));
#14629 = ORIENTED_EDGE('',*,*,#14630,.F.);
#14630 = EDGE_CURVE('',#14399,#14514,#14631,.T.);
#14631 = SURFACE_CURVE('',#14632,(#14636,#14643),.PCURVE_S1.);
#14632 = LINE('',#14633,#14634);
#14633 = CARTESIAN_POINT('',(460.,-125.,12.));
#14634 = VECTOR('',#14635,1.);
#14635 = DIRECTION('',(1.,0.,-0.));
#14636 = PCURVE('',#14442,#14637);
#14637 = DEFINITIONAL_REPRESENTATION('',(#14638),#14642);
#14638 = LINE('',#14639,#14640);
#14639 = CARTESIAN_POINT('',(0.,0.));
#14640 = VECTOR('',#14641,1.);
#14641 = DIRECTION('',(0.,1.));
#14642 = ( GEOMETRIC_REPRESENTATION_CONTEXT(2) 
PARAMETRIC_REPRESENTATION_CONTEXT() REPRESENTATION_CONTEXT('2D SPACE',''
  ) );
#14643 = PCURVE('',#14414,#14644);
#14644 = DEFINITIONAL_REPRESENTATION('',(#14645),#14649);
#14645 = LINE('',#14646,#14647);
#14646 = CARTESIAN_POINT('',(0.,20.));
#14647 = VECTOR('',#14648,1.);
#14648 = DIRECTION('',(1.,0.));
#14649 = ( GEOMETRIC_REPRESENTATION_CONTEXT(2) 
PARAMETRIC_REPRESENTATION_CONTEXT() REPRESENTATION_CONTEXT('2D SPACE',''
  ) );
#14650 = ORIENTED_EDGE('',*,*,#14426,.T.);
#14651 = ORIENTED_EDGE('',*,*,#14652,.T.);
#14652 = EDGE_CURVE('',#14427,#14537,#14653,.T.);
#14653 = SURFACE_CURVE('',#14654,(#14658,#14665),.PCURVE_S1.);
#14654 = LINE('',#14655,#14656);
#14655 = CARTESIAN_POINT('',(460.,-125.,118.));
#14656 = VECTOR('',#14657,1.);
#14657 = DIRECTION('',(1.,0.,-0.));
#14658 = PCURVE('',#14442,#14659);
#14659 = DEFINITIONAL_REPRESENTATION('',(#14660),#14664);
#14660 = LINE('',#14661,#14662);
#14661 = CARTESIAN_POINT('',(106.,0.));
#14662 = VECTOR('',#14663,1.);
#14663 = DIRECTION('',(0.,1.));
#14664 = ( GEOMETRIC_REPRESENTATION_CONTEXT(2) 
PARAMETRIC_REPRESENTATION_CONTEXT() REPRESENTATION_CONTEXT('2D SPACE',''
  ) );
#14665 = PCURVE('',#14468,#14666);
#14666 = DEFINITIONAL_REPRESENTATION('',(#14667),#14671);
#14667 = LINE('',#14668,#14669);
#14668 = CARTESIAN_POINT('',(0.,20.));
#14669 = VECTOR('',#14670,1.);
#14670 = DIRECTION('',(1.,0.));
#14671 = ( GEOMETRIC_REPRESENTATION_CONTEXT(2) 
PARAMETRIC_REPRESENTATION_CONTEXT() REPRESENTATION_CONTEXT('2D SPACE',''
  ) );
#14672 = ORIENTED_EDGE('',*,*,#14536,.F.);
#14673 = ADVANCED_FACE('',(#14674),#14414,.F.);
#14674 = FACE_BOUND('',#14675,.F.);
#14675 = EDGE_LOOP('',(#14676,#14677,#14678,#14679));
#14676 = ORIENTED_EDGE('',*,*,#14398,.F.);
#14677 = ORIENTED_EDGE('',*,*,#14583,.T.);
#14678 = ORIENTED_EDGE('',*,*,#14513,.T.);
#14679 = ORIENTED_EDGE('',*,*,#14630,.F.);
#14680 = ADVANCED_FACE('',(#14681),#14468,.T.);
#14681 = FACE_BOUND('',#14682,.T.);
#14682 = EDGE_LOOP('',(#14683,#14684,#14685,#14686));
#14683 = ORIENTED_EDGE('',*,*,#14454,.F.);
#14684 = ORIENTED_EDGE('',*,*,#14605,.T.);
#14685 = ORIENTED_EDGE('',*,*,#14559,.T.);
#14686 = ORIENTED_EDGE('',*,*,#14652,.F.);
#14687 = MANIFOLD_SOLID_BREP('',#14688);
#14688 = CLOSED_SHELL('',(#14689,#14809,#14909,#14956,#15003,#15010));
#14689 = ADVANCED_FACE('',(#14690),#14704,.F.);
#14690 = FACE_BOUND('',#14691,.F.);
#14691 = EDGE_LOOP('',(#14692,#14727,#14755,#14783));
#14692 = ORIENTED_EDGE('',*,*,#14693,.F.);
#14693 = EDGE_CURVE('',#14694,#14696,#14698,.T.);
#14694 = VERTEX_POINT('',#14695);
#14695 = CARTESIAN_POINT('',(460.,125.,12.));
#14696 = VERTEX_POINT('',#14697);
#14697 = CARTESIAN_POINT('',(460.,125.,118.));
#14698 = SURFACE_CURVE('',#14699,(#14703,#14715),.PCURVE_S1.);
#14699 = LINE('',#14700,#14701);
#14700 = CARTESIAN_POINT('',(460.,125.,12.));
#14701 = VECTOR('',#14702,1.);
#14702 = DIRECTION('',(0.,0.,1.));
#14703 = PCURVE('',#14704,#14709);
#14704 = PLANE('',#14705);
#14705 = AXIS2_PLACEMENT_3D('',#14706,#14707,#14708);
#14706 = CARTESIAN_POINT('',(460.,125.,12.));
#14707 = DIRECTION('',(1.,0.,-0.));
#14708 = DIRECTION('',(0.,0.,1.));
#14709 = DEFINITIONAL_REPRESENTATION('',(#14710),#14714);
#14710 = LINE('',#14711,#14712);
#14711 = CARTESIAN_POINT('',(0.,0.));
#14712 = VECTOR('',#14713,1.);
#14713 = DIRECTION('',(1.,0.));
#14714 = ( GEOMETRIC_REPRESENTATION_CONTEXT(2) 
PARAMETRIC_REPRESENTATION_CONTEXT() REPRESENTATION_CONTEXT('2D SPACE',''
  ) );
#14715 = PCURVE('',#14716,#14721);
#14716 = PLANE('',#14717);
#14717 = AXIS2_PLACEMENT_3D('',#14718,#14719,#14720);
#14718 = CARTESIAN_POINT('',(460.,125.,12.));
#14719 = DIRECTION('',(-0.,1.,0.));
#14720 = DIRECTION('',(0.,0.,1.));
#14721 = DEFINITIONAL_REPRESENTATION('',(#14722),#14726);
#14722 = LINE('',#14723,#14724);
#14723 = CARTESIAN_POINT('',(0.,0.));
#14724 = VECTOR('',#14725,1.);
#14725 = DIRECTION('',(1.,0.));
#14726 = ( GEOMETRIC_REPRESENTATION_CONTEXT(2) 
PARAMETRIC_REPRESENTATION_CONTEXT() REPRESENTATION_CONTEXT('2D SPACE',''
  ) );
#14727 = ORIENTED_EDGE('',*,*,#14728,.T.);
#14728 = EDGE_CURVE('',#14694,#14729,#14731,.T.);
#14729 = VERTEX_POINT('',#14730);
#14730 = CARTESIAN_POINT('',(460.,145.,12.));
#14731 = SURFACE_CURVE('',#14732,(#14736,#14743),.PCURVE_S1.);
#14732 = LINE('',#14733,#14734);
#14733 = CARTESIAN_POINT('',(460.,125.,12.));
#14734 = VECTOR('',#14735,1.);
#14735 = DIRECTION('',(-0.,1.,0.));
#14736 = PCURVE('',#14704,#14737);
#14737 = DEFINITIONAL_REPRESENTATION('',(#14738),#14742);
#14738 = LINE('',#14739,#14740);
#14739 = CARTESIAN_POINT('',(0.,0.));
#14740 = VECTOR('',#14741,1.);
#14741 = DIRECTION('',(0.,-1.));
#14742 = ( GEOMETRIC_REPRESENTATION_CONTEXT(2) 
PARAMETRIC_REPRESENTATION_CONTEXT() REPRESENTATION_CONTEXT('2D SPACE',''
  ) );
#14743 = PCURVE('',#14744,#14749);
#14744 = PLANE('',#14745);
#14745 = AXIS2_PLACEMENT_3D('',#14746,#14747,#14748);
#14746 = CARTESIAN_POINT('',(460.,125.,12.));
#14747 = DIRECTION('',(0.,0.,1.));
#14748 = DIRECTION('',(1.,0.,-0.));
#14749 = DEFINITIONAL_REPRESENTATION('',(#14750),#14754);
#14750 = LINE('',#14751,#14752);
#14751 = CARTESIAN_POINT('',(0.,0.));
#14752 = VECTOR('',#14753,1.);
#14753 = DIRECTION('',(0.,1.));
#14754 = ( GEOMETRIC_REPRESENTATION_CONTEXT(2) 
PARAMETRIC_REPRESENTATION_CONTEXT() REPRESENTATION_CONTEXT('2D SPACE',''
  ) );
#14755 = ORIENTED_EDGE('',*,*,#14756,.T.);
#14756 = EDGE_CURVE('',#14729,#14757,#14759,.T.);
#14757 = VERTEX_POINT('',#14758);
#14758 = CARTESIAN_POINT('',(460.,145.,118.));
#14759 = SURFACE_CURVE('',#14760,(#14764,#14771),.PCURVE_S1.);
#14760 = LINE('',#14761,#14762);
#14761 = CARTESIAN_POINT('',(460.,145.,12.));
#14762 = VECTOR('',#14763,1.);
#14763 = DIRECTION('',(0.,0.,1.));
#14764 = PCURVE('',#14704,#14765);
#14765 = DEFINITIONAL_REPRESENTATION('',(#14766),#14770);
#14766 = LINE('',#14767,#14768);
#14767 = CARTESIAN_POINT('',(0.,-20.));
#14768 = VECTOR('',#14769,1.);
#14769 = DIRECTION('',(1.,0.));
#14770 = ( GEOMETRIC_REPRESENTATION_CONTEXT(2) 
PARAMETRIC_REPRESENTATION_CONTEXT() REPRESENTATION_CONTEXT('2D SPACE',''
  ) );
#14771 = PCURVE('',#14772,#14777);
#14772 = PLANE('',#14773);
#14773 = AXIS2_PLACEMENT_3D('',#14774,#14775,#14776);
#14774 = CARTESIAN_POINT('',(460.,145.,12.));
#14775 = DIRECTION('',(-0.,1.,0.));
#14776 = DIRECTION('',(0.,0.,1.));
#14777 = DEFINITIONAL_REPRESENTATION('',(#14778),#14782);
#14778 = LINE('',#14779,#14780);
#14779 = CARTESIAN_POINT('',(0.,0.));
#14780 = VECTOR('',#14781,1.);
#14781 = DIRECTION('',(1.,0.));
#14782 = ( GEOMETRIC_REPRESENTATION_CONTEXT(2) 
PARAMETRIC_REPRESENTATION_CONTEXT() REPRESENTATION_CONTEXT('2D SPACE',''
  ) );
#14783 = ORIENTED_EDGE('',*,*,#14784,.F.);
#14784 = EDGE_CURVE('',#14696,#14757,#14785,.T.);
#14785 = SURFACE_CURVE('',#14786,(#14790,#14797),.PCURVE_S1.);
#14786 = LINE('',#14787,#14788);
#14787 = CARTESIAN_POINT('',(460.,125.,118.));
#14788 = VECTOR('',#14789,1.);
#14789 = DIRECTION('',(-0.,1.,0.));
#14790 = PCURVE('',#14704,#14791);
#14791 = DEFINITIONAL_REPRESENTATION('',(#14792),#14796);
#14792 = LINE('',#14793,#14794);
#14793 = CARTESIAN_POINT('',(106.,0.));
#14794 = VECTOR('',#14795,1.);
#14795 = DIRECTION('',(0.,-1.));
#14796 = ( GEOMETRIC_REPRESENTATION_CONTEXT(2) 
PARAMETRIC_REPRESENTATION_CONTEXT() REPRESENTATION_CONTEXT('2D SPACE',''
  ) );
#14797 = PCURVE('',#14798,#14803);
#14798 = PLANE('',#14799);
#14799 = AXIS2_PLACEMENT_3D('',#14800,#14801,#14802);
#14800 = CARTESIAN_POINT('',(460.,125.,118.));
#14801 = DIRECTION('',(0.,0.,1.));
#14802 = DIRECTION('',(1.,0.,-0.));
#14803 = DEFINITIONAL_REPRESENTATION('',(#14804),#14808);
#14804 = LINE('',#14805,#14806);
#14805 = CARTESIAN_POINT('',(0.,0.));
#14806 = VECTOR('',#14807,1.);
#14807 = DIRECTION('',(0.,1.));
#14808 = ( GEOMETRIC_REPRESENTATION_CONTEXT(2) 
PARAMETRIC_REPRESENTATION_CONTEXT() REPRESENTATION_CONTEXT('2D SPACE',''
  ) );
#14809 = ADVANCED_FACE('',(#14810),#14824,.T.);
#14810 = FACE_BOUND('',#14811,.T.);
#14811 = EDGE_LOOP('',(#14812,#14842,#14865,#14888));
#14812 = ORIENTED_EDGE('',*,*,#14813,.F.);
#14813 = EDGE_CURVE('',#14814,#14816,#14818,.T.);
#14814 = VERTEX_POINT('',#14815);
#14815 = CARTESIAN_POINT('',(480.,125.,12.));
#14816 = VERTEX_POINT('',#14817);
#14817 = CARTESIAN_POINT('',(480.,125.,118.));
#14818 = SURFACE_CURVE('',#14819,(#14823,#14835),.PCURVE_S1.);
#14819 = LINE('',#14820,#14821);
#14820 = CARTESIAN_POINT('',(480.,125.,12.));
#14821 = VECTOR('',#14822,1.);
#14822 = DIRECTION('',(0.,0.,1.));
#14823 = PCURVE('',#14824,#14829);
#14824 = PLANE('',#14825);
#14825 = AXIS2_PLACEMENT_3D('',#14826,#14827,#14828);
#14826 = CARTESIAN_POINT('',(480.,125.,12.));
#14827 = DIRECTION('',(1.,0.,-0.));
#14828 = DIRECTION('',(0.,0.,1.));
#14829 = DEFINITIONAL_REPRESENTATION('',(#14830),#14834);
#14830 = LINE('',#14831,#14832);
#14831 = CARTESIAN_POINT('',(0.,0.));
#14832 = VECTOR('',#14833,1.);
#14833 = DIRECTION('',(1.,0.));
#14834 = ( GEOMETRIC_REPRESENTATION_CONTEXT(2) 
PARAMETRIC_REPRESENTATION_CONTEXT() REPRESENTATION_CONTEXT('2D SPACE',''
  ) );
#14835 = PCURVE('',#14716,#14836);
#14836 = DEFINITIONAL_REPRESENTATION('',(#14837),#14841);
#14837 = LINE('',#14838,#14839);
#14838 = CARTESIAN_POINT('',(0.,20.));
#14839 = VECTOR('',#14840,1.);
#14840 = DIRECTION('',(1.,0.));
#14841 = ( GEOMETRIC_REPRESENTATION_CONTEXT(2) 
PARAMETRIC_REPRESENTATION_CONTEXT() REPRESENTATION_CONTEXT('2D SPACE',''
  ) );
#14842 = ORIENTED_EDGE('',*,*,#14843,.T.);
#14843 = EDGE_CURVE('',#14814,#14844,#14846,.T.);
#14844 = VERTEX_POINT('',#14845);
#14845 = CARTESIAN_POINT('',(480.,145.,12.));
#14846 = SURFACE_CURVE('',#14847,(#14851,#14858),.PCURVE_S1.);
#14847 = LINE('',#14848,#14849);
#14848 = CARTESIAN_POINT('',(480.,125.,12.));
#14849 = VECTOR('',#14850,1.);
#14850 = DIRECTION('',(-0.,1.,0.));
#14851 = PCURVE('',#14824,#14852);
#14852 = DEFINITIONAL_REPRESENTATION('',(#14853),#14857);
#14853 = LINE('',#14854,#14855);
#14854 = CARTESIAN_POINT('',(0.,0.));
#14855 = VECTOR('',#14856,1.);
#14856 = DIRECTION('',(0.,-1.));
#14857 = ( GEOMETRIC_REPRESENTATION_CONTEXT(2) 
PARAMETRIC_REPRESENTATION_CONTEXT() REPRESENTATION_CONTEXT('2D SPACE',''
  ) );
#14858 = PCURVE('',#14744,#14859);
#14859 = DEFINITIONAL_REPRESENTATION('',(#14860),#14864);
#14860 = LINE('',#14861,#14862);
#14861 = CARTESIAN_POINT('',(20.,0.));
#14862 = VECTOR('',#14863,1.);
#14863 = DIRECTION('',(0.,1.));
#14864 = ( GEOMETRIC_REPRESENTATION_CONTEXT(2) 
PARAMETRIC_REPRESENTATION_CONTEXT() REPRESENTATION_CONTEXT('2D SPACE',''
  ) );
#14865 = ORIENTED_EDGE('',*,*,#14866,.T.);
#14866 = EDGE_CURVE('',#14844,#14867,#14869,.T.);
#14867 = VERTEX_POINT('',#14868);
#14868 = CARTESIAN_POINT('',(480.,145.,118.));
#14869 = SURFACE_CURVE('',#14870,(#14874,#14881),.PCURVE_S1.);
#14870 = LINE('',#14871,#14872);
#14871 = CARTESIAN_POINT('',(480.,145.,12.));
#14872 = VECTOR('',#14873,1.);
#14873 = DIRECTION('',(0.,0.,1.));
#14874 = PCURVE('',#14824,#14875);
#14875 = DEFINITIONAL_REPRESENTATION('',(#14876),#14880);
#14876 = LINE('',#14877,#14878);
#14877 = CARTESIAN_POINT('',(0.,-20.));
#14878 = VECTOR('',#14879,1.);
#14879 = DIRECTION('',(1.,0.));
#14880 = ( GEOMETRIC_REPRESENTATION_CONTEXT(2) 
PARAMETRIC_REPRESENTATION_CONTEXT() REPRESENTATION_CONTEXT('2D SPACE',''
  ) );
#14881 = PCURVE('',#14772,#14882);
#14882 = DEFINITIONAL_REPRESENTATION('',(#14883),#14887);
#14883 = LINE('',#14884,#14885);
#14884 = CARTESIAN_POINT('',(0.,20.));
#14885 = VECTOR('',#14886,1.);
#14886 = DIRECTION('',(1.,0.));
#14887 = ( GEOMETRIC_REPRESENTATION_CONTEXT(2) 
PARAMETRIC_REPRESENTATION_CONTEXT() REPRESENTATION_CONTEXT('2D SPACE',''
  ) );
#14888 = ORIENTED_EDGE('',*,*,#14889,.F.);
#14889 = EDGE_CURVE('',#14816,#14867,#14890,.T.);
#14890 = SURFACE_CURVE('',#14891,(#14895,#14902),.PCURVE_S1.);
#14891 = LINE('',#14892,#14893);
#14892 = CARTESIAN_POINT('',(480.,125.,118.));
#14893 = VECTOR('',#14894,1.);
#14894 = DIRECTION('',(-0.,1.,0.));
#14895 = PCURVE('',#14824,#14896);
#14896 = DEFINITIONAL_REPRESENTATION('',(#14897),#14901);
#14897 = LINE('',#14898,#14899);
#14898 = CARTESIAN_POINT('',(106.,0.));
#14899 = VECTOR('',#14900,1.);
#14900 = DIRECTION('',(0.,-1.));
#14901 = ( GEOMETRIC_REPRESENTATION_CONTEXT(2) 
PARAMETRIC_REPRESENTATION_CONTEXT() REPRESENTATION_CONTEXT('2D SPACE',''
  ) );
#14902 = PCURVE('',#14798,#14903);
#14903 = DEFINITIONAL_REPRESENTATION('',(#14904),#14908);
#14904 = LINE('',#14905,#14906);
#14905 = CARTESIAN_POINT('',(20.,0.));
#14906 = VECTOR('',#14907,1.);
#14907 = DIRECTION('',(0.,1.));
#14908 = ( GEOMETRIC_REPRESENTATION_CONTEXT(2) 
PARAMETRIC_REPRESENTATION_CONTEXT() REPRESENTATION_CONTEXT('2D SPACE',''
  ) );
#14909 = ADVANCED_FACE('',(#14910),#14716,.F.);
#14910 = FACE_BOUND('',#14911,.F.);
#14911 = EDGE_LOOP('',(#14912,#14933,#14934,#14955));
#14912 = ORIENTED_EDGE('',*,*,#14913,.F.);
#14913 = EDGE_CURVE('',#14694,#14814,#14914,.T.);
#14914 = SURFACE_CURVE('',#14915,(#14919,#14926),.PCURVE_S1.);
#14915 = LINE('',#14916,#14917);
#14916 = CARTESIAN_POINT('',(460.,125.,12.));
#14917 = VECTOR('',#14918,1.);
#14918 = DIRECTION('',(1.,0.,-0.));
#14919 = PCURVE('',#14716,#14920);
#14920 = DEFINITIONAL_REPRESENTATION('',(#14921),#14925);
#14921 = LINE('',#14922,#14923);
#14922 = CARTESIAN_POINT('',(0.,0.));
#14923 = VECTOR('',#14924,1.);
#14924 = DIRECTION('',(0.,1.));
#14925 = ( GEOMETRIC_REPRESENTATION_CONTEXT(2) 
PARAMETRIC_REPRESENTATION_CONTEXT() REPRESENTATION_CONTEXT('2D SPACE',''
  ) );
#14926 = PCURVE('',#14744,#14927);
#14927 = DEFINITIONAL_REPRESENTATION('',(#14928),#14932);
#14928 = LINE('',#14929,#14930);
#14929 = CARTESIAN_POINT('',(0.,0.));
#14930 = VECTOR('',#14931,1.);
#14931 = DIRECTION('',(1.,0.));
#14932 = ( GEOMETRIC_REPRESENTATION_CONTEXT(2) 
PARAMETRIC_REPRESENTATION_CONTEXT() REPRESENTATION_CONTEXT('2D SPACE',''
  ) );
#14933 = ORIENTED_EDGE('',*,*,#14693,.T.);
#14934 = ORIENTED_EDGE('',*,*,#14935,.T.);
#14935 = EDGE_CURVE('',#14696,#14816,#14936,.T.);
#14936 = SURFACE_CURVE('',#14937,(#14941,#14948),.PCURVE_S1.);
#14937 = LINE('',#14938,#14939);
#14938 = CARTESIAN_POINT('',(460.,125.,118.));
#14939 = VECTOR('',#14940,1.);
#14940 = DIRECTION('',(1.,0.,-0.));
#14941 = PCURVE('',#14716,#14942);
#14942 = DEFINITIONAL_REPRESENTATION('',(#14943),#14947);
#14943 = LINE('',#14944,#14945);
#14944 = CARTESIAN_POINT('',(106.,0.));
#14945 = VECTOR('',#14946,1.);
#14946 = DIRECTION('',(0.,1.));
#14947 = ( GEOMETRIC_REPRESENTATION_CONTEXT(2) 
PARAMETRIC_REPRESENTATION_CONTEXT() REPRESENTATION_CONTEXT('2D SPACE',''
  ) );
#14948 = PCURVE('',#14798,#14949);
#14949 = DEFINITIONAL_REPRESENTATION('',(#14950),#14954);
#14950 = LINE('',#14951,#14952);
#14951 = CARTESIAN_POINT('',(0.,0.));
#14952 = VECTOR('',#14953,1.);
#14953 = DIRECTION('',(1.,0.));
#14954 = ( GEOMETRIC_REPRESENTATION_CONTEXT(2) 
PARAMETRIC_REPRESENTATION_CONTEXT() REPRESENTATION_CONTEXT('2D SPACE',''
  ) );
#14955 = ORIENTED_EDGE('',*,*,#14813,.F.);
#14956 = ADVANCED_FACE('',(#14957),#14772,.T.);
#14957 = FACE_BOUND('',#14958,.T.);
#14958 = EDGE_LOOP('',(#14959,#14980,#14981,#15002));
#14959 = ORIENTED_EDGE('',*,*,#14960,.F.);
#14960 = EDGE_CURVE('',#14729,#14844,#14961,.T.);
#14961 = SURFACE_CURVE('',#14962,(#14966,#14973),.PCURVE_S1.);
#14962 = LINE('',#14963,#14964);
#14963 = CARTESIAN_POINT('',(460.,145.,12.));
#14964 = VECTOR('',#14965,1.);
#14965 = DIRECTION('',(1.,0.,-0.));
#14966 = PCURVE('',#14772,#14967);
#14967 = DEFINITIONAL_REPRESENTATION('',(#14968),#14972);
#14968 = LINE('',#14969,#14970);
#14969 = CARTESIAN_POINT('',(0.,0.));
#14970 = VECTOR('',#14971,1.);
#14971 = DIRECTION('',(0.,1.));
#14972 = ( GEOMETRIC_REPRESENTATION_CONTEXT(2) 
PARAMETRIC_REPRESENTATION_CONTEXT() REPRESENTATION_CONTEXT('2D SPACE',''
  ) );
#14973 = PCURVE('',#14744,#14974);
#14974 = DEFINITIONAL_REPRESENTATION('',(#14975),#14979);
#14975 = LINE('',#14976,#14977);
#14976 = CARTESIAN_POINT('',(0.,20.));
#14977 = VECTOR('',#14978,1.);
#14978 = DIRECTION('',(1.,0.));
#14979 = ( GEOMETRIC_REPRESENTATION_CONTEXT(2) 
PARAMETRIC_REPRESENTATION_CONTEXT() REPRESENTATION_CONTEXT('2D SPACE',''
  ) );
#14980 = ORIENTED_EDGE('',*,*,#14756,.T.);
#14981 = ORIENTED_EDGE('',*,*,#14982,.T.);
#14982 = EDGE_CURVE('',#14757,#14867,#14983,.T.);
#14983 = SURFACE_CURVE('',#14984,(#14988,#14995),.PCURVE_S1.);
#14984 = LINE('',#14985,#14986);
#14985 = CARTESIAN_POINT('',(460.,145.,118.));
#14986 = VECTOR('',#14987,1.);
#14987 = DIRECTION('',(1.,0.,-0.));
#14988 = PCURVE('',#14772,#14989);
#14989 = DEFINITIONAL_REPRESENTATION('',(#14990),#14994);
#14990 = LINE('',#14991,#14992);
#14991 = CARTESIAN_POINT('',(106.,0.));
#14992 = VECTOR('',#14993,1.);
#14993 = DIRECTION('',(0.,1.));
#14994 = ( GEOMETRIC_REPRESENTATION_CONTEXT(2) 
PARAMETRIC_REPRESENTATION_CONTEXT() REPRESENTATION_CONTEXT('2D SPACE',''
  ) );
#14995 = PCURVE('',#14798,#14996);
#14996 = DEFINITIONAL_REPRESENTATION('',(#14997),#15001);
#14997 = LINE('',#14998,#14999);
#14998 = CARTESIAN_POINT('',(0.,20.));
#14999 = VECTOR('',#15000,1.);
#15000 = DIRECTION('',(1.,0.));
#15001 = ( GEOMETRIC_REPRESENTATION_CONTEXT(2) 
PARAMETRIC_REPRESENTATION_CONTEXT() REPRESENTATION_CONTEXT('2D SPACE',''
  ) );
#15002 = ORIENTED_EDGE('',*,*,#14866,.F.);
#15003 = ADVANCED_FACE('',(#15004),#14744,.F.);
#15004 = FACE_BOUND('',#15005,.F.);
#15005 = EDGE_LOOP('',(#15006,#15007,#15008,#15009));
#15006 = ORIENTED_EDGE('',*,*,#14728,.F.);
#15007 = ORIENTED_EDGE('',*,*,#14913,.T.);
#15008 = ORIENTED_EDGE('',*,*,#14843,.T.);
#15009 = ORIENTED_EDGE('',*,*,#14960,.F.);
#15010 = ADVANCED_FACE('',(#15011),#14798,.T.);
#15011 = FACE_BOUND('',#15012,.T.);
#15012 = EDGE_LOOP('',(#15013,#15014,#15015,#15016));
#15013 = ORIENTED_EDGE('',*,*,#14784,.F.);
#15014 = ORIENTED_EDGE('',*,*,#14935,.T.);
#15015 = ORIENTED_EDGE('',*,*,#14889,.T.);
#15016 = ORIENTED_EDGE('',*,*,#14982,.F.);
#15017 = MANIFOLD_SOLID_BREP('',#15018);
#15018 = CLOSED_SHELL('',(#15019,#15139,#15239,#15286,#15333,#15340));
#15019 = ADVANCED_FACE('',(#15020),#15034,.F.);
#15020 = FACE_BOUND('',#15021,.F.);
#15021 = EDGE_LOOP('',(#15022,#15057,#15085,#15113));
#15022 = ORIENTED_EDGE('',*,*,#15023,.F.);
#15023 = EDGE_CURVE('',#15024,#15026,#15028,.T.);
#15024 = VERTEX_POINT('',#15025);
#15025 = CARTESIAN_POINT('',(810.,-145.,12.));
#15026 = VERTEX_POINT('',#15027);
#15027 = CARTESIAN_POINT('',(810.,-145.,118.));
#15028 = SURFACE_CURVE('',#15029,(#15033,#15045),.PCURVE_S1.);
#15029 = LINE('',#15030,#15031);
#15030 = CARTESIAN_POINT('',(810.,-145.,12.));
#15031 = VECTOR('',#15032,1.);
#15032 = DIRECTION('',(0.,0.,1.));
#15033 = PCURVE('',#15034,#15039);
#15034 = PLANE('',#15035);
#15035 = AXIS2_PLACEMENT_3D('',#15036,#15037,#15038);
#15036 = CARTESIAN_POINT('',(810.,-145.,12.));
#15037 = DIRECTION('',(1.,0.,-0.));
#15038 = DIRECTION('',(0.,0.,1.));
#15039 = DEFINITIONAL_REPRESENTATION('',(#15040),#15044);
#15040 = LINE('',#15041,#15042);
#15041 = CARTESIAN_POINT('',(0.,0.));
#15042 = VECTOR('',#15043,1.);
#15043 = DIRECTION('',(1.,0.));
#15044 = ( GEOMETRIC_REPRESENTATION_CONTEXT(2) 
PARAMETRIC_REPRESENTATION_CONTEXT() REPRESENTATION_CONTEXT('2D SPACE',''
  ) );
#15045 = PCURVE('',#15046,#15051);
#15046 = PLANE('',#15047);
#15047 = AXIS2_PLACEMENT_3D('',#15048,#15049,#15050);
#15048 = CARTESIAN_POINT('',(810.,-145.,12.));
#15049 = DIRECTION('',(-0.,1.,0.));
#15050 = DIRECTION('',(0.,0.,1.));
#15051 = DEFINITIONAL_REPRESENTATION('',(#15052),#15056);
#15052 = LINE('',#15053,#15054);
#15053 = CARTESIAN_POINT('',(0.,0.));
#15054 = VECTOR('',#15055,1.);
#15055 = DIRECTION('',(1.,0.));
#15056 = ( GEOMETRIC_REPRESENTATION_CONTEXT(2) 
PARAMETRIC_REPRESENTATION_CONTEXT() REPRESENTATION_CONTEXT('2D SPACE',''
  ) );
#15057 = ORIENTED_EDGE('',*,*,#15058,.T.);
#15058 = EDGE_CURVE('',#15024,#15059,#15061,.T.);
#15059 = VERTEX_POINT('',#15060);
#15060 = CARTESIAN_POINT('',(810.,-125.,12.));
#15061 = SURFACE_CURVE('',#15062,(#15066,#15073),.PCURVE_S1.);
#15062 = LINE('',#15063,#15064);
#15063 = CARTESIAN_POINT('',(810.,-145.,12.));
#15064 = VECTOR('',#15065,1.);
#15065 = DIRECTION('',(-0.,1.,0.));
#15066 = PCURVE('',#15034,#15067);
#15067 = DEFINITIONAL_REPRESENTATION('',(#15068),#15072);
#15068 = LINE('',#15069,#15070);
#15069 = CARTESIAN_POINT('',(0.,0.));
#15070 = VECTOR('',#15071,1.);
#15071 = DIRECTION('',(0.,-1.));
#15072 = ( GEOMETRIC_REPRESENTATION_CONTEXT(2) 
PARAMETRIC_REPRESENTATION_CONTEXT() REPRESENTATION_CONTEXT('2D SPACE',''
  ) );
#15073 = PCURVE('',#15074,#15079);
#15074 = PLANE('',#15075);
#15075 = AXIS2_PLACEMENT_3D('',#15076,#15077,#15078);
#15076 = CARTESIAN_POINT('',(810.,-145.,12.));
#15077 = DIRECTION('',(0.,0.,1.));
#15078 = DIRECTION('',(1.,0.,-0.));
#15079 = DEFINITIONAL_REPRESENTATION('',(#15080),#15084);
#15080 = LINE('',#15081,#15082);
#15081 = CARTESIAN_POINT('',(0.,0.));
#15082 = VECTOR('',#15083,1.);
#15083 = DIRECTION('',(0.,1.));
#15084 = ( GEOMETRIC_REPRESENTATION_CONTEXT(2) 
PARAMETRIC_REPRESENTATION_CONTEXT() REPRESENTATION_CONTEXT('2D SPACE',''
  ) );
#15085 = ORIENTED_EDGE('',*,*,#15086,.T.);
#15086 = EDGE_CURVE('',#15059,#15087,#15089,.T.);
#15087 = VERTEX_POINT('',#15088);
#15088 = CARTESIAN_POINT('',(810.,-125.,118.));
#15089 = SURFACE_CURVE('',#15090,(#15094,#15101),.PCURVE_S1.);
#15090 = LINE('',#15091,#15092);
#15091 = CARTESIAN_POINT('',(810.,-125.,12.));
#15092 = VECTOR('',#15093,1.);
#15093 = DIRECTION('',(0.,0.,1.));
#15094 = PCURVE('',#15034,#15095);
#15095 = DEFINITIONAL_REPRESENTATION('',(#15096),#15100);
#15096 = LINE('',#15097,#15098);
#15097 = CARTESIAN_POINT('',(0.,-20.));
#15098 = VECTOR('',#15099,1.);
#15099 = DIRECTION('',(1.,0.));
#15100 = ( GEOMETRIC_REPRESENTATION_CONTEXT(2) 
PARAMETRIC_REPRESENTATION_CONTEXT() REPRESENTATION_CONTEXT('2D SPACE',''
  ) );
#15101 = PCURVE('',#15102,#15107);
#15102 = PLANE('',#15103);
#15103 = AXIS2_PLACEMENT_3D('',#15104,#15105,#15106);
#15104 = CARTESIAN_POINT('',(810.,-125.,12.));
#15105 = DIRECTION('',(-0.,1.,0.));
#15106 = DIRECTION('',(0.,0.,1.));
#15107 = DEFINITIONAL_REPRESENTATION('',(#15108),#15112);
#15108 = LINE('',#15109,#15110);
#15109 = CARTESIAN_POINT('',(0.,0.));
#15110 = VECTOR('',#15111,1.);
#15111 = DIRECTION('',(1.,0.));
#15112 = ( GEOMETRIC_REPRESENTATION_CONTEXT(2) 
PARAMETRIC_REPRESENTATION_CONTEXT() REPRESENTATION_CONTEXT('2D SPACE',''
  ) );
#15113 = ORIENTED_EDGE('',*,*,#15114,.F.);
#15114 = EDGE_CURVE('',#15026,#15087,#15115,.T.);
#15115 = SURFACE_CURVE('',#15116,(#15120,#15127),.PCURVE_S1.);
#15116 = LINE('',#15117,#15118);
#15117 = CARTESIAN_POINT('',(810.,-145.,118.));
#15118 = VECTOR('',#15119,1.);
#15119 = DIRECTION('',(-0.,1.,0.));
#15120 = PCURVE('',#15034,#15121);
#15121 = DEFINITIONAL_REPRESENTATION('',(#15122),#15126);
#15122 = LINE('',#15123,#15124);
#15123 = CARTESIAN_POINT('',(106.,0.));
#15124 = VECTOR('',#15125,1.);
#15125 = DIRECTION('',(0.,-1.));
#15126 = ( GEOMETRIC_REPRESENTATION_CONTEXT(2) 
PARAMETRIC_REPRESENTATION_CONTEXT() REPRESENTATION_CONTEXT('2D SPACE',''
  ) );
#15127 = PCURVE('',#15128,#15133);
#15128 = PLANE('',#15129);
#15129 = AXIS2_PLACEMENT_3D('',#15130,#15131,#15132);
#15130 = CARTESIAN_POINT('',(810.,-145.,118.));
#15131 = DIRECTION('',(0.,0.,1.));
#15132 = DIRECTION('',(1.,0.,-0.));
#15133 = DEFINITIONAL_REPRESENTATION('',(#15134),#15138);
#15134 = LINE('',#15135,#15136);
#15135 = CARTESIAN_POINT('',(0.,0.));
#15136 = VECTOR('',#15137,1.);
#15137 = DIRECTION('',(0.,1.));
#15138 = ( GEOMETRIC_REPRESENTATION_CONTEXT(2) 
PARAMETRIC_REPRESENTATION_CONTEXT() REPRESENTATION_CONTEXT('2D SPACE',''
  ) );
#15139 = ADVANCED_FACE('',(#15140),#15154,.T.);
#15140 = FACE_BOUND('',#15141,.T.);
#15141 = EDGE_LOOP('',(#15142,#15172,#15195,#15218));
#15142 = ORIENTED_EDGE('',*,*,#15143,.F.);
#15143 = EDGE_CURVE('',#15144,#15146,#15148,.T.);
#15144 = VERTEX_POINT('',#15145);
#15145 = CARTESIAN_POINT('',(830.,-145.,12.));
#15146 = VERTEX_POINT('',#15147);
#15147 = CARTESIAN_POINT('',(830.,-145.,118.));
#15148 = SURFACE_CURVE('',#15149,(#15153,#15165),.PCURVE_S1.);
#15149 = LINE('',#15150,#15151);
#15150 = CARTESIAN_POINT('',(830.,-145.,12.));
#15151 = VECTOR('',#15152,1.);
#15152 = DIRECTION('',(0.,0.,1.));
#15153 = PCURVE('',#15154,#15159);
#15154 = PLANE('',#15155);
#15155 = AXIS2_PLACEMENT_3D('',#15156,#15157,#15158);
#15156 = CARTESIAN_POINT('',(830.,-145.,12.));
#15157 = DIRECTION('',(1.,0.,-0.));
#15158 = DIRECTION('',(0.,0.,1.));
#15159 = DEFINITIONAL_REPRESENTATION('',(#15160),#15164);
#15160 = LINE('',#15161,#15162);
#15161 = CARTESIAN_POINT('',(0.,0.));
#15162 = VECTOR('',#15163,1.);
#15163 = DIRECTION('',(1.,0.));
#15164 = ( GEOMETRIC_REPRESENTATION_CONTEXT(2) 
PARAMETRIC_REPRESENTATION_CONTEXT() REPRESENTATION_CONTEXT('2D SPACE',''
  ) );
#15165 = PCURVE('',#15046,#15166);
#15166 = DEFINITIONAL_REPRESENTATION('',(#15167),#15171);
#15167 = LINE('',#15168,#15169);
#15168 = CARTESIAN_POINT('',(0.,20.));
#15169 = VECTOR('',#15170,1.);
#15170 = DIRECTION('',(1.,0.));
#15171 = ( GEOMETRIC_REPRESENTATION_CONTEXT(2) 
PARAMETRIC_REPRESENTATION_CONTEXT() REPRESENTATION_CONTEXT('2D SPACE',''
  ) );
#15172 = ORIENTED_EDGE('',*,*,#15173,.T.);
#15173 = EDGE_CURVE('',#15144,#15174,#15176,.T.);
#15174 = VERTEX_POINT('',#15175);
#15175 = CARTESIAN_POINT('',(830.,-125.,12.));
#15176 = SURFACE_CURVE('',#15177,(#15181,#15188),.PCURVE_S1.);
#15177 = LINE('',#15178,#15179);
#15178 = CARTESIAN_POINT('',(830.,-145.,12.));
#15179 = VECTOR('',#15180,1.);
#15180 = DIRECTION('',(-0.,1.,0.));
#15181 = PCURVE('',#15154,#15182);
#15182 = DEFINITIONAL_REPRESENTATION('',(#15183),#15187);
#15183 = LINE('',#15184,#15185);
#15184 = CARTESIAN_POINT('',(0.,0.));
#15185 = VECTOR('',#15186,1.);
#15186 = DIRECTION('',(0.,-1.));
#15187 = ( GEOMETRIC_REPRESENTATION_CONTEXT(2) 
PARAMETRIC_REPRESENTATION_CONTEXT() REPRESENTATION_CONTEXT('2D SPACE',''
  ) );
#15188 = PCURVE('',#15074,#15189);
#15189 = DEFINITIONAL_REPRESENTATION('',(#15190),#15194);
#15190 = LINE('',#15191,#15192);
#15191 = CARTESIAN_POINT('',(20.,0.));
#15192 = VECTOR('',#15193,1.);
#15193 = DIRECTION('',(0.,1.));
#15194 = ( GEOMETRIC_REPRESENTATION_CONTEXT(2) 
PARAMETRIC_REPRESENTATION_CONTEXT() REPRESENTATION_CONTEXT('2D SPACE',''
  ) );
#15195 = ORIENTED_EDGE('',*,*,#15196,.T.);
#15196 = EDGE_CURVE('',#15174,#15197,#15199,.T.);
#15197 = VERTEX_POINT('',#15198);
#15198 = CARTESIAN_POINT('',(830.,-125.,118.));
#15199 = SURFACE_CURVE('',#15200,(#15204,#15211),.PCURVE_S1.);
#15200 = LINE('',#15201,#15202);
#15201 = CARTESIAN_POINT('',(830.,-125.,12.));
#15202 = VECTOR('',#15203,1.);
#15203 = DIRECTION('',(0.,0.,1.));
#15204 = PCURVE('',#15154,#15205);
#15205 = DEFINITIONAL_REPRESENTATION('',(#15206),#15210);
#15206 = LINE('',#15207,#15208);
#15207 = CARTESIAN_POINT('',(0.,-20.));
#15208 = VECTOR('',#15209,1.);
#15209 = DIRECTION('',(1.,0.));
#15210 = ( GEOMETRIC_REPRESENTATION_CONTEXT(2) 
PARAMETRIC_REPRESENTATION_CONTEXT() REPRESENTATION_CONTEXT('2D SPACE',''
  ) );
#15211 = PCURVE('',#15102,#15212);
#15212 = DEFINITIONAL_REPRESENTATION('',(#15213),#15217);
#15213 = LINE('',#15214,#15215);
#15214 = CARTESIAN_POINT('',(0.,20.));
#15215 = VECTOR('',#15216,1.);
#15216 = DIRECTION('',(1.,0.));
#15217 = ( GEOMETRIC_REPRESENTATION_CONTEXT(2) 
PARAMETRIC_REPRESENTATION_CONTEXT() REPRESENTATION_CONTEXT('2D SPACE',''
  ) );
#15218 = ORIENTED_EDGE('',*,*,#15219,.F.);
#15219 = EDGE_CURVE('',#15146,#15197,#15220,.T.);
#15220 = SURFACE_CURVE('',#15221,(#15225,#15232),.PCURVE_S1.);
#15221 = LINE('',#15222,#15223);
#15222 = CARTESIAN_POINT('',(830.,-145.,118.));
#15223 = VECTOR('',#15224,1.);
#15224 = DIRECTION('',(-0.,1.,0.));
#15225 = PCURVE('',#15154,#15226);
#15226 = DEFINITIONAL_REPRESENTATION('',(#15227),#15231);
#15227 = LINE('',#15228,#15229);
#15228 = CARTESIAN_POINT('',(106.,0.));
#15229 = VECTOR('',#15230,1.);
#15230 = DIRECTION('',(0.,-1.));
#15231 = ( GEOMETRIC_REPRESENTATION_CONTEXT(2) 
PARAMETRIC_REPRESENTATION_CONTEXT() REPRESENTATION_CONTEXT('2D SPACE',''
  ) );
#15232 = PCURVE('',#15128,#15233);
#15233 = DEFINITIONAL_REPRESENTATION('',(#15234),#15238);
#15234 = LINE('',#15235,#15236);
#15235 = CARTESIAN_POINT('',(20.,0.));
#15236 = VECTOR('',#15237,1.);
#15237 = DIRECTION('',(0.,1.));
#15238 = ( GEOMETRIC_REPRESENTATION_CONTEXT(2) 
PARAMETRIC_REPRESENTATION_CONTEXT() REPRESENTATION_CONTEXT('2D SPACE',''
  ) );
#15239 = ADVANCED_FACE('',(#15240),#15046,.F.);
#15240 = FACE_BOUND('',#15241,.F.);
#15241 = EDGE_LOOP('',(#15242,#15263,#15264,#15285));
#15242 = ORIENTED_EDGE('',*,*,#15243,.F.);
#15243 = EDGE_CURVE('',#15024,#15144,#15244,.T.);
#15244 = SURFACE_CURVE('',#15245,(#15249,#15256),.PCURVE_S1.);
#15245 = LINE('',#15246,#15247);
#15246 = CARTESIAN_POINT('',(810.,-145.,12.));
#15247 = VECTOR('',#15248,1.);
#15248 = DIRECTION('',(1.,0.,-0.));
#15249 = PCURVE('',#15046,#15250);
#15250 = DEFINITIONAL_REPRESENTATION('',(#15251),#15255);
#15251 = LINE('',#15252,#15253);
#15252 = CARTESIAN_POINT('',(0.,0.));
#15253 = VECTOR('',#15254,1.);
#15254 = DIRECTION('',(0.,1.));
#15255 = ( GEOMETRIC_REPRESENTATION_CONTEXT(2) 
PARAMETRIC_REPRESENTATION_CONTEXT() REPRESENTATION_CONTEXT('2D SPACE',''
  ) );
#15256 = PCURVE('',#15074,#15257);
#15257 = DEFINITIONAL_REPRESENTATION('',(#15258),#15262);
#15258 = LINE('',#15259,#15260);
#15259 = CARTESIAN_POINT('',(0.,0.));
#15260 = VECTOR('',#15261,1.);
#15261 = DIRECTION('',(1.,0.));
#15262 = ( GEOMETRIC_REPRESENTATION_CONTEXT(2) 
PARAMETRIC_REPRESENTATION_CONTEXT() REPRESENTATION_CONTEXT('2D SPACE',''
  ) );
#15263 = ORIENTED_EDGE('',*,*,#15023,.T.);
#15264 = ORIENTED_EDGE('',*,*,#15265,.T.);
#15265 = EDGE_CURVE('',#15026,#15146,#15266,.T.);
#15266 = SURFACE_CURVE('',#15267,(#15271,#15278),.PCURVE_S1.);
#15267 = LINE('',#15268,#15269);
#15268 = CARTESIAN_POINT('',(810.,-145.,118.));
#15269 = VECTOR('',#15270,1.);
#15270 = DIRECTION('',(1.,0.,-0.));
#15271 = PCURVE('',#15046,#15272);
#15272 = DEFINITIONAL_REPRESENTATION('',(#15273),#15277);
#15273 = LINE('',#15274,#15275);
#15274 = CARTESIAN_POINT('',(106.,0.));
#15275 = VECTOR('',#15276,1.);
#15276 = DIRECTION('',(0.,1.));
#15277 = ( GEOMETRIC_REPRESENTATION_CONTEXT(2) 
PARAMETRIC_REPRESENTATION_CONTEXT() REPRESENTATION_CONTEXT('2D SPACE',''
  ) );
#15278 = PCURVE('',#15128,#15279);
#15279 = DEFINITIONAL_REPRESENTATION('',(#15280),#15284);
#15280 = LINE('',#15281,#15282);
#15281 = CARTESIAN_POINT('',(0.,0.));
#15282 = VECTOR('',#15283,1.);
#15283 = DIRECTION('',(1.,0.));
#15284 = ( GEOMETRIC_REPRESENTATION_CONTEXT(2) 
PARAMETRIC_REPRESENTATION_CONTEXT() REPRESENTATION_CONTEXT('2D SPACE',''
  ) );
#15285 = ORIENTED_EDGE('',*,*,#15143,.F.);
#15286 = ADVANCED_FACE('',(#15287),#15102,.T.);
#15287 = FACE_BOUND('',#15288,.T.);
#15288 = EDGE_LOOP('',(#15289,#15310,#15311,#15332));
#15289 = ORIENTED_EDGE('',*,*,#15290,.F.);
#15290 = EDGE_CURVE('',#15059,#15174,#15291,.T.);
#15291 = SURFACE_CURVE('',#15292,(#15296,#15303),.PCURVE_S1.);
#15292 = LINE('',#15293,#15294);
#15293 = CARTESIAN_POINT('',(810.,-125.,12.));
#15294 = VECTOR('',#15295,1.);
#15295 = DIRECTION('',(1.,0.,-0.));
#15296 = PCURVE('',#15102,#15297);
#15297 = DEFINITIONAL_REPRESENTATION('',(#15298),#15302);
#15298 = LINE('',#15299,#15300);
#15299 = CARTESIAN_POINT('',(0.,0.));
#15300 = VECTOR('',#15301,1.);
#15301 = DIRECTION('',(0.,1.));
#15302 = ( GEOMETRIC_REPRESENTATION_CONTEXT(2) 
PARAMETRIC_REPRESENTATION_CONTEXT() REPRESENTATION_CONTEXT('2D SPACE',''
  ) );
#15303 = PCURVE('',#15074,#15304);
#15304 = DEFINITIONAL_REPRESENTATION('',(#15305),#15309);
#15305 = LINE('',#15306,#15307);
#15306 = CARTESIAN_POINT('',(0.,20.));
#15307 = VECTOR('',#15308,1.);
#15308 = DIRECTION('',(1.,0.));
#15309 = ( GEOMETRIC_REPRESENTATION_CONTEXT(2) 
PARAMETRIC_REPRESENTATION_CONTEXT() REPRESENTATION_CONTEXT('2D SPACE',''
  ) );
#15310 = ORIENTED_EDGE('',*,*,#15086,.T.);
#15311 = ORIENTED_EDGE('',*,*,#15312,.T.);
#15312 = EDGE_CURVE('',#15087,#15197,#15313,.T.);
#15313 = SURFACE_CURVE('',#15314,(#15318,#15325),.PCURVE_S1.);
#15314 = LINE('',#15315,#15316);
#15315 = CARTESIAN_POINT('',(810.,-125.,118.));
#15316 = VECTOR('',#15317,1.);
#15317 = DIRECTION('',(1.,0.,-0.));
#15318 = PCURVE('',#15102,#15319);
#15319 = DEFINITIONAL_REPRESENTATION('',(#15320),#15324);
#15320 = LINE('',#15321,#15322);
#15321 = CARTESIAN_POINT('',(106.,0.));
#15322 = VECTOR('',#15323,1.);
#15323 = DIRECTION('',(0.,1.));
#15324 = ( GEOMETRIC_REPRESENTATION_CONTEXT(2) 
PARAMETRIC_REPRESENTATION_CONTEXT() REPRESENTATION_CONTEXT('2D SPACE',''
  ) );
#15325 = PCURVE('',#15128,#15326);
#15326 = DEFINITIONAL_REPRESENTATION('',(#15327),#15331);
#15327 = LINE('',#15328,#15329);
#15328 = CARTESIAN_POINT('',(0.,20.));
#15329 = VECTOR('',#15330,1.);
#15330 = DIRECTION('',(1.,0.));
#15331 = ( GEOMETRIC_REPRESENTATION_CONTEXT(2) 
PARAMETRIC_REPRESENTATION_CONTEXT() REPRESENTATION_CONTEXT('2D SPACE',''
  ) );
#15332 = ORIENTED_EDGE('',*,*,#15196,.F.);
#15333 = ADVANCED_FACE('',(#15334),#15074,.F.);
#15334 = FACE_BOUND('',#15335,.F.);
#15335 = EDGE_LOOP('',(#15336,#15337,#15338,#15339));
#15336 = ORIENTED_EDGE('',*,*,#15058,.F.);
#15337 = ORIENTED_EDGE('',*,*,#15243,.T.);
#15338 = ORIENTED_EDGE('',*,*,#15173,.T.);
#15339 = ORIENTED_EDGE('',*,*,#15290,.F.);
#15340 = ADVANCED_FACE('',(#15341),#15128,.T.);
#15341 = FACE_BOUND('',#15342,.T.);
#15342 = EDGE_LOOP('',(#15343,#15344,#15345,#15346));
#15343 = ORIENTED_EDGE('',*,*,#15114,.F.);
#15344 = ORIENTED_EDGE('',*,*,#15265,.T.);
#15345 = ORIENTED_EDGE('',*,*,#15219,.T.);
#15346 = ORIENTED_EDGE('',*,*,#15312,.F.);
#15347 = MANIFOLD_SOLID_BREP('',#15348);
#15348 = CLOSED_SHELL('',(#15349,#15469,#15569,#15616,#15663,#15670));
#15349 = ADVANCED_FACE('',(#15350),#15364,.F.);
#15350 = FACE_BOUND('',#15351,.F.);
#15351 = EDGE_LOOP('',(#15352,#15387,#15415,#15443));
#15352 = ORIENTED_EDGE('',*,*,#15353,.F.);
#15353 = EDGE_CURVE('',#15354,#15356,#15358,.T.);
#15354 = VERTEX_POINT('',#15355);
#15355 = CARTESIAN_POINT('',(810.,125.,12.));
#15356 = VERTEX_POINT('',#15357);
#15357 = CARTESIAN_POINT('',(810.,125.,118.));
#15358 = SURFACE_CURVE('',#15359,(#15363,#15375),.PCURVE_S1.);
#15359 = LINE('',#15360,#15361);
#15360 = CARTESIAN_POINT('',(810.,125.,12.));
#15361 = VECTOR('',#15362,1.);
#15362 = DIRECTION('',(0.,0.,1.));
#15363 = PCURVE('',#15364,#15369);
#15364 = PLANE('',#15365);
#15365 = AXIS2_PLACEMENT_3D('',#15366,#15367,#15368);
#15366 = CARTESIAN_POINT('',(810.,125.,12.));
#15367 = DIRECTION('',(1.,0.,-0.));
#15368 = DIRECTION('',(0.,0.,1.));
#15369 = DEFINITIONAL_REPRESENTATION('',(#15370),#15374);
#15370 = LINE('',#15371,#15372);
#15371 = CARTESIAN_POINT('',(0.,0.));
#15372 = VECTOR('',#15373,1.);
#15373 = DIRECTION('',(1.,0.));
#15374 = ( GEOMETRIC_REPRESENTATION_CONTEXT(2) 
PARAMETRIC_REPRESENTATION_CONTEXT() REPRESENTATION_CONTEXT('2D SPACE',''
  ) );
#15375 = PCURVE('',#15376,#15381);
#15376 = PLANE('',#15377);
#15377 = AXIS2_PLACEMENT_3D('',#15378,#15379,#15380);
#15378 = CARTESIAN_POINT('',(810.,125.,12.));
#15379 = DIRECTION('',(-0.,1.,0.));
#15380 = DIRECTION('',(0.,0.,1.));
#15381 = DEFINITIONAL_REPRESENTATION('',(#15382),#15386);
#15382 = LINE('',#15383,#15384);
#15383 = CARTESIAN_POINT('',(0.,0.));
#15384 = VECTOR('',#15385,1.);
#15385 = DIRECTION('',(1.,0.));
#15386 = ( GEOMETRIC_REPRESENTATION_CONTEXT(2) 
PARAMETRIC_REPRESENTATION_CONTEXT() REPRESENTATION_CONTEXT('2D SPACE',''
  ) );
#15387 = ORIENTED_EDGE('',*,*,#15388,.T.);
#15388 = EDGE_CURVE('',#15354,#15389,#15391,.T.);
#15389 = VERTEX_POINT('',#15390);
#15390 = CARTESIAN_POINT('',(810.,145.,12.));
#15391 = SURFACE_CURVE('',#15392,(#15396,#15403),.PCURVE_S1.);
#15392 = LINE('',#15393,#15394);
#15393 = CARTESIAN_POINT('',(810.,125.,12.));
#15394 = VECTOR('',#15395,1.);
#15395 = DIRECTION('',(-0.,1.,0.));
#15396 = PCURVE('',#15364,#15397);
#15397 = DEFINITIONAL_REPRESENTATION('',(#15398),#15402);
#15398 = LINE('',#15399,#15400);
#15399 = CARTESIAN_POINT('',(0.,0.));
#15400 = VECTOR('',#15401,1.);
#15401 = DIRECTION('',(0.,-1.));
#15402 = ( GEOMETRIC_REPRESENTATION_CONTEXT(2) 
PARAMETRIC_REPRESENTATION_CONTEXT() REPRESENTATION_CONTEXT('2D SPACE',''
  ) );
#15403 = PCURVE('',#15404,#15409);
#15404 = PLANE('',#15405);
#15405 = AXIS2_PLACEMENT_3D('',#15406,#15407,#15408);
#15406 = CARTESIAN_POINT('',(810.,125.,12.));
#15407 = DIRECTION('',(0.,0.,1.));
#15408 = DIRECTION('',(1.,0.,-0.));
#15409 = DEFINITIONAL_REPRESENTATION('',(#15410),#15414);
#15410 = LINE('',#15411,#15412);
#15411 = CARTESIAN_POINT('',(0.,0.));
#15412 = VECTOR('',#15413,1.);
#15413 = DIRECTION('',(0.,1.));
#15414 = ( GEOMETRIC_REPRESENTATION_CONTEXT(2) 
PARAMETRIC_REPRESENTATION_CONTEXT() REPRESENTATION_CONTEXT('2D SPACE',''
  ) );
#15415 = ORIENTED_EDGE('',*,*,#15416,.T.);
#15416 = EDGE_CURVE('',#15389,#15417,#15419,.T.);
#15417 = VERTEX_POINT('',#15418);
#15418 = CARTESIAN_POINT('',(810.,145.,118.));
#15419 = SURFACE_CURVE('',#15420,(#15424,#15431),.PCURVE_S1.);
#15420 = LINE('',#15421,#15422);
#15421 = CARTESIAN_POINT('',(810.,145.,12.));
#15422 = VECTOR('',#15423,1.);
#15423 = DIRECTION('',(0.,0.,1.));
#15424 = PCURVE('',#15364,#15425);
#15425 = DEFINITIONAL_REPRESENTATION('',(#15426),#15430);
#15426 = LINE('',#15427,#15428);
#15427 = CARTESIAN_POINT('',(0.,-20.));
#15428 = VECTOR('',#15429,1.);
#15429 = DIRECTION('',(1.,0.));
#15430 = ( GEOMETRIC_REPRESENTATION_CONTEXT(2) 
PARAMETRIC_REPRESENTATION_CONTEXT() REPRESENTATION_CONTEXT('2D SPACE',''
  ) );
#15431 = PCURVE('',#15432,#15437);
#15432 = PLANE('',#15433);
#15433 = AXIS2_PLACEMENT_3D('',#15434,#15435,#15436);
#15434 = CARTESIAN_POINT('',(810.,145.,12.));
#15435 = DIRECTION('',(-0.,1.,0.));
#15436 = DIRECTION('',(0.,0.,1.));
#15437 = DEFINITIONAL_REPRESENTATION('',(#15438),#15442);
#15438 = LINE('',#15439,#15440);
#15439 = CARTESIAN_POINT('',(0.,0.));
#15440 = VECTOR('',#15441,1.);
#15441 = DIRECTION('',(1.,0.));
#15442 = ( GEOMETRIC_REPRESENTATION_CONTEXT(2) 
PARAMETRIC_REPRESENTATION_CONTEXT() REPRESENTATION_CONTEXT('2D SPACE',''
  ) );
#15443 = ORIENTED_EDGE('',*,*,#15444,.F.);
#15444 = EDGE_CURVE('',#15356,#15417,#15445,.T.);
#15445 = SURFACE_CURVE('',#15446,(#15450,#15457),.PCURVE_S1.);
#15446 = LINE('',#15447,#15448);
#15447 = CARTESIAN_POINT('',(810.,125.,118.));
#15448 = VECTOR('',#15449,1.);
#15449 = DIRECTION('',(-0.,1.,0.));
#15450 = PCURVE('',#15364,#15451);
#15451 = DEFINITIONAL_REPRESENTATION('',(#15452),#15456);
#15452 = LINE('',#15453,#15454);
#15453 = CARTESIAN_POINT('',(106.,0.));
#15454 = VECTOR('',#15455,1.);
#15455 = DIRECTION('',(0.,-1.));
#15456 = ( GEOMETRIC_REPRESENTATION_CONTEXT(2) 
PARAMETRIC_REPRESENTATION_CONTEXT() REPRESENTATION_CONTEXT('2D SPACE',''
  ) );
#15457 = PCURVE('',#15458,#15463);
#15458 = PLANE('',#15459);
#15459 = AXIS2_PLACEMENT_3D('',#15460,#15461,#15462);
#15460 = CARTESIAN_POINT('',(810.,125.,118.));
#15461 = DIRECTION('',(0.,0.,1.));
#15462 = DIRECTION('',(1.,0.,-0.));
#15463 = DEFINITIONAL_REPRESENTATION('',(#15464),#15468);
#15464 = LINE('',#15465,#15466);
#15465 = CARTESIAN_POINT('',(0.,0.));
#15466 = VECTOR('',#15467,1.);
#15467 = DIRECTION('',(0.,1.));
#15468 = ( GEOMETRIC_REPRESENTATION_CONTEXT(2) 
PARAMETRIC_REPRESENTATION_CONTEXT() REPRESENTATION_CONTEXT('2D SPACE',''
  ) );
#15469 = ADVANCED_FACE('',(#15470),#15484,.T.);
#15470 = FACE_BOUND('',#15471,.T.);
#15471 = EDGE_LOOP('',(#15472,#15502,#15525,#15548));
#15472 = ORIENTED_EDGE('',*,*,#15473,.F.);
#15473 = EDGE_CURVE('',#15474,#15476,#15478,.T.);
#15474 = VERTEX_POINT('',#15475);
#15475 = CARTESIAN_POINT('',(830.,125.,12.));
#15476 = VERTEX_POINT('',#15477);
#15477 = CARTESIAN_POINT('',(830.,125.,118.));
#15478 = SURFACE_CURVE('',#15479,(#15483,#15495),.PCURVE_S1.);
#15479 = LINE('',#15480,#15481);
#15480 = CARTESIAN_POINT('',(830.,125.,12.));
#15481 = VECTOR('',#15482,1.);
#15482 = DIRECTION('',(0.,0.,1.));
#15483 = PCURVE('',#15484,#15489);
#15484 = PLANE('',#15485);
#15485 = AXIS2_PLACEMENT_3D('',#15486,#15487,#15488);
#15486 = CARTESIAN_POINT('',(830.,125.,12.));
#15487 = DIRECTION('',(1.,0.,-0.));
#15488 = DIRECTION('',(0.,0.,1.));
#15489 = DEFINITIONAL_REPRESENTATION('',(#15490),#15494);
#15490 = LINE('',#15491,#15492);
#15491 = CARTESIAN_POINT('',(0.,0.));
#15492 = VECTOR('',#15493,1.);
#15493 = DIRECTION('',(1.,0.));
#15494 = ( GEOMETRIC_REPRESENTATION_CONTEXT(2) 
PARAMETRIC_REPRESENTATION_CONTEXT() REPRESENTATION_CONTEXT('2D SPACE',''
  ) );
#15495 = PCURVE('',#15376,#15496);
#15496 = DEFINITIONAL_REPRESENTATION('',(#15497),#15501);
#15497 = LINE('',#15498,#15499);
#15498 = CARTESIAN_POINT('',(0.,20.));
#15499 = VECTOR('',#15500,1.);
#15500 = DIRECTION('',(1.,0.));
#15501 = ( GEOMETRIC_REPRESENTATION_CONTEXT(2) 
PARAMETRIC_REPRESENTATION_CONTEXT() REPRESENTATION_CONTEXT('2D SPACE',''
  ) );
#15502 = ORIENTED_EDGE('',*,*,#15503,.T.);
#15503 = EDGE_CURVE('',#15474,#15504,#15506,.T.);
#15504 = VERTEX_POINT('',#15505);
#15505 = CARTESIAN_POINT('',(830.,145.,12.));
#15506 = SURFACE_CURVE('',#15507,(#15511,#15518),.PCURVE_S1.);
#15507 = LINE('',#15508,#15509);
#15508 = CARTESIAN_POINT('',(830.,125.,12.));
#15509 = VECTOR('',#15510,1.);
#15510 = DIRECTION('',(-0.,1.,0.));
#15511 = PCURVE('',#15484,#15512);
#15512 = DEFINITIONAL_REPRESENTATION('',(#15513),#15517);
#15513 = LINE('',#15514,#15515);
#15514 = CARTESIAN_POINT('',(0.,0.));
#15515 = VECTOR('',#15516,1.);
#15516 = DIRECTION('',(0.,-1.));
#15517 = ( GEOMETRIC_REPRESENTATION_CONTEXT(2) 
PARAMETRIC_REPRESENTATION_CONTEXT() REPRESENTATION_CONTEXT('2D SPACE',''
  ) );
#15518 = PCURVE('',#15404,#15519);
#15519 = DEFINITIONAL_REPRESENTATION('',(#15520),#15524);
#15520 = LINE('',#15521,#15522);
#15521 = CARTESIAN_POINT('',(20.,0.));
#15522 = VECTOR('',#15523,1.);
#15523 = DIRECTION('',(0.,1.));
#15524 = ( GEOMETRIC_REPRESENTATION_CONTEXT(2) 
PARAMETRIC_REPRESENTATION_CONTEXT() REPRESENTATION_CONTEXT('2D SPACE',''
  ) );
#15525 = ORIENTED_EDGE('',*,*,#15526,.T.);
#15526 = EDGE_CURVE('',#15504,#15527,#15529,.T.);
#15527 = VERTEX_POINT('',#15528);
#15528 = CARTESIAN_POINT('',(830.,145.,118.));
#15529 = SURFACE_CURVE('',#15530,(#15534,#15541),.PCURVE_S1.);
#15530 = LINE('',#15531,#15532);
#15531 = CARTESIAN_POINT('',(830.,145.,12.));
#15532 = VECTOR('',#15533,1.);
#15533 = DIRECTION('',(0.,0.,1.));
#15534 = PCURVE('',#15484,#15535);
#15535 = DEFINITIONAL_REPRESENTATION('',(#15536),#15540);
#15536 = LINE('',#15537,#15538);
#15537 = CARTESIAN_POINT('',(0.,-20.));
#15538 = VECTOR('',#15539,1.);
#15539 = DIRECTION('',(1.,0.));
#15540 = ( GEOMETRIC_REPRESENTATION_CONTEXT(2) 
PARAMETRIC_REPRESENTATION_CONTEXT() REPRESENTATION_CONTEXT('2D SPACE',''
  ) );
#15541 = PCURVE('',#15432,#15542);
#15542 = DEFINITIONAL_REPRESENTATION('',(#15543),#15547);
#15543 = LINE('',#15544,#15545);
#15544 = CARTESIAN_POINT('',(0.,20.));
#15545 = VECTOR('',#15546,1.);
#15546 = DIRECTION('',(1.,0.));
#15547 = ( GEOMETRIC_REPRESENTATION_CONTEXT(2) 
PARAMETRIC_REPRESENTATION_CONTEXT() REPRESENTATION_CONTEXT('2D SPACE',''
  ) );
#15548 = ORIENTED_EDGE('',*,*,#15549,.F.);
#15549 = EDGE_CURVE('',#15476,#15527,#15550,.T.);
#15550 = SURFACE_CURVE('',#15551,(#15555,#15562),.PCURVE_S1.);
#15551 = LINE('',#15552,#15553);
#15552 = CARTESIAN_POINT('',(830.,125.,118.));
#15553 = VECTOR('',#15554,1.);
#15554 = DIRECTION('',(-0.,1.,0.));
#15555 = PCURVE('',#15484,#15556);
#15556 = DEFINITIONAL_REPRESENTATION('',(#15557),#15561);
#15557 = LINE('',#15558,#15559);
#15558 = CARTESIAN_POINT('',(106.,0.));
#15559 = VECTOR('',#15560,1.);
#15560 = DIRECTION('',(0.,-1.));
#15561 = ( GEOMETRIC_REPRESENTATION_CONTEXT(2) 
PARAMETRIC_REPRESENTATION_CONTEXT() REPRESENTATION_CONTEXT('2D SPACE',''
  ) );
#15562 = PCURVE('',#15458,#15563);
#15563 = DEFINITIONAL_REPRESENTATION('',(#15564),#15568);
#15564 = LINE('',#15565,#15566);
#15565 = CARTESIAN_POINT('',(20.,0.));
#15566 = VECTOR('',#15567,1.);
#15567 = DIRECTION('',(0.,1.));
#15568 = ( GEOMETRIC_REPRESENTATION_CONTEXT(2) 
PARAMETRIC_REPRESENTATION_CONTEXT() REPRESENTATION_CONTEXT('2D SPACE',''
  ) );
#15569 = ADVANCED_FACE('',(#15570),#15376,.F.);
#15570 = FACE_BOUND('',#15571,.F.);
#15571 = EDGE_LOOP('',(#15572,#15593,#15594,#15615));
#15572 = ORIENTED_EDGE('',*,*,#15573,.F.);
#15573 = EDGE_CURVE('',#15354,#15474,#15574,.T.);
#15574 = SURFACE_CURVE('',#15575,(#15579,#15586),.PCURVE_S1.);
#15575 = LINE('',#15576,#15577);
#15576 = CARTESIAN_POINT('',(810.,125.,12.));
#15577 = VECTOR('',#15578,1.);
#15578 = DIRECTION('',(1.,0.,-0.));
#15579 = PCURVE('',#15376,#15580);
#15580 = DEFINITIONAL_REPRESENTATION('',(#15581),#15585);
#15581 = LINE('',#15582,#15583);
#15582 = CARTESIAN_POINT('',(0.,0.));
#15583 = VECTOR('',#15584,1.);
#15584 = DIRECTION('',(0.,1.));
#15585 = ( GEOMETRIC_REPRESENTATION_CONTEXT(2) 
PARAMETRIC_REPRESENTATION_CONTEXT() REPRESENTATION_CONTEXT('2D SPACE',''
  ) );
#15586 = PCURVE('',#15404,#15587);
#15587 = DEFINITIONAL_REPRESENTATION('',(#15588),#15592);
#15588 = LINE('',#15589,#15590);
#15589 = CARTESIAN_POINT('',(0.,0.));
#15590 = VECTOR('',#15591,1.);
#15591 = DIRECTION('',(1.,0.));
#15592 = ( GEOMETRIC_REPRESENTATION_CONTEXT(2) 
PARAMETRIC_REPRESENTATION_CONTEXT() REPRESENTATION_CONTEXT('2D SPACE',''
  ) );
#15593 = ORIENTED_EDGE('',*,*,#15353,.T.);
#15594 = ORIENTED_EDGE('',*,*,#15595,.T.);
#15595 = EDGE_CURVE('',#15356,#15476,#15596,.T.);
#15596 = SURFACE_CURVE('',#15597,(#15601,#15608),.PCURVE_S1.);
#15597 = LINE('',#15598,#15599);
#15598 = CARTESIAN_POINT('',(810.,125.,118.));
#15599 = VECTOR('',#15600,1.);
#15600 = DIRECTION('',(1.,0.,-0.));
#15601 = PCURVE('',#15376,#15602);
#15602 = DEFINITIONAL_REPRESENTATION('',(#15603),#15607);
#15603 = LINE('',#15604,#15605);
#15604 = CARTESIAN_POINT('',(106.,0.));
#15605 = VECTOR('',#15606,1.);
#15606 = DIRECTION('',(0.,1.));
#15607 = ( GEOMETRIC_REPRESENTATION_CONTEXT(2) 
PARAMETRIC_REPRESENTATION_CONTEXT() REPRESENTATION_CONTEXT('2D SPACE',''
  ) );
#15608 = PCURVE('',#15458,#15609);
#15609 = DEFINITIONAL_REPRESENTATION('',(#15610),#15614);
#15610 = LINE('',#15611,#15612);
#15611 = CARTESIAN_POINT('',(0.,0.));
#15612 = VECTOR('',#15613,1.);
#15613 = DIRECTION('',(1.,0.));
#15614 = ( GEOMETRIC_REPRESENTATION_CONTEXT(2) 
PARAMETRIC_REPRESENTATION_CONTEXT() REPRESENTATION_CONTEXT('2D SPACE',''
  ) );
#15615 = ORIENTED_EDGE('',*,*,#15473,.F.);
#15616 = ADVANCED_FACE('',(#15617),#15432,.T.);
#15617 = FACE_BOUND('',#15618,.T.);
#15618 = EDGE_LOOP('',(#15619,#15640,#15641,#15662));
#15619 = ORIENTED_EDGE('',*,*,#15620,.F.);
#15620 = EDGE_CURVE('',#15389,#15504,#15621,.T.);
#15621 = SURFACE_CURVE('',#15622,(#15626,#15633),.PCURVE_S1.);
#15622 = LINE('',#15623,#15624);
#15623 = CARTESIAN_POINT('',(810.,145.,12.));
#15624 = VECTOR('',#15625,1.);
#15625 = DIRECTION('',(1.,0.,-0.));
#15626 = PCURVE('',#15432,#15627);
#15627 = DEFINITIONAL_REPRESENTATION('',(#15628),#15632);
#15628 = LINE('',#15629,#15630);
#15629 = CARTESIAN_POINT('',(0.,0.));
#15630 = VECTOR('',#15631,1.);
#15631 = DIRECTION('',(0.,1.));
#15632 = ( GEOMETRIC_REPRESENTATION_CONTEXT(2) 
PARAMETRIC_REPRESENTATION_CONTEXT() REPRESENTATION_CONTEXT('2D SPACE',''
  ) );
#15633 = PCURVE('',#15404,#15634);
#15634 = DEFINITIONAL_REPRESENTATION('',(#15635),#15639);
#15635 = LINE('',#15636,#15637);
#15636 = CARTESIAN_POINT('',(0.,20.));
#15637 = VECTOR('',#15638,1.);
#15638 = DIRECTION('',(1.,0.));
#15639 = ( GEOMETRIC_REPRESENTATION_CONTEXT(2) 
PARAMETRIC_REPRESENTATION_CONTEXT() REPRESENTATION_CONTEXT('2D SPACE',''
  ) );
#15640 = ORIENTED_EDGE('',*,*,#15416,.T.);
#15641 = ORIENTED_EDGE('',*,*,#15642,.T.);
#15642 = EDGE_CURVE('',#15417,#15527,#15643,.T.);
#15643 = SURFACE_CURVE('',#15644,(#15648,#15655),.PCURVE_S1.);
#15644 = LINE('',#15645,#15646);
#15645 = CARTESIAN_POINT('',(810.,145.,118.));
#15646 = VECTOR('',#15647,1.);
#15647 = DIRECTION('',(1.,0.,-0.));
#15648 = PCURVE('',#15432,#15649);
#15649 = DEFINITIONAL_REPRESENTATION('',(#15650),#15654);
#15650 = LINE('',#15651,#15652);
#15651 = CARTESIAN_POINT('',(106.,0.));
#15652 = VECTOR('',#15653,1.);
#15653 = DIRECTION('',(0.,1.));
#15654 = ( GEOMETRIC_REPRESENTATION_CONTEXT(2) 
PARAMETRIC_REPRESENTATION_CONTEXT() REPRESENTATION_CONTEXT('2D SPACE',''
  ) );
#15655 = PCURVE('',#15458,#15656);
#15656 = DEFINITIONAL_REPRESENTATION('',(#15657),#15661);
#15657 = LINE('',#15658,#15659);
#15658 = CARTESIAN_POINT('',(0.,20.));
#15659 = VECTOR('',#15660,1.);
#15660 = DIRECTION('',(1.,0.));
#15661 = ( GEOMETRIC_REPRESENTATION_CONTEXT(2) 
PARAMETRIC_REPRESENTATION_CONTEXT() REPRESENTATION_CONTEXT('2D SPACE',''
  ) );
#15662 = ORIENTED_EDGE('',*,*,#15526,.F.);
#15663 = ADVANCED_FACE('',(#15664),#15404,.F.);
#15664 = FACE_BOUND('',#15665,.F.);
#15665 = EDGE_LOOP('',(#15666,#15667,#15668,#15669));
#15666 = ORIENTED_EDGE('',*,*,#15388,.F.);
#15667 = ORIENTED_EDGE('',*,*,#15573,.T.);
#15668 = ORIENTED_EDGE('',*,*,#15503,.T.);
#15669 = ORIENTED_EDGE('',*,*,#15620,.F.);
#15670 = ADVANCED_FACE('',(#15671),#15458,.T.);
#15671 = FACE_BOUND('',#15672,.T.);
#15672 = EDGE_LOOP('',(#15673,#15674,#15675,#15676));
#15673 = ORIENTED_EDGE('',*,*,#15444,.F.);
#15674 = ORIENTED_EDGE('',*,*,#15595,.T.);
#15675 = ORIENTED_EDGE('',*,*,#15549,.T.);
#15676 = ORIENTED_EDGE('',*,*,#15642,.F.);
#15677 = ( GEOMETRIC_REPRESENTATION_CONTEXT(3) 
GLOBAL_UNCERTAINTY_ASSIGNED_CONTEXT((#15681)) 
GLOBAL_UNIT_ASSIGNED_CONTEXT((#15678,#15679,#15680)) 
REPRESENTATION_CONTEXT('Context #1',
  '3D Context with UNIT and UNCERTAINTY') );
#15678 = ( LENGTH_UNIT() NAMED_UNIT(*) SI_UNIT(.MILLI.,.METRE.) );
#15679 = ( NAMED_UNIT(*) PLANE_ANGLE_UNIT() SI_UNIT($,.RADIAN.) );
#15680 = ( NAMED_UNIT(*) SI_UNIT($,.STERADIAN.) SOLID_ANGLE_UNIT() );
#15681 = UNCERTAINTY_MEASURE_WITH_UNIT(LENGTH_MEASURE(1.E-07),#15678,
  'distance_accuracy_value','confusion accuracy');
#15682 = CONTEXT_DEPENDENT_SHAPE_REPRESENTATION(#15683,#15685);
#15683 = ( REPRESENTATION_RELATIONSHIP('','',#14356,#10) 
REPRESENTATION_RELATIONSHIP_WITH_TRANSFORMATION(#15684) 
SHAPE_REPRESENTATION_RELATIONSHIP() );
#15684 = ITEM_DEFINED_TRANSFORMATION('','',#11,#95);
#15685 = PRODUCT_DEFINITION_SHAPE('Placement','Placement of an item',
  #15686);
#15686 = NEXT_ASSEMBLY_USAGE_OCCURRENCE('57','=>[0:1:1:22]','',#5,#14351
  ,$);
#15687 = PRODUCT_RELATED_PRODUCT_CATEGORY('part',$,(#14353));
#15688 = SHAPE_DEFINITION_REPRESENTATION(#15689,#15695);
#15689 = PRODUCT_DEFINITION_SHAPE('','',#15690);
#15690 = PRODUCT_DEFINITION('design','',#15691,#15694);
#15691 = PRODUCT_DEFINITION_FORMATION('','',#15692);
#15692 = PRODUCT('COMPOUND','COMPOUND','',(#15693));
#15693 = PRODUCT_CONTEXT('',#2,'mechanical');
#15694 = PRODUCT_DEFINITION_CONTEXT('part definition',#2,'design');
#15695 = ADVANCED_BREP_SHAPE_REPRESENTATION('',(#11,#15696),#16950);
#15696 = MANIFOLD_SOLID_BREP('',#15697);
#15697 = CLOSED_SHELL('',(#15698,#15818,#15894,#16284,#16333,#16646,
    #16653,#16680,#16707,#16734,#16761,#16788,#16815,#16842,#16869,
    #16896,#16923));
#15698 = ADVANCED_FACE('',(#15699),#15713,.F.);
#15699 = FACE_BOUND('',#15700,.F.);
#15700 = EDGE_LOOP('',(#15701,#15736,#15764,#15792));
#15701 = ORIENTED_EDGE('',*,*,#15702,.F.);
#15702 = EDGE_CURVE('',#15703,#15705,#15707,.T.);
#15703 = VERTEX_POINT('',#15704);
#15704 = CARTESIAN_POINT('',(448.,-157.,118.));
#15705 = VERTEX_POINT('',#15706);
#15706 = CARTESIAN_POINT('',(448.,-157.,120.));
#15707 = SURFACE_CURVE('',#15708,(#15712,#15724),.PCURVE_S1.);
#15708 = LINE('',#15709,#15710);
#15709 = CARTESIAN_POINT('',(448.,-157.,118.));
#15710 = VECTOR('',#15711,1.);
#15711 = DIRECTION('',(0.,0.,1.));
#15712 = PCURVE('',#15713,#15718);
#15713 = PLANE('',#15714);
#15714 = AXIS2_PLACEMENT_3D('',#15715,#15716,#15717);
#15715 = CARTESIAN_POINT('',(448.,-157.,118.));
#15716 = DIRECTION('',(1.,0.,-0.));
#15717 = DIRECTION('',(0.,0.,1.));
#15718 = DEFINITIONAL_REPRESENTATION('',(#15719),#15723);
#15719 = LINE('',#15720,#15721);
#15720 = CARTESIAN_POINT('',(0.,0.));
#15721 = VECTOR('',#15722,1.);
#15722 = DIRECTION('',(1.,0.));
#15723 = ( GEOMETRIC_REPRESENTATION_CONTEXT(2) 
PARAMETRIC_REPRESENTATION_CONTEXT() REPRESENTATION_CONTEXT('2D SPACE',''
  ) );
#15724 = PCURVE('',#15725,#15730);
#15725 = PLANE('',#15726);
#15726 = AXIS2_PLACEMENT_3D('',#15727,#15728,#15729);
#15727 = CARTESIAN_POINT('',(448.,-157.,118.));
#15728 = DIRECTION('',(-0.,1.,0.));
#15729 = DIRECTION('',(0.,0.,1.));
#15730 = DEFINITIONAL_REPRESENTATION('',(#15731),#15735);
#15731 = LINE('',#15732,#15733);
#15732 = CARTESIAN_POINT('',(0.,0.));
#15733 = VECTOR('',#15734,1.);
#15734 = DIRECTION('',(1.,0.));
#15735 = ( GEOMETRIC_REPRESENTATION_CONTEXT(2) 
PARAMETRIC_REPRESENTATION_CONTEXT() REPRESENTATION_CONTEXT('2D SPACE',''
  ) );
#15736 = ORIENTED_EDGE('',*,*,#15737,.T.);
#15737 = EDGE_CURVE('',#15703,#15738,#15740,.T.);
#15738 = VERTEX_POINT('',#15739);
#15739 = CARTESIAN_POINT('',(448.,157.,118.));
#15740 = SURFACE_CURVE('',#15741,(#15745,#15752),.PCURVE_S1.);
#15741 = LINE('',#15742,#15743);
#15742 = CARTESIAN_POINT('',(448.,-157.,118.));
#15743 = VECTOR('',#15744,1.);
#15744 = DIRECTION('',(-0.,1.,0.));
#15745 = PCURVE('',#15713,#15746);
#15746 = DEFINITIONAL_REPRESENTATION('',(#15747),#15751);
#15747 = LINE('',#15748,#15749);
#15748 = CARTESIAN_POINT('',(0.,0.));
#15749 = VECTOR('',#15750,1.);
#15750 = DIRECTION('',(0.,-1.));
#15751 = ( GEOMETRIC_REPRESENTATION_CONTEXT(2) 
PARAMETRIC_REPRESENTATION_CONTEXT() REPRESENTATION_CONTEXT('2D SPACE',''
  ) );
#15752 = PCURVE('',#15753,#15758);
#15753 = PLANE('',#15754);
#15754 = AXIS2_PLACEMENT_3D('',#15755,#15756,#15757);
#15755 = CARTESIAN_POINT('',(448.,-157.,118.));
#15756 = DIRECTION('',(0.,0.,1.));
#15757 = DIRECTION('',(1.,0.,-0.));
#15758 = DEFINITIONAL_REPRESENTATION('',(#15759),#15763);
#15759 = LINE('',#15760,#15761);
#15760 = CARTESIAN_POINT('',(0.,0.));
#15761 = VECTOR('',#15762,1.);
#15762 = DIRECTION('',(0.,1.));
#15763 = ( GEOMETRIC_REPRESENTATION_CONTEXT(2) 
PARAMETRIC_REPRESENTATION_CONTEXT() REPRESENTATION_CONTEXT('2D SPACE',''
  ) );
#15764 = ORIENTED_EDGE('',*,*,#15765,.T.);
#15765 = EDGE_CURVE('',#15738,#15766,#15768,.T.);
#15766 = VERTEX_POINT('',#15767);
#15767 = CARTESIAN_POINT('',(448.,157.,120.));
#15768 = SURFACE_CURVE('',#15769,(#15773,#15780),.PCURVE_S1.);
#15769 = LINE('',#15770,#15771);
#15770 = CARTESIAN_POINT('',(448.,157.,118.));
#15771 = VECTOR('',#15772,1.);
#15772 = DIRECTION('',(0.,0.,1.));
#15773 = PCURVE('',#15713,#15774);
#15774 = DEFINITIONAL_REPRESENTATION('',(#15775),#15779);
#15775 = LINE('',#15776,#15777);
#15776 = CARTESIAN_POINT('',(0.,-314.));
#15777 = VECTOR('',#15778,1.);
#15778 = DIRECTION('',(1.,0.));
#15779 = ( GEOMETRIC_REPRESENTATION_CONTEXT(2) 
PARAMETRIC_REPRESENTATION_CONTEXT() REPRESENTATION_CONTEXT('2D SPACE',''
  ) );
#15780 = PCURVE('',#15781,#15786);
#15781 = PLANE('',#15782);
#15782 = AXIS2_PLACEMENT_3D('',#15783,#15784,#15785);
#15783 = CARTESIAN_POINT('',(448.,157.,118.));
#15784 = DIRECTION('',(-0.,1.,0.));
#15785 = DIRECTION('',(0.,0.,1.));
#15786 = DEFINITIONAL_REPRESENTATION('',(#15787),#15791);
#15787 = LINE('',#15788,#15789);
#15788 = CARTESIAN_POINT('',(0.,0.));
#15789 = VECTOR('',#15790,1.);
#15790 = DIRECTION('',(1.,0.));
#15791 = ( GEOMETRIC_REPRESENTATION_CONTEXT(2) 
PARAMETRIC_REPRESENTATION_CONTEXT() REPRESENTATION_CONTEXT('2D SPACE',''
  ) );
#15792 = ORIENTED_EDGE('',*,*,#15793,.F.);
#15793 = EDGE_CURVE('',#15705,#15766,#15794,.T.);
#15794 = SURFACE_CURVE('',#15795,(#15799,#15806),.PCURVE_S1.);
#15795 = LINE('',#15796,#15797);
#15796 = CARTESIAN_POINT('',(448.,-157.,120.));
#15797 = VECTOR('',#15798,1.);
#15798 = DIRECTION('',(-0.,1.,0.));
#15799 = PCURVE('',#15713,#15800);
#15800 = DEFINITIONAL_REPRESENTATION('',(#15801),#15805);
#15801 = LINE('',#15802,#15803);
#15802 = CARTESIAN_POINT('',(2.,0.));
#15803 = VECTOR('',#15804,1.);
#15804 = DIRECTION('',(0.,-1.));
#15805 = ( GEOMETRIC_REPRESENTATION_CONTEXT(2) 
PARAMETRIC_REPRESENTATION_CONTEXT() REPRESENTATION_CONTEXT('2D SPACE',''
  ) );
#15806 = PCURVE('',#15807,#15812);
#15807 = PLANE('',#15808);
#15808 = AXIS2_PLACEMENT_3D('',#15809,#15810,#15811);
#15809 = CARTESIAN_POINT('',(448.,-157.,120.));
#15810 = DIRECTION('',(0.,0.,1.));
#15811 = DIRECTION('',(1.,0.,-0.));
#15812 = DEFINITIONAL_REPRESENTATION('',(#15813),#15817);
#15813 = LINE('',#15814,#15815);
#15814 = CARTESIAN_POINT('',(0.,0.));
#15815 = VECTOR('',#15816,1.);
#15816 = DIRECTION('',(0.,1.));
#15817 = ( GEOMETRIC_REPRESENTATION_CONTEXT(2) 
PARAMETRIC_REPRESENTATION_CONTEXT() REPRESENTATION_CONTEXT('2D SPACE',''
  ) );
#15818 = ADVANCED_FACE('',(#15819),#15725,.F.);
#15819 = FACE_BOUND('',#15820,.F.);
#15820 = EDGE_LOOP('',(#15821,#15844,#15845,#15868));
#15821 = ORIENTED_EDGE('',*,*,#15822,.F.);
#15822 = EDGE_CURVE('',#15703,#15823,#15825,.T.);
#15823 = VERTEX_POINT('',#15824);
#15824 = CARTESIAN_POINT('',(842.,-157.,118.));
#15825 = SURFACE_CURVE('',#15826,(#15830,#15837),.PCURVE_S1.);
#15826 = LINE('',#15827,#15828);
#15827 = CARTESIAN_POINT('',(448.,-157.,118.));
#15828 = VECTOR('',#15829,1.);
#15829 = DIRECTION('',(1.,0.,-0.));
#15830 = PCURVE('',#15725,#15831);
#15831 = DEFINITIONAL_REPRESENTATION('',(#15832),#15836);
#15832 = LINE('',#15833,#15834);
#15833 = CARTESIAN_POINT('',(0.,0.));
#15834 = VECTOR('',#15835,1.);
#15835 = DIRECTION('',(0.,1.));
#15836 = ( GEOMETRIC_REPRESENTATION_CONTEXT(2) 
PARAMETRIC_REPRESENTATION_CONTEXT() REPRESENTATION_CONTEXT('2D SPACE',''
  ) );
#15837 = PCURVE('',#15753,#15838);
#15838 = DEFINITIONAL_REPRESENTATION('',(#15839),#15843);
#15839 = LINE('',#15840,#15841);
#15840 = CARTESIAN_POINT('',(0.,0.));
#15841 = VECTOR('',#15842,1.);
#15842 = DIRECTION('',(1.,0.));
#15843 = ( GEOMETRIC_REPRESENTATION_CONTEXT(2) 
PARAMETRIC_REPRESENTATION_CONTEXT() REPRESENTATION_CONTEXT('2D SPACE',''
  ) );
#15844 = ORIENTED_EDGE('',*,*,#15702,.T.);
#15845 = ORIENTED_EDGE('',*,*,#15846,.T.);
#15846 = EDGE_CURVE('',#15705,#15847,#15849,.T.);
#15847 = VERTEX_POINT('',#15848);
#15848 = CARTESIAN_POINT('',(842.,-157.,120.));
#15849 = SURFACE_CURVE('',#15850,(#15854,#15861),.PCURVE_S1.);
#15850 = LINE('',#15851,#15852);
#15851 = CARTESIAN_POINT('',(448.,-157.,120.));
#15852 = VECTOR('',#15853,1.);
#15853 = DIRECTION('',(1.,0.,-0.));
#15854 = PCURVE('',#15725,#15855);
#15855 = DEFINITIONAL_REPRESENTATION('',(#15856),#15860);
#15856 = LINE('',#15857,#15858);
#15857 = CARTESIAN_POINT('',(2.,0.));
#15858 = VECTOR('',#15859,1.);
#15859 = DIRECTION('',(0.,1.));
#15860 = ( GEOMETRIC_REPRESENTATION_CONTEXT(2) 
PARAMETRIC_REPRESENTATION_CONTEXT() REPRESENTATION_CONTEXT('2D SPACE',''
  ) );
#15861 = PCURVE('',#15807,#15862);
#15862 = DEFINITIONAL_REPRESENTATION('',(#15863),#15867);
#15863 = LINE('',#15864,#15865);
#15864 = CARTESIAN_POINT('',(0.,0.));
#15865 = VECTOR('',#15866,1.);
#15866 = DIRECTION('',(1.,0.));
#15867 = ( GEOMETRIC_REPRESENTATION_CONTEXT(2) 
PARAMETRIC_REPRESENTATION_CONTEXT() REPRESENTATION_CONTEXT('2D SPACE',''
  ) );
#15868 = ORIENTED_EDGE('',*,*,#15869,.F.);
#15869 = EDGE_CURVE('',#15823,#15847,#15870,.T.);
#15870 = SURFACE_CURVE('',#15871,(#15875,#15882),.PCURVE_S1.);
#15871 = LINE('',#15872,#15873);
#15872 = CARTESIAN_POINT('',(842.,-157.,118.));
#15873 = VECTOR('',#15874,1.);
#15874 = DIRECTION('',(0.,0.,1.));
#15875 = PCURVE('',#15725,#15876);
#15876 = DEFINITIONAL_REPRESENTATION('',(#15877),#15881);
#15877 = LINE('',#15878,#15879);
#15878 = CARTESIAN_POINT('',(0.,394.));
#15879 = VECTOR('',#15880,1.);
#15880 = DIRECTION('',(1.,0.));
#15881 = ( GEOMETRIC_REPRESENTATION_CONTEXT(2) 
PARAMETRIC_REPRESENTATION_CONTEXT() REPRESENTATION_CONTEXT('2D SPACE',''
  ) );
#15882 = PCURVE('',#15883,#15888);
#15883 = PLANE('',#15884);
#15884 = AXIS2_PLACEMENT_3D('',#15885,#15886,#15887);
#15885 = CARTESIAN_POINT('',(842.,-157.,118.));
#15886 = DIRECTION('',(1.,0.,-0.));
#15887 = DIRECTION('',(0.,0.,1.));
#15888 = DEFINITIONAL_REPRESENTATION('',(#15889),#15893);
#15889 = LINE('',#15890,#15891);
#15890 = CARTESIAN_POINT('',(0.,0.));
#15891 = VECTOR('',#15892,1.);
#15892 = DIRECTION('',(1.,0.));
#15893 = ( GEOMETRIC_REPRESENTATION_CONTEXT(2) 
PARAMETRIC_REPRESENTATION_CONTEXT() REPRESENTATION_CONTEXT('2D SPACE',''
  ) );
#15894 = ADVANCED_FACE('',(#15895,#15943,#15974,#16005,#16036,#16067,
    #16098,#16129,#16160,#16191,#16222,#16253),#15807,.T.);
#15895 = FACE_BOUND('',#15896,.T.);
#15896 = EDGE_LOOP('',(#15897,#15898,#15899,#15922));
#15897 = ORIENTED_EDGE('',*,*,#15793,.F.);
#15898 = ORIENTED_EDGE('',*,*,#15846,.T.);
#15899 = ORIENTED_EDGE('',*,*,#15900,.T.);
#15900 = EDGE_CURVE('',#15847,#15901,#15903,.T.);
#15901 = VERTEX_POINT('',#15902);
#15902 = CARTESIAN_POINT('',(842.,157.,120.));
#15903 = SURFACE_CURVE('',#15904,(#15908,#15915),.PCURVE_S1.);
#15904 = LINE('',#15905,#15906);
#15905 = CARTESIAN_POINT('',(842.,-157.,120.));
#15906 = VECTOR('',#15907,1.);
#15907 = DIRECTION('',(-0.,1.,0.));
#15908 = PCURVE('',#15807,#15909);
#15909 = DEFINITIONAL_REPRESENTATION('',(#15910),#15914);
#15910 = LINE('',#15911,#15912);
#15911 = CARTESIAN_POINT('',(394.,0.));
#15912 = VECTOR('',#15913,1.);
#15913 = DIRECTION('',(0.,1.));
#15914 = ( GEOMETRIC_REPRESENTATION_CONTEXT(2) 
PARAMETRIC_REPRESENTATION_CONTEXT() REPRESENTATION_CONTEXT('2D SPACE',''
  ) );
#15915 = PCURVE('',#15883,#15916);
#15916 = DEFINITIONAL_REPRESENTATION('',(#15917),#15921);
#15917 = LINE('',#15918,#15919);
#15918 = CARTESIAN_POINT('',(2.,0.));
#15919 = VECTOR('',#15920,1.);
#15920 = DIRECTION('',(0.,-1.));
#15921 = ( GEOMETRIC_REPRESENTATION_CONTEXT(2) 
PARAMETRIC_REPRESENTATION_CONTEXT() REPRESENTATION_CONTEXT('2D SPACE',''
  ) );
#15922 = ORIENTED_EDGE('',*,*,#15923,.F.);
#15923 = EDGE_CURVE('',#15766,#15901,#15924,.T.);
#15924 = SURFACE_CURVE('',#15925,(#15929,#15936),.PCURVE_S1.);
#15925 = LINE('',#15926,#15927);
#15926 = CARTESIAN_POINT('',(448.,157.,120.));
#15927 = VECTOR('',#15928,1.);
#15928 = DIRECTION('',(1.,0.,-0.));
#15929 = PCURVE('',#15807,#15930);
#15930 = DEFINITIONAL_REPRESENTATION('',(#15931),#15935);
#15931 = LINE('',#15932,#15933);
#15932 = CARTESIAN_POINT('',(0.,314.));
#15933 = VECTOR('',#15934,1.);
#15934 = DIRECTION('',(1.,0.));
#15935 = ( GEOMETRIC_REPRESENTATION_CONTEXT(2) 
PARAMETRIC_REPRESENTATION_CONTEXT() REPRESENTATION_CONTEXT('2D SPACE',''
  ) );
#15936 = PCURVE('',#15781,#15937);
#15937 = DEFINITIONAL_REPRESENTATION('',(#15938),#15942);
#15938 = LINE('',#15939,#15940);
#15939 = CARTESIAN_POINT('',(2.,0.));
#15940 = VECTOR('',#15941,1.);
#15941 = DIRECTION('',(0.,1.));
#15942 = ( GEOMETRIC_REPRESENTATION_CONTEXT(2) 
PARAMETRIC_REPRESENTATION_CONTEXT() REPRESENTATION_CONTEXT('2D SPACE',''
  ) );
#15943 = FACE_BOUND('',#15944,.T.);
#15944 = EDGE_LOOP('',(#15945));
#15945 = ORIENTED_EDGE('',*,*,#15946,.F.);
#15946 = EDGE_CURVE('',#15947,#15947,#15949,.T.);
#15947 = VERTEX_POINT('',#15948);
#15948 = CARTESIAN_POINT('',(472.25,-135.,120.));
#15949 = SURFACE_CURVE('',#15950,(#15955,#15962),.PCURVE_S1.);
#15950 = CIRCLE('',#15951,2.25);
#15951 = AXIS2_PLACEMENT_3D('',#15952,#15953,#15954);
#15952 = CARTESIAN_POINT('',(470.,-135.,120.));
#15953 = DIRECTION('',(0.,0.,1.));
#15954 = DIRECTION('',(1.,0.,-0.));
#15955 = PCURVE('',#15807,#15956);
#15956 = DEFINITIONAL_REPRESENTATION('',(#15957),#15961);
#15957 = CIRCLE('',#15958,2.25);
#15958 = AXIS2_PLACEMENT_2D('',#15959,#15960);
#15959 = CARTESIAN_POINT('',(22.,22.));
#15960 = DIRECTION('',(1.,0.));
#15961 = ( GEOMETRIC_REPRESENTATION_CONTEXT(2) 
PARAMETRIC_REPRESENTATION_CONTEXT() REPRESENTATION_CONTEXT('2D SPACE',''
  ) );
#15962 = PCURVE('',#15963,#15968);
#15963 = CYLINDRICAL_SURFACE('',#15964,2.25);
#15964 = AXIS2_PLACEMENT_3D('',#15965,#15966,#15967);
#15965 = CARTESIAN_POINT('',(470.,-135.,116.));
#15966 = DIRECTION('',(0.,0.,1.));
#15967 = DIRECTION('',(1.,0.,-0.));
#15968 = DEFINITIONAL_REPRESENTATION('',(#15969),#15973);
#15969 = LINE('',#15970,#15971);
#15970 = CARTESIAN_POINT('',(0.,4.));
#15971 = VECTOR('',#15972,1.);
#15972 = DIRECTION('',(1.,0.));
#15973 = ( GEOMETRIC_REPRESENTATION_CONTEXT(2) 
PARAMETRIC_REPRESENTATION_CONTEXT() REPRESENTATION_CONTEXT('2D SPACE',''
  ) );
#15974 = FACE_BOUND('',#15975,.T.);
#15975 = EDGE_LOOP('',(#15976));
#15976 = ORIENTED_EDGE('',*,*,#15977,.F.);
#15977 = EDGE_CURVE('',#15978,#15978,#15980,.T.);
#15978 = VERTEX_POINT('',#15979);
#15979 = CARTESIAN_POINT('',(648.,-100.,120.));
#15980 = SURFACE_CURVE('',#15981,(#15986,#15993),.PCURVE_S1.);
#15981 = CIRCLE('',#15982,8.);
#15982 = AXIS2_PLACEMENT_3D('',#15983,#15984,#15985);
#15983 = CARTESIAN_POINT('',(640.,-100.,120.));
#15984 = DIRECTION('',(0.,0.,1.));
#15985 = DIRECTION('',(1.,0.,-0.));
#15986 = PCURVE('',#15807,#15987);
#15987 = DEFINITIONAL_REPRESENTATION('',(#15988),#15992);
#15988 = CIRCLE('',#15989,8.);
#15989 = AXIS2_PLACEMENT_2D('',#15990,#15991);
#15990 = CARTESIAN_POINT('',(192.,57.));
#15991 = DIRECTION('',(1.,0.));
#15992 = ( GEOMETRIC_REPRESENTATION_CONTEXT(2) 
PARAMETRIC_REPRESENTATION_CONTEXT() REPRESENTATION_CONTEXT('2D SPACE',''
  ) );
#15993 = PCURVE('',#15994,#15999);
#15994 = CYLINDRICAL_SURFACE('',#15995,8.);
#15995 = AXIS2_PLACEMENT_3D('',#15996,#15997,#15998);
#15996 = CARTESIAN_POINT('',(640.,-100.,116.));
#15997 = DIRECTION('',(0.,0.,1.));
#15998 = DIRECTION('',(1.,0.,-0.));
#15999 = DEFINITIONAL_REPRESENTATION('',(#16000),#16004);
#16000 = LINE('',#16001,#16002);
#16001 = CARTESIAN_POINT('',(0.,4.));
#16002 = VECTOR('',#16003,1.);
#16003 = DIRECTION('',(1.,0.));
#16004 = ( GEOMETRIC_REPRESENTATION_CONTEXT(2) 
PARAMETRIC_REPRESENTATION_CONTEXT() REPRESENTATION_CONTEXT('2D SPACE',''
  ) );
#16005 = FACE_BOUND('',#16006,.T.);
#16006 = EDGE_LOOP('',(#16007));
#16007 = ORIENTED_EDGE('',*,*,#16008,.F.);
#16008 = EDGE_CURVE('',#16009,#16009,#16011,.T.);
#16009 = VERTEX_POINT('',#16010);
#16010 = CARTESIAN_POINT('',(698.,-100.,120.));
#16011 = SURFACE_CURVE('',#16012,(#16017,#16024),.PCURVE_S1.);
#16012 = CIRCLE('',#16013,8.);
#16013 = AXIS2_PLACEMENT_3D('',#16014,#16015,#16016);
#16014 = CARTESIAN_POINT('',(690.,-100.,120.));
#16015 = DIRECTION('',(0.,0.,1.));
#16016 = DIRECTION('',(1.,0.,-0.));
#16017 = PCURVE('',#15807,#16018);
#16018 = DEFINITIONAL_REPRESENTATION('',(#16019),#16023);
#16019 = CIRCLE('',#16020,8.);
#16020 = AXIS2_PLACEMENT_2D('',#16021,#16022);
#16021 = CARTESIAN_POINT('',(242.,57.));
#16022 = DIRECTION('',(1.,0.));
#16023 = ( GEOMETRIC_REPRESENTATION_CONTEXT(2) 
PARAMETRIC_REPRESENTATION_CONTEXT() REPRESENTATION_CONTEXT('2D SPACE',''
  ) );
#16024 = PCURVE('',#16025,#16030);
#16025 = CYLINDRICAL_SURFACE('',#16026,8.);
#16026 = AXIS2_PLACEMENT_3D('',#16027,#16028,#16029);
#16027 = CARTESIAN_POINT('',(690.,-100.,116.));
#16028 = DIRECTION('',(0.,0.,1.));
#16029 = DIRECTION('',(1.,0.,-0.));
#16030 = DEFINITIONAL_REPRESENTATION('',(#16031),#16035);
#16031 = LINE('',#16032,#16033);
#16032 = CARTESIAN_POINT('',(0.,4.));
#16033 = VECTOR('',#16034,1.);
#16034 = DIRECTION('',(1.,0.));
#16035 = ( GEOMETRIC_REPRESENTATION_CONTEXT(2) 
PARAMETRIC_REPRESENTATION_CONTEXT() REPRESENTATION_CONTEXT('2D SPACE',''
  ) );
#16036 = FACE_BOUND('',#16037,.T.);
#16037 = EDGE_LOOP('',(#16038));
#16038 = ORIENTED_EDGE('',*,*,#16039,.F.);
#16039 = EDGE_CURVE('',#16040,#16040,#16042,.T.);
#16040 = VERTEX_POINT('',#16041);
#16041 = CARTESIAN_POINT('',(822.25,-135.,120.));
#16042 = SURFACE_CURVE('',#16043,(#16048,#16055),.PCURVE_S1.);
#16043 = CIRCLE('',#16044,2.25);
#16044 = AXIS2_PLACEMENT_3D('',#16045,#16046,#16047);
#16045 = CARTESIAN_POINT('',(820.,-135.,120.));
#16046 = DIRECTION('',(0.,0.,1.));
#16047 = DIRECTION('',(1.,0.,-0.));
#16048 = PCURVE('',#15807,#16049);
#16049 = DEFINITIONAL_REPRESENTATION('',(#16050),#16054);
#16050 = CIRCLE('',#16051,2.25);
#16051 = AXIS2_PLACEMENT_2D('',#16052,#16053);
#16052 = CARTESIAN_POINT('',(372.,22.));
#16053 = DIRECTION('',(1.,0.));
#16054 = ( GEOMETRIC_REPRESENTATION_CONTEXT(2) 
PARAMETRIC_REPRESENTATION_CONTEXT() REPRESENTATION_CONTEXT('2D SPACE',''
  ) );
#16055 = PCURVE('',#16056,#16061);
#16056 = CYLINDRICAL_SURFACE('',#16057,2.25);
#16057 = AXIS2_PLACEMENT_3D('',#16058,#16059,#16060);
#16058 = CARTESIAN_POINT('',(820.,-135.,116.));
#16059 = DIRECTION('',(0.,0.,1.));
#16060 = DIRECTION('',(1.,0.,-0.));
#16061 = DEFINITIONAL_REPRESENTATION('',(#16062),#16066);
#16062 = LINE('',#16063,#16064);
#16063 = CARTESIAN_POINT('',(0.,4.));
#16064 = VECTOR('',#16065,1.);
#16065 = DIRECTION('',(1.,0.));
#16066 = ( GEOMETRIC_REPRESENTATION_CONTEXT(2) 
PARAMETRIC_REPRESENTATION_CONTEXT() REPRESENTATION_CONTEXT('2D SPACE',''
  ) );
#16067 = FACE_BOUND('',#16068,.T.);
#16068 = EDGE_LOOP('',(#16069));
#16069 = ORIENTED_EDGE('',*,*,#16070,.F.);
#16070 = EDGE_CURVE('',#16071,#16071,#16073,.T.);
#16071 = VERTEX_POINT('',#16072);
#16072 = CARTESIAN_POINT('',(781.,-100.,120.));
#16073 = SURFACE_CURVE('',#16074,(#16079,#16086),.PCURVE_S1.);
#16074 = CIRCLE('',#16075,11.);
#16075 = AXIS2_PLACEMENT_3D('',#16076,#16077,#16078);
#16076 = CARTESIAN_POINT('',(770.,-100.,120.));
#16077 = DIRECTION('',(0.,0.,1.));
#16078 = DIRECTION('',(1.,0.,-0.));
#16079 = PCURVE('',#15807,#16080);
#16080 = DEFINITIONAL_REPRESENTATION('',(#16081),#16085);
#16081 = CIRCLE('',#16082,11.);
#16082 = AXIS2_PLACEMENT_2D('',#16083,#16084);
#16083 = CARTESIAN_POINT('',(322.,57.));
#16084 = DIRECTION('',(1.,0.));
#16085 = ( GEOMETRIC_REPRESENTATION_CONTEXT(2) 
PARAMETRIC_REPRESENTATION_CONTEXT() REPRESENTATION_CONTEXT('2D SPACE',''
  ) );
#16086 = PCURVE('',#16087,#16092);
#16087 = CYLINDRICAL_SURFACE('',#16088,11.);
#16088 = AXIS2_PLACEMENT_3D('',#16089,#16090,#16091);
#16089 = CARTESIAN_POINT('',(770.,-100.,116.));
#16090 = DIRECTION('',(0.,0.,1.));
#16091 = DIRECTION('',(1.,0.,-0.));
#16092 = DEFINITIONAL_REPRESENTATION('',(#16093),#16097);
#16093 = LINE('',#16094,#16095);
#16094 = CARTESIAN_POINT('',(0.,4.));
#16095 = VECTOR('',#16096,1.);
#16096 = DIRECTION('',(1.,0.));
#16097 = ( GEOMETRIC_REPRESENTATION_CONTEXT(2) 
PARAMETRIC_REPRESENTATION_CONTEXT() REPRESENTATION_CONTEXT('2D SPACE',''
  ) );
#16098 = FACE_BOUND('',#16099,.T.);
#16099 = EDGE_LOOP('',(#16100));
#16100 = ORIENTED_EDGE('',*,*,#16101,.F.);
#16101 = EDGE_CURVE('',#16102,#16102,#16104,.T.);
#16102 = VERTEX_POINT('',#16103);
#16103 = CARTESIAN_POINT('',(472.25,135.,120.));
#16104 = SURFACE_CURVE('',#16105,(#16110,#16117),.PCURVE_S1.);
#16105 = CIRCLE('',#16106,2.25);
#16106 = AXIS2_PLACEMENT_3D('',#16107,#16108,#16109);
#16107 = CARTESIAN_POINT('',(470.,135.,120.));
#16108 = DIRECTION('',(0.,0.,1.));
#16109 = DIRECTION('',(1.,0.,-0.));
#16110 = PCURVE('',#15807,#16111);
#16111 = DEFINITIONAL_REPRESENTATION('',(#16112),#16116);
#16112 = CIRCLE('',#16113,2.25);
#16113 = AXIS2_PLACEMENT_2D('',#16114,#16115);
#16114 = CARTESIAN_POINT('',(22.,292.));
#16115 = DIRECTION('',(1.,0.));
#16116 = ( GEOMETRIC_REPRESENTATION_CONTEXT(2) 
PARAMETRIC_REPRESENTATION_CONTEXT() REPRESENTATION_CONTEXT('2D SPACE',''
  ) );
#16117 = PCURVE('',#16118,#16123);
#16118 = CYLINDRICAL_SURFACE('',#16119,2.25);
#16119 = AXIS2_PLACEMENT_3D('',#16120,#16121,#16122);
#16120 = CARTESIAN_POINT('',(470.,135.,116.));
#16121 = DIRECTION('',(0.,0.,1.));
#16122 = DIRECTION('',(1.,0.,-0.));
#16123 = DEFINITIONAL_REPRESENTATION('',(#16124),#16128);
#16124 = LINE('',#16125,#16126);
#16125 = CARTESIAN_POINT('',(0.,4.));
#16126 = VECTOR('',#16127,1.);
#16127 = DIRECTION('',(1.,0.));
#16128 = ( GEOMETRIC_REPRESENTATION_CONTEXT(2) 
PARAMETRIC_REPRESENTATION_CONTEXT() REPRESENTATION_CONTEXT('2D SPACE',''
  ) );
#16129 = FACE_BOUND('',#16130,.T.);
#16130 = EDGE_LOOP('',(#16131));
#16131 = ORIENTED_EDGE('',*,*,#16132,.F.);
#16132 = EDGE_CURVE('',#16133,#16133,#16135,.T.);
#16133 = VERTEX_POINT('',#16134);
#16134 = CARTESIAN_POINT('',(626.,100.,120.));
#16135 = SURFACE_CURVE('',#16136,(#16141,#16148),.PCURVE_S1.);
#16136 = CIRCLE('',#16137,6.);
#16137 = AXIS2_PLACEMENT_3D('',#16138,#16139,#16140);
#16138 = CARTESIAN_POINT('',(620.,100.,120.));
#16139 = DIRECTION('',(0.,0.,1.));
#16140 = DIRECTION('',(1.,0.,-0.));
#16141 = PCURVE('',#15807,#16142);
#16142 = DEFINITIONAL_REPRESENTATION('',(#16143),#16147);
#16143 = CIRCLE('',#16144,6.);
#16144 = AXIS2_PLACEMENT_2D('',#16145,#16146);
#16145 = CARTESIAN_POINT('',(172.,257.));
#16146 = DIRECTION('',(1.,0.));
#16147 = ( GEOMETRIC_REPRESENTATION_CONTEXT(2) 
PARAMETRIC_REPRESENTATION_CONTEXT() REPRESENTATION_CONTEXT('2D SPACE',''
  ) );
#16148 = PCURVE('',#16149,#16154);
#16149 = CYLINDRICAL_SURFACE('',#16150,6.);
#16150 = AXIS2_PLACEMENT_3D('',#16151,#16152,#16153);
#16151 = CARTESIAN_POINT('',(620.,100.,116.));
#16152 = DIRECTION('',(0.,0.,1.));
#16153 = DIRECTION('',(1.,0.,-0.));
#16154 = DEFINITIONAL_REPRESENTATION('',(#16155),#16159);
#16155 = LINE('',#16156,#16157);
#16156 = CARTESIAN_POINT('',(0.,4.));
#16157 = VECTOR('',#16158,1.);
#16158 = DIRECTION('',(1.,0.));
#16159 = ( GEOMETRIC_REPRESENTATION_CONTEXT(2) 
PARAMETRIC_REPRESENTATION_CONTEXT() REPRESENTATION_CONTEXT('2D SPACE',''
  ) );
#16160 = FACE_BOUND('',#16161,.T.);
#16161 = EDGE_LOOP('',(#16162));
#16162 = ORIENTED_EDGE('',*,*,#16163,.F.);
#16163 = EDGE_CURVE('',#16164,#16164,#16166,.T.);
#16164 = VERTEX_POINT('',#16165);
#16165 = CARTESIAN_POINT('',(782.,40.,120.));
#16166 = SURFACE_CURVE('',#16167,(#16172,#16179),.PCURVE_S1.);
#16167 = CIRCLE('',#16168,12.);
#16168 = AXIS2_PLACEMENT_3D('',#16169,#16170,#16171);
#16169 = CARTESIAN_POINT('',(770.,40.,120.));
#16170 = DIRECTION('',(0.,0.,1.));
#16171 = DIRECTION('',(1.,0.,-0.));
#16172 = PCURVE('',#15807,#16173);
#16173 = DEFINITIONAL_REPRESENTATION('',(#16174),#16178);
#16174 = CIRCLE('',#16175,12.);
#16175 = AXIS2_PLACEMENT_2D('',#16176,#16177);
#16176 = CARTESIAN_POINT('',(322.,197.));
#16177 = DIRECTION('',(1.,0.));
#16178 = ( GEOMETRIC_REPRESENTATION_CONTEXT(2) 
PARAMETRIC_REPRESENTATION_CONTEXT() REPRESENTATION_CONTEXT('2D SPACE',''
  ) );
#16179 = PCURVE('',#16180,#16185);
#16180 = CYLINDRICAL_SURFACE('',#16181,12.);
#16181 = AXIS2_PLACEMENT_3D('',#16182,#16183,#16184);
#16182 = CARTESIAN_POINT('',(770.,40.,116.));
#16183 = DIRECTION('',(0.,0.,1.));
#16184 = DIRECTION('',(1.,0.,-0.));
#16185 = DEFINITIONAL_REPRESENTATION('',(#16186),#16190);
#16186 = LINE('',#16187,#16188);
#16187 = CARTESIAN_POINT('',(0.,4.));
#16188 = VECTOR('',#16189,1.);
#16189 = DIRECTION('',(1.,0.));
#16190 = ( GEOMETRIC_REPRESENTATION_CONTEXT(2) 
PARAMETRIC_REPRESENTATION_CONTEXT() REPRESENTATION_CONTEXT('2D SPACE',''
  ) );
#16191 = FACE_BOUND('',#16192,.T.);
#16192 = EDGE_LOOP('',(#16193));
#16193 = ORIENTED_EDGE('',*,*,#16194,.F.);
#16194 = EDGE_CURVE('',#16195,#16195,#16197,.T.);
#16195 = VERTEX_POINT('',#16196);
#16196 = CARTESIAN_POINT('',(698.,100.,120.));
#16197 = SURFACE_CURVE('',#16198,(#16203,#16210),.PCURVE_S1.);
#16198 = CIRCLE('',#16199,8.);
#16199 = AXIS2_PLACEMENT_3D('',#16200,#16201,#16202);
#16200 = CARTESIAN_POINT('',(690.,100.,120.));
#16201 = DIRECTION('',(0.,0.,1.));
#16202 = DIRECTION('',(1.,0.,-0.));
#16203 = PCURVE('',#15807,#16204);
#16204 = DEFINITIONAL_REPRESENTATION('',(#16205),#16209);
#16205 = CIRCLE('',#16206,8.);
#16206 = AXIS2_PLACEMENT_2D('',#16207,#16208);
#16207 = CARTESIAN_POINT('',(242.,257.));
#16208 = DIRECTION('',(1.,0.));
#16209 = ( GEOMETRIC_REPRESENTATION_CONTEXT(2) 
PARAMETRIC_REPRESENTATION_CONTEXT() REPRESENTATION_CONTEXT('2D SPACE',''
  ) );
#16210 = PCURVE('',#16211,#16216);
#16211 = CYLINDRICAL_SURFACE('',#16212,8.);
#16212 = AXIS2_PLACEMENT_3D('',#16213,#16214,#16215);
#16213 = CARTESIAN_POINT('',(690.,100.,116.));
#16214 = DIRECTION('',(0.,0.,1.));
#16215 = DIRECTION('',(1.,0.,-0.));
#16216 = DEFINITIONAL_REPRESENTATION('',(#16217),#16221);
#16217 = LINE('',#16218,#16219);
#16218 = CARTESIAN_POINT('',(0.,4.));
#16219 = VECTOR('',#16220,1.);
#16220 = DIRECTION('',(1.,0.));
#16221 = ( GEOMETRIC_REPRESENTATION_CONTEXT(2) 
PARAMETRIC_REPRESENTATION_CONTEXT() REPRESENTATION_CONTEXT('2D SPACE',''
  ) );
#16222 = FACE_BOUND('',#16223,.T.);
#16223 = EDGE_LOOP('',(#16224));
#16224 = ORIENTED_EDGE('',*,*,#16225,.F.);
#16225 = EDGE_CURVE('',#16226,#16226,#16228,.T.);
#16226 = VERTEX_POINT('',#16227);
#16227 = CARTESIAN_POINT('',(782.,100.,120.));
#16228 = SURFACE_CURVE('',#16229,(#16234,#16241),.PCURVE_S1.);
#16229 = CIRCLE('',#16230,12.);
#16230 = AXIS2_PLACEMENT_3D('',#16231,#16232,#16233);
#16231 = CARTESIAN_POINT('',(770.,100.,120.));
#16232 = DIRECTION('',(0.,0.,1.));
#16233 = DIRECTION('',(1.,0.,-0.));
#16234 = PCURVE('',#15807,#16235);
#16235 = DEFINITIONAL_REPRESENTATION('',(#16236),#16240);
#16236 = CIRCLE('',#16237,12.);
#16237 = AXIS2_PLACEMENT_2D('',#16238,#16239);
#16238 = CARTESIAN_POINT('',(322.,257.));
#16239 = DIRECTION('',(1.,0.));
#16240 = ( GEOMETRIC_REPRESENTATION_CONTEXT(2) 
PARAMETRIC_REPRESENTATION_CONTEXT() REPRESENTATION_CONTEXT('2D SPACE',''
  ) );
#16241 = PCURVE('',#16242,#16247);
#16242 = CYLINDRICAL_SURFACE('',#16243,12.);
#16243 = AXIS2_PLACEMENT_3D('',#16244,#16245,#16246);
#16244 = CARTESIAN_POINT('',(770.,100.,116.));
#16245 = DIRECTION('',(0.,0.,1.));
#16246 = DIRECTION('',(1.,0.,-0.));
#16247 = DEFINITIONAL_REPRESENTATION('',(#16248),#16252);
#16248 = LINE('',#16249,#16250);
#16249 = CARTESIAN_POINT('',(0.,4.));
#16250 = VECTOR('',#16251,1.);
#16251 = DIRECTION('',(1.,0.));
#16252 = ( GEOMETRIC_REPRESENTATION_CONTEXT(2) 
PARAMETRIC_REPRESENTATION_CONTEXT() REPRESENTATION_CONTEXT('2D SPACE',''
  ) );
#16253 = FACE_BOUND('',#16254,.T.);
#16254 = EDGE_LOOP('',(#16255));
#16255 = ORIENTED_EDGE('',*,*,#16256,.F.);
#16256 = EDGE_CURVE('',#16257,#16257,#16259,.T.);
#16257 = VERTEX_POINT('',#16258);
#16258 = CARTESIAN_POINT('',(822.25,135.,120.));
#16259 = SURFACE_CURVE('',#16260,(#16265,#16272),.PCURVE_S1.);
#16260 = CIRCLE('',#16261,2.25);
#16261 = AXIS2_PLACEMENT_3D('',#16262,#16263,#16264);
#16262 = CARTESIAN_POINT('',(820.,135.,120.));
#16263 = DIRECTION('',(0.,0.,1.));
#16264 = DIRECTION('',(1.,0.,-0.));
#16265 = PCURVE('',#15807,#16266);
#16266 = DEFINITIONAL_REPRESENTATION('',(#16267),#16271);
#16267 = CIRCLE('',#16268,2.25);
#16268 = AXIS2_PLACEMENT_2D('',#16269,#16270);
#16269 = CARTESIAN_POINT('',(372.,292.));
#16270 = DIRECTION('',(1.,0.));
#16271 = ( GEOMETRIC_REPRESENTATION_CONTEXT(2) 
PARAMETRIC_REPRESENTATION_CONTEXT() REPRESENTATION_CONTEXT('2D SPACE',''
  ) );
#16272 = PCURVE('',#16273,#16278);
#16273 = CYLINDRICAL_SURFACE('',#16274,2.25);
#16274 = AXIS2_PLACEMENT_3D('',#16275,#16276,#16277);
#16275 = CARTESIAN_POINT('',(820.,135.,116.));
#16276 = DIRECTION('',(0.,0.,1.));
#16277 = DIRECTION('',(1.,0.,-0.));
#16278 = DEFINITIONAL_REPRESENTATION('',(#16279),#16283);
#16279 = LINE('',#16280,#16281);
#16280 = CARTESIAN_POINT('',(0.,4.));
#16281 = VECTOR('',#16282,1.);
#16282 = DIRECTION('',(1.,0.));
#16283 = ( GEOMETRIC_REPRESENTATION_CONTEXT(2) 
PARAMETRIC_REPRESENTATION_CONTEXT() REPRESENTATION_CONTEXT('2D SPACE',''
  ) );
#16284 = ADVANCED_FACE('',(#16285),#15781,.T.);
#16285 = FACE_BOUND('',#16286,.T.);
#16286 = EDGE_LOOP('',(#16287,#16310,#16311,#16312));
#16287 = ORIENTED_EDGE('',*,*,#16288,.F.);
#16288 = EDGE_CURVE('',#15738,#16289,#16291,.T.);
#16289 = VERTEX_POINT('',#16290);
#16290 = CARTESIAN_POINT('',(842.,157.,118.));
#16291 = SURFACE_CURVE('',#16292,(#16296,#16303),.PCURVE_S1.);
#16292 = LINE('',#16293,#16294);
#16293 = CARTESIAN_POINT('',(448.,157.,118.));
#16294 = VECTOR('',#16295,1.);
#16295 = DIRECTION('',(1.,0.,-0.));
#16296 = PCURVE('',#15781,#16297);
#16297 = DEFINITIONAL_REPRESENTATION('',(#16298),#16302);
#16298 = LINE('',#16299,#16300);
#16299 = CARTESIAN_POINT('',(0.,0.));
#16300 = VECTOR('',#16301,1.);
#16301 = DIRECTION('',(0.,1.));
#16302 = ( GEOMETRIC_REPRESENTATION_CONTEXT(2) 
PARAMETRIC_REPRESENTATION_CONTEXT() REPRESENTATION_CONTEXT('2D SPACE',''
  ) );
#16303 = PCURVE('',#15753,#16304);
#16304 = DEFINITIONAL_REPRESENTATION('',(#16305),#16309);
#16305 = LINE('',#16306,#16307);
#16306 = CARTESIAN_POINT('',(0.,314.));
#16307 = VECTOR('',#16308,1.);
#16308 = DIRECTION('',(1.,0.));
#16309 = ( GEOMETRIC_REPRESENTATION_CONTEXT(2) 
PARAMETRIC_REPRESENTATION_CONTEXT() REPRESENTATION_CONTEXT('2D SPACE',''
  ) );
#16310 = ORIENTED_EDGE('',*,*,#15765,.T.);
#16311 = ORIENTED_EDGE('',*,*,#15923,.T.);
#16312 = ORIENTED_EDGE('',*,*,#16313,.F.);
#16313 = EDGE_CURVE('',#16289,#15901,#16314,.T.);
#16314 = SURFACE_CURVE('',#16315,(#16319,#16326),.PCURVE_S1.);
#16315 = LINE('',#16316,#16317);
#16316 = CARTESIAN_POINT('',(842.,157.,118.));
#16317 = VECTOR('',#16318,1.);
#16318 = DIRECTION('',(0.,0.,1.));
#16319 = PCURVE('',#15781,#16320);
#16320 = DEFINITIONAL_REPRESENTATION('',(#16321),#16325);
#16321 = LINE('',#16322,#16323);
#16322 = CARTESIAN_POINT('',(0.,394.));
#16323 = VECTOR('',#16324,1.);
#16324 = DIRECTION('',(1.,0.));
#16325 = ( GEOMETRIC_REPRESENTATION_CONTEXT(2) 
PARAMETRIC_REPRESENTATION_CONTEXT() REPRESENTATION_CONTEXT('2D SPACE',''
  ) );
#16326 = PCURVE('',#15883,#16327);
#16327 = DEFINITIONAL_REPRESENTATION('',(#16328),#16332);
#16328 = LINE('',#16329,#16330);
#16329 = CARTESIAN_POINT('',(0.,-314.));
#16330 = VECTOR('',#16331,1.);
#16331 = DIRECTION('',(1.,0.));
#16332 = ( GEOMETRIC_REPRESENTATION_CONTEXT(2) 
PARAMETRIC_REPRESENTATION_CONTEXT() REPRESENTATION_CONTEXT('2D SPACE',''
  ) );
#16333 = ADVANCED_FACE('',(#16334,#16360,#16386,#16412,#16438,#16464,
    #16490,#16516,#16542,#16568,#16594,#16620),#15753,.F.);
#16334 = FACE_BOUND('',#16335,.F.);
#16335 = EDGE_LOOP('',(#16336,#16337,#16338,#16359));
#16336 = ORIENTED_EDGE('',*,*,#15737,.F.);
#16337 = ORIENTED_EDGE('',*,*,#15822,.T.);
#16338 = ORIENTED_EDGE('',*,*,#16339,.T.);
#16339 = EDGE_CURVE('',#15823,#16289,#16340,.T.);
#16340 = SURFACE_CURVE('',#16341,(#16345,#16352),.PCURVE_S1.);
#16341 = LINE('',#16342,#16343);
#16342 = CARTESIAN_POINT('',(842.,-157.,118.));
#16343 = VECTOR('',#16344,1.);
#16344 = DIRECTION('',(-0.,1.,0.));
#16345 = PCURVE('',#15753,#16346);
#16346 = DEFINITIONAL_REPRESENTATION('',(#16347),#16351);
#16347 = LINE('',#16348,#16349);
#16348 = CARTESIAN_POINT('',(394.,0.));
#16349 = VECTOR('',#16350,1.);
#16350 = DIRECTION('',(0.,1.));
#16351 = ( GEOMETRIC_REPRESENTATION_CONTEXT(2) 
PARAMETRIC_REPRESENTATION_CONTEXT() REPRESENTATION_CONTEXT('2D SPACE',''
  ) );
#16352 = PCURVE('',#15883,#16353);
#16353 = DEFINITIONAL_REPRESENTATION('',(#16354),#16358);
#16354 = LINE('',#16355,#16356);
#16355 = CARTESIAN_POINT('',(0.,0.));
#16356 = VECTOR('',#16357,1.);
#16357 = DIRECTION('',(0.,-1.));
#16358 = ( GEOMETRIC_REPRESENTATION_CONTEXT(2) 
PARAMETRIC_REPRESENTATION_CONTEXT() REPRESENTATION_CONTEXT('2D SPACE',''
  ) );
#16359 = ORIENTED_EDGE('',*,*,#16288,.F.);
#16360 = FACE_BOUND('',#16361,.F.);
#16361 = EDGE_LOOP('',(#16362));
#16362 = ORIENTED_EDGE('',*,*,#16363,.F.);
#16363 = EDGE_CURVE('',#16364,#16364,#16366,.T.);
#16364 = VERTEX_POINT('',#16365);
#16365 = CARTESIAN_POINT('',(472.25,-135.,118.));
#16366 = SURFACE_CURVE('',#16367,(#16372,#16379),.PCURVE_S1.);
#16367 = CIRCLE('',#16368,2.25);
#16368 = AXIS2_PLACEMENT_3D('',#16369,#16370,#16371);
#16369 = CARTESIAN_POINT('',(470.,-135.,118.));
#16370 = DIRECTION('',(0.,0.,1.));
#16371 = DIRECTION('',(1.,0.,-0.));
#16372 = PCURVE('',#15753,#16373);
#16373 = DEFINITIONAL_REPRESENTATION('',(#16374),#16378);
#16374 = CIRCLE('',#16375,2.25);
#16375 = AXIS2_PLACEMENT_2D('',#16376,#16377);
#16376 = CARTESIAN_POINT('',(22.,22.));
#16377 = DIRECTION('',(1.,0.));
#16378 = ( GEOMETRIC_REPRESENTATION_CONTEXT(2) 
PARAMETRIC_REPRESENTATION_CONTEXT() REPRESENTATION_CONTEXT('2D SPACE',''
  ) );
#16379 = PCURVE('',#15963,#16380);
#16380 = DEFINITIONAL_REPRESENTATION('',(#16381),#16385);
#16381 = LINE('',#16382,#16383);
#16382 = CARTESIAN_POINT('',(0.,2.));
#16383 = VECTOR('',#16384,1.);
#16384 = DIRECTION('',(1.,0.));
#16385 = ( GEOMETRIC_REPRESENTATION_CONTEXT(2) 
PARAMETRIC_REPRESENTATION_CONTEXT() REPRESENTATION_CONTEXT('2D SPACE',''
  ) );
#16386 = FACE_BOUND('',#16387,.F.);
#16387 = EDGE_LOOP('',(#16388));
#16388 = ORIENTED_EDGE('',*,*,#16389,.F.);
#16389 = EDGE_CURVE('',#16390,#16390,#16392,.T.);
#16390 = VERTEX_POINT('',#16391);
#16391 = CARTESIAN_POINT('',(648.,-100.,118.));
#16392 = SURFACE_CURVE('',#16393,(#16398,#16405),.PCURVE_S1.);
#16393 = CIRCLE('',#16394,8.);
#16394 = AXIS2_PLACEMENT_3D('',#16395,#16396,#16397);
#16395 = CARTESIAN_POINT('',(640.,-100.,118.));
#16396 = DIRECTION('',(0.,0.,1.));
#16397 = DIRECTION('',(1.,0.,-0.));
#16398 = PCURVE('',#15753,#16399);
#16399 = DEFINITIONAL_REPRESENTATION('',(#16400),#16404);
#16400 = CIRCLE('',#16401,8.);
#16401 = AXIS2_PLACEMENT_2D('',#16402,#16403);
#16402 = CARTESIAN_POINT('',(192.,57.));
#16403 = DIRECTION('',(1.,0.));
#16404 = ( GEOMETRIC_REPRESENTATION_CONTEXT(2) 
PARAMETRIC_REPRESENTATION_CONTEXT() REPRESENTATION_CONTEXT('2D SPACE',''
  ) );
#16405 = PCURVE('',#15994,#16406);
#16406 = DEFINITIONAL_REPRESENTATION('',(#16407),#16411);
#16407 = LINE('',#16408,#16409);
#16408 = CARTESIAN_POINT('',(0.,2.));
#16409 = VECTOR('',#16410,1.);
#16410 = DIRECTION('',(1.,0.));
#16411 = ( GEOMETRIC_REPRESENTATION_CONTEXT(2) 
PARAMETRIC_REPRESENTATION_CONTEXT() REPRESENTATION_CONTEXT('2D SPACE',''
  ) );
#16412 = FACE_BOUND('',#16413,.F.);
#16413 = EDGE_LOOP('',(#16414));
#16414 = ORIENTED_EDGE('',*,*,#16415,.F.);
#16415 = EDGE_CURVE('',#16416,#16416,#16418,.T.);
#16416 = VERTEX_POINT('',#16417);
#16417 = CARTESIAN_POINT('',(698.,-100.,118.));
#16418 = SURFACE_CURVE('',#16419,(#16424,#16431),.PCURVE_S1.);
#16419 = CIRCLE('',#16420,8.);
#16420 = AXIS2_PLACEMENT_3D('',#16421,#16422,#16423);
#16421 = CARTESIAN_POINT('',(690.,-100.,118.));
#16422 = DIRECTION('',(0.,0.,1.));
#16423 = DIRECTION('',(1.,0.,-0.));
#16424 = PCURVE('',#15753,#16425);
#16425 = DEFINITIONAL_REPRESENTATION('',(#16426),#16430);
#16426 = CIRCLE('',#16427,8.);
#16427 = AXIS2_PLACEMENT_2D('',#16428,#16429);
#16428 = CARTESIAN_POINT('',(242.,57.));
#16429 = DIRECTION('',(1.,0.));
#16430 = ( GEOMETRIC_REPRESENTATION_CONTEXT(2) 
PARAMETRIC_REPRESENTATION_CONTEXT() REPRESENTATION_CONTEXT('2D SPACE',''
  ) );
#16431 = PCURVE('',#16025,#16432);
#16432 = DEFINITIONAL_REPRESENTATION('',(#16433),#16437);
#16433 = LINE('',#16434,#16435);
#16434 = CARTESIAN_POINT('',(0.,2.));
#16435 = VECTOR('',#16436,1.);
#16436 = DIRECTION('',(1.,0.));
#16437 = ( GEOMETRIC_REPRESENTATION_CONTEXT(2) 
PARAMETRIC_REPRESENTATION_CONTEXT() REPRESENTATION_CONTEXT('2D SPACE',''
  ) );
#16438 = FACE_BOUND('',#16439,.F.);
#16439 = EDGE_LOOP('',(#16440));
#16440 = ORIENTED_EDGE('',*,*,#16441,.F.);
#16441 = EDGE_CURVE('',#16442,#16442,#16444,.T.);
#16442 = VERTEX_POINT('',#16443);
#16443 = CARTESIAN_POINT('',(822.25,-135.,118.));
#16444 = SURFACE_CURVE('',#16445,(#16450,#16457),.PCURVE_S1.);
#16445 = CIRCLE('',#16446,2.25);
#16446 = AXIS2_PLACEMENT_3D('',#16447,#16448,#16449);
#16447 = CARTESIAN_POINT('',(820.,-135.,118.));
#16448 = DIRECTION('',(0.,0.,1.));
#16449 = DIRECTION('',(1.,0.,-0.));
#16450 = PCURVE('',#15753,#16451);
#16451 = DEFINITIONAL_REPRESENTATION('',(#16452),#16456);
#16452 = CIRCLE('',#16453,2.25);
#16453 = AXIS2_PLACEMENT_2D('',#16454,#16455);
#16454 = CARTESIAN_POINT('',(372.,22.));
#16455 = DIRECTION('',(1.,0.));
#16456 = ( GEOMETRIC_REPRESENTATION_CONTEXT(2) 
PARAMETRIC_REPRESENTATION_CONTEXT() REPRESENTATION_CONTEXT('2D SPACE',''
  ) );
#16457 = PCURVE('',#16056,#16458);
#16458 = DEFINITIONAL_REPRESENTATION('',(#16459),#16463);
#16459 = LINE('',#16460,#16461);
#16460 = CARTESIAN_POINT('',(0.,2.));
#16461 = VECTOR('',#16462,1.);
#16462 = DIRECTION('',(1.,0.));
#16463 = ( GEOMETRIC_REPRESENTATION_CONTEXT(2) 
PARAMETRIC_REPRESENTATION_CONTEXT() REPRESENTATION_CONTEXT('2D SPACE',''
  ) );
#16464 = FACE_BOUND('',#16465,.F.);
#16465 = EDGE_LOOP('',(#16466));
#16466 = ORIENTED_EDGE('',*,*,#16467,.F.);
#16467 = EDGE_CURVE('',#16468,#16468,#16470,.T.);
#16468 = VERTEX_POINT('',#16469);
#16469 = CARTESIAN_POINT('',(781.,-100.,118.));
#16470 = SURFACE_CURVE('',#16471,(#16476,#16483),.PCURVE_S1.);
#16471 = CIRCLE('',#16472,11.);
#16472 = AXIS2_PLACEMENT_3D('',#16473,#16474,#16475);
#16473 = CARTESIAN_POINT('',(770.,-100.,118.));
#16474 = DIRECTION('',(0.,0.,1.));
#16475 = DIRECTION('',(1.,0.,-0.));
#16476 = PCURVE('',#15753,#16477);
#16477 = DEFINITIONAL_REPRESENTATION('',(#16478),#16482);
#16478 = CIRCLE('',#16479,11.);
#16479 = AXIS2_PLACEMENT_2D('',#16480,#16481);
#16480 = CARTESIAN_POINT('',(322.,57.));
#16481 = DIRECTION('',(1.,0.));
#16482 = ( GEOMETRIC_REPRESENTATION_CONTEXT(2) 
PARAMETRIC_REPRESENTATION_CONTEXT() REPRESENTATION_CONTEXT('2D SPACE',''
  ) );
#16483 = PCURVE('',#16087,#16484);
#16484 = DEFINITIONAL_REPRESENTATION('',(#16485),#16489);
#16485 = LINE('',#16486,#16487);
#16486 = CARTESIAN_POINT('',(0.,2.));
#16487 = VECTOR('',#16488,1.);
#16488 = DIRECTION('',(1.,0.));
#16489 = ( GEOMETRIC_REPRESENTATION_CONTEXT(2) 
PARAMETRIC_REPRESENTATION_CONTEXT() REPRESENTATION_CONTEXT('2D SPACE',''
  ) );
#16490 = FACE_BOUND('',#16491,.F.);
#16491 = EDGE_LOOP('',(#16492));
#16492 = ORIENTED_EDGE('',*,*,#16493,.F.);
#16493 = EDGE_CURVE('',#16494,#16494,#16496,.T.);
#16494 = VERTEX_POINT('',#16495);
#16495 = CARTESIAN_POINT('',(472.25,135.,118.));
#16496 = SURFACE_CURVE('',#16497,(#16502,#16509),.PCURVE_S1.);
#16497 = CIRCLE('',#16498,2.25);
#16498 = AXIS2_PLACEMENT_3D('',#16499,#16500,#16501);
#16499 = CARTESIAN_POINT('',(470.,135.,118.));
#16500 = DIRECTION('',(0.,0.,1.));
#16501 = DIRECTION('',(1.,0.,-0.));
#16502 = PCURVE('',#15753,#16503);
#16503 = DEFINITIONAL_REPRESENTATION('',(#16504),#16508);
#16504 = CIRCLE('',#16505,2.25);
#16505 = AXIS2_PLACEMENT_2D('',#16506,#16507);
#16506 = CARTESIAN_POINT('',(22.,292.));
#16507 = DIRECTION('',(1.,0.));
#16508 = ( GEOMETRIC_REPRESENTATION_CONTEXT(2) 
PARAMETRIC_REPRESENTATION_CONTEXT() REPRESENTATION_CONTEXT('2D SPACE',''
  ) );
#16509 = PCURVE('',#16118,#16510);
#16510 = DEFINITIONAL_REPRESENTATION('',(#16511),#16515);
#16511 = LINE('',#16512,#16513);
#16512 = CARTESIAN_POINT('',(0.,2.));
#16513 = VECTOR('',#16514,1.);
#16514 = DIRECTION('',(1.,0.));
#16515 = ( GEOMETRIC_REPRESENTATION_CONTEXT(2) 
PARAMETRIC_REPRESENTATION_CONTEXT() REPRESENTATION_CONTEXT('2D SPACE',''
  ) );
#16516 = FACE_BOUND('',#16517,.F.);
#16517 = EDGE_LOOP('',(#16518));
#16518 = ORIENTED_EDGE('',*,*,#16519,.F.);
#16519 = EDGE_CURVE('',#16520,#16520,#16522,.T.);
#16520 = VERTEX_POINT('',#16521);
#16521 = CARTESIAN_POINT('',(626.,100.,118.));
#16522 = SURFACE_CURVE('',#16523,(#16528,#16535),.PCURVE_S1.);
#16523 = CIRCLE('',#16524,6.);
#16524 = AXIS2_PLACEMENT_3D('',#16525,#16526,#16527);
#16525 = CARTESIAN_POINT('',(620.,100.,118.));
#16526 = DIRECTION('',(0.,0.,1.));
#16527 = DIRECTION('',(1.,0.,-0.));
#16528 = PCURVE('',#15753,#16529);
#16529 = DEFINITIONAL_REPRESENTATION('',(#16530),#16534);
#16530 = CIRCLE('',#16531,6.);
#16531 = AXIS2_PLACEMENT_2D('',#16532,#16533);
#16532 = CARTESIAN_POINT('',(172.,257.));
#16533 = DIRECTION('',(1.,0.));
#16534 = ( GEOMETRIC_REPRESENTATION_CONTEXT(2) 
PARAMETRIC_REPRESENTATION_CONTEXT() REPRESENTATION_CONTEXT('2D SPACE',''
  ) );
#16535 = PCURVE('',#16149,#16536);
#16536 = DEFINITIONAL_REPRESENTATION('',(#16537),#16541);
#16537 = LINE('',#16538,#16539);
#16538 = CARTESIAN_POINT('',(0.,2.));
#16539 = VECTOR('',#16540,1.);
#16540 = DIRECTION('',(1.,0.));
#16541 = ( GEOMETRIC_REPRESENTATION_CONTEXT(2) 
PARAMETRIC_REPRESENTATION_CONTEXT() REPRESENTATION_CONTEXT('2D SPACE',''
  ) );
#16542 = FACE_BOUND('',#16543,.F.);
#16543 = EDGE_LOOP('',(#16544));
#16544 = ORIENTED_EDGE('',*,*,#16545,.F.);
#16545 = EDGE_CURVE('',#16546,#16546,#16548,.T.);
#16546 = VERTEX_POINT('',#16547);
#16547 = CARTESIAN_POINT('',(782.,40.,118.));
#16548 = SURFACE_CURVE('',#16549,(#16554,#16561),.PCURVE_S1.);
#16549 = CIRCLE('',#16550,12.);
#16550 = AXIS2_PLACEMENT_3D('',#16551,#16552,#16553);
#16551 = CARTESIAN_POINT('',(770.,40.,118.));
#16552 = DIRECTION('',(0.,0.,1.));
#16553 = DIRECTION('',(1.,0.,-0.));
#16554 = PCURVE('',#15753,#16555);
#16555 = DEFINITIONAL_REPRESENTATION('',(#16556),#16560);
#16556 = CIRCLE('',#16557,12.);
#16557 = AXIS2_PLACEMENT_2D('',#16558,#16559);
#16558 = CARTESIAN_POINT('',(322.,197.));
#16559 = DIRECTION('',(1.,0.));
#16560 = ( GEOMETRIC_REPRESENTATION_CONTEXT(2) 
PARAMETRIC_REPRESENTATION_CONTEXT() REPRESENTATION_CONTEXT('2D SPACE',''
  ) );
#16561 = PCURVE('',#16180,#16562);
#16562 = DEFINITIONAL_REPRESENTATION('',(#16563),#16567);
#16563 = LINE('',#16564,#16565);
#16564 = CARTESIAN_POINT('',(0.,2.));
#16565 = VECTOR('',#16566,1.);
#16566 = DIRECTION('',(1.,0.));
#16567 = ( GEOMETRIC_REPRESENTATION_CONTEXT(2) 
PARAMETRIC_REPRESENTATION_CONTEXT() REPRESENTATION_CONTEXT('2D SPACE',''
  ) );
#16568 = FACE_BOUND('',#16569,.F.);
#16569 = EDGE_LOOP('',(#16570));
#16570 = ORIENTED_EDGE('',*,*,#16571,.F.);
#16571 = EDGE_CURVE('',#16572,#16572,#16574,.T.);
#16572 = VERTEX_POINT('',#16573);
#16573 = CARTESIAN_POINT('',(698.,100.,118.));
#16574 = SURFACE_CURVE('',#16575,(#16580,#16587),.PCURVE_S1.);
#16575 = CIRCLE('',#16576,8.);
#16576 = AXIS2_PLACEMENT_3D('',#16577,#16578,#16579);
#16577 = CARTESIAN_POINT('',(690.,100.,118.));
#16578 = DIRECTION('',(0.,0.,1.));
#16579 = DIRECTION('',(1.,0.,-0.));
#16580 = PCURVE('',#15753,#16581);
#16581 = DEFINITIONAL_REPRESENTATION('',(#16582),#16586);
#16582 = CIRCLE('',#16583,8.);
#16583 = AXIS2_PLACEMENT_2D('',#16584,#16585);
#16584 = CARTESIAN_POINT('',(242.,257.));
#16585 = DIRECTION('',(1.,0.));
#16586 = ( GEOMETRIC_REPRESENTATION_CONTEXT(2) 
PARAMETRIC_REPRESENTATION_CONTEXT() REPRESENTATION_CONTEXT('2D SPACE',''
  ) );
#16587 = PCURVE('',#16211,#16588);
#16588 = DEFINITIONAL_REPRESENTATION('',(#16589),#16593);
#16589 = LINE('',#16590,#16591);
#16590 = CARTESIAN_POINT('',(0.,2.));
#16591 = VECTOR('',#16592,1.);
#16592 = DIRECTION('',(1.,0.));
#16593 = ( GEOMETRIC_REPRESENTATION_CONTEXT(2) 
PARAMETRIC_REPRESENTATION_CONTEXT() REPRESENTATION_CONTEXT('2D SPACE',''
  ) );
#16594 = FACE_BOUND('',#16595,.F.);
#16595 = EDGE_LOOP('',(#16596));
#16596 = ORIENTED_EDGE('',*,*,#16597,.F.);
#16597 = EDGE_CURVE('',#16598,#16598,#16600,.T.);
#16598 = VERTEX_POINT('',#16599);
#16599 = CARTESIAN_POINT('',(782.,100.,118.));
#16600 = SURFACE_CURVE('',#16601,(#16606,#16613),.PCURVE_S1.);
#16601 = CIRCLE('',#16602,12.);
#16602 = AXIS2_PLACEMENT_3D('',#16603,#16604,#16605);
#16603 = CARTESIAN_POINT('',(770.,100.,118.));
#16604 = DIRECTION('',(0.,0.,1.));
#16605 = DIRECTION('',(1.,0.,-0.));
#16606 = PCURVE('',#15753,#16607);
#16607 = DEFINITIONAL_REPRESENTATION('',(#16608),#16612);
#16608 = CIRCLE('',#16609,12.);
#16609 = AXIS2_PLACEMENT_2D('',#16610,#16611);
#16610 = CARTESIAN_POINT('',(322.,257.));
#16611 = DIRECTION('',(1.,0.));
#16612 = ( GEOMETRIC_REPRESENTATION_CONTEXT(2) 
PARAMETRIC_REPRESENTATION_CONTEXT() REPRESENTATION_CONTEXT('2D SPACE',''
  ) );
#16613 = PCURVE('',#16242,#16614);
#16614 = DEFINITIONAL_REPRESENTATION('',(#16615),#16619);
#16615 = LINE('',#16616,#16617);
#16616 = CARTESIAN_POINT('',(0.,2.));
#16617 = VECTOR('',#16618,1.);
#16618 = DIRECTION('',(1.,0.));
#16619 = ( GEOMETRIC_REPRESENTATION_CONTEXT(2) 
PARAMETRIC_REPRESENTATION_CONTEXT() REPRESENTATION_CONTEXT('2D SPACE',''
  ) );
#16620 = FACE_BOUND('',#16621,.F.);
#16621 = EDGE_LOOP('',(#16622));
#16622 = ORIENTED_EDGE('',*,*,#16623,.F.);
#16623 = EDGE_CURVE('',#16624,#16624,#16626,.T.);
#16624 = VERTEX_POINT('',#16625);
#16625 = CARTESIAN_POINT('',(822.25,135.,118.));
#16626 = SURFACE_CURVE('',#16627,(#16632,#16639),.PCURVE_S1.);
#16627 = CIRCLE('',#16628,2.25);
#16628 = AXIS2_PLACEMENT_3D('',#16629,#16630,#16631);
#16629 = CARTESIAN_POINT('',(820.,135.,118.));
#16630 = DIRECTION('',(0.,0.,1.));
#16631 = DIRECTION('',(1.,0.,-0.));
#16632 = PCURVE('',#15753,#16633);
#16633 = DEFINITIONAL_REPRESENTATION('',(#16634),#16638);
#16634 = CIRCLE('',#16635,2.25);
#16635 = AXIS2_PLACEMENT_2D('',#16636,#16637);
#16636 = CARTESIAN_POINT('',(372.,292.));
#16637 = DIRECTION('',(1.,0.));
#16638 = ( GEOMETRIC_REPRESENTATION_CONTEXT(2) 
PARAMETRIC_REPRESENTATION_CONTEXT() REPRESENTATION_CONTEXT('2D SPACE',''
  ) );
#16639 = PCURVE('',#16273,#16640);
#16640 = DEFINITIONAL_REPRESENTATION('',(#16641),#16645);
#16641 = LINE('',#16642,#16643);
#16642 = CARTESIAN_POINT('',(0.,2.));
#16643 = VECTOR('',#16644,1.);
#16644 = DIRECTION('',(1.,0.));
#16645 = ( GEOMETRIC_REPRESENTATION_CONTEXT(2) 
PARAMETRIC_REPRESENTATION_CONTEXT() REPRESENTATION_CONTEXT('2D SPACE',''
  ) );
#16646 = ADVANCED_FACE('',(#16647),#15883,.T.);
#16647 = FACE_BOUND('',#16648,.T.);
#16648 = EDGE_LOOP('',(#16649,#16650,#16651,#16652));
#16649 = ORIENTED_EDGE('',*,*,#15869,.F.);
#16650 = ORIENTED_EDGE('',*,*,#16339,.T.);
#16651 = ORIENTED_EDGE('',*,*,#16313,.T.);
#16652 = ORIENTED_EDGE('',*,*,#15900,.F.);
#16653 = ADVANCED_FACE('',(#16654),#15963,.F.);
#16654 = FACE_BOUND('',#16655,.F.);
#16655 = EDGE_LOOP('',(#16656,#16657,#16678,#16679));
#16656 = ORIENTED_EDGE('',*,*,#15946,.F.);
#16657 = ORIENTED_EDGE('',*,*,#16658,.F.);
#16658 = EDGE_CURVE('',#16364,#15947,#16659,.T.);
#16659 = SEAM_CURVE('',#16660,(#16664,#16671),.PCURVE_S1.);
#16660 = LINE('',#16661,#16662);
#16661 = CARTESIAN_POINT('',(472.25,-135.,116.));
#16662 = VECTOR('',#16663,1.);
#16663 = DIRECTION('',(0.,0.,1.));
#16664 = PCURVE('',#15963,#16665);
#16665 = DEFINITIONAL_REPRESENTATION('',(#16666),#16670);
#16666 = LINE('',#16667,#16668);
#16667 = CARTESIAN_POINT('',(6.28318530718,-0.));
#16668 = VECTOR('',#16669,1.);
#16669 = DIRECTION('',(0.,1.));
#16670 = ( GEOMETRIC_REPRESENTATION_CONTEXT(2) 
PARAMETRIC_REPRESENTATION_CONTEXT() REPRESENTATION_CONTEXT('2D SPACE',''
  ) );
#16671 = PCURVE('',#15963,#16672);
#16672 = DEFINITIONAL_REPRESENTATION('',(#16673),#16677);
#16673 = LINE('',#16674,#16675);
#16674 = CARTESIAN_POINT('',(0.,-0.));
#16675 = VECTOR('',#16676,1.);
#16676 = DIRECTION('',(0.,1.));
#16677 = ( GEOMETRIC_REPRESENTATION_CONTEXT(2) 
PARAMETRIC_REPRESENTATION_CONTEXT() REPRESENTATION_CONTEXT('2D SPACE',''
  ) );
#16678 = ORIENTED_EDGE('',*,*,#16363,.T.);
#16679 = ORIENTED_EDGE('',*,*,#16658,.T.);
#16680 = ADVANCED_FACE('',(#16681),#15994,.F.);
#16681 = FACE_BOUND('',#16682,.F.);
#16682 = EDGE_LOOP('',(#16683,#16684,#16705,#16706));
#16683 = ORIENTED_EDGE('',*,*,#15977,.F.);
#16684 = ORIENTED_EDGE('',*,*,#16685,.F.);
#16685 = EDGE_CURVE('',#16390,#15978,#16686,.T.);
#16686 = SEAM_CURVE('',#16687,(#16691,#16698),.PCURVE_S1.);
#16687 = LINE('',#16688,#16689);
#16688 = CARTESIAN_POINT('',(648.,-100.,116.));
#16689 = VECTOR('',#16690,1.);
#16690 = DIRECTION('',(0.,0.,1.));
#16691 = PCURVE('',#15994,#16692);
#16692 = DEFINITIONAL_REPRESENTATION('',(#16693),#16697);
#16693 = LINE('',#16694,#16695);
#16694 = CARTESIAN_POINT('',(6.28318530718,-0.));
#16695 = VECTOR('',#16696,1.);
#16696 = DIRECTION('',(0.,1.));
#16697 = ( GEOMETRIC_REPRESENTATION_CONTEXT(2) 
PARAMETRIC_REPRESENTATION_CONTEXT() REPRESENTATION_CONTEXT('2D SPACE',''
  ) );
#16698 = PCURVE('',#15994,#16699);
#16699 = DEFINITIONAL_REPRESENTATION('',(#16700),#16704);
#16700 = LINE('',#16701,#16702);
#16701 = CARTESIAN_POINT('',(0.,-0.));
#16702 = VECTOR('',#16703,1.);
#16703 = DIRECTION('',(0.,1.));
#16704 = ( GEOMETRIC_REPRESENTATION_CONTEXT(2) 
PARAMETRIC_REPRESENTATION_CONTEXT() REPRESENTATION_CONTEXT('2D SPACE',''
  ) );
#16705 = ORIENTED_EDGE('',*,*,#16389,.T.);
#16706 = ORIENTED_EDGE('',*,*,#16685,.T.);
#16707 = ADVANCED_FACE('',(#16708),#16025,.F.);
#16708 = FACE_BOUND('',#16709,.F.);
#16709 = EDGE_LOOP('',(#16710,#16711,#16732,#16733));
#16710 = ORIENTED_EDGE('',*,*,#16008,.F.);
#16711 = ORIENTED_EDGE('',*,*,#16712,.F.);
#16712 = EDGE_CURVE('',#16416,#16009,#16713,.T.);
#16713 = SEAM_CURVE('',#16714,(#16718,#16725),.PCURVE_S1.);
#16714 = LINE('',#16715,#16716);
#16715 = CARTESIAN_POINT('',(698.,-100.,116.));
#16716 = VECTOR('',#16717,1.);
#16717 = DIRECTION('',(0.,0.,1.));
#16718 = PCURVE('',#16025,#16719);
#16719 = DEFINITIONAL_REPRESENTATION('',(#16720),#16724);
#16720 = LINE('',#16721,#16722);
#16721 = CARTESIAN_POINT('',(6.28318530718,-0.));
#16722 = VECTOR('',#16723,1.);
#16723 = DIRECTION('',(0.,1.));
#16724 = ( GEOMETRIC_REPRESENTATION_CONTEXT(2) 
PARAMETRIC_REPRESENTATION_CONTEXT() REPRESENTATION_CONTEXT('2D SPACE',''
  ) );
#16725 = PCURVE('',#16025,#16726);
#16726 = DEFINITIONAL_REPRESENTATION('',(#16727),#16731);
#16727 = LINE('',#16728,#16729);
#16728 = CARTESIAN_POINT('',(0.,-0.));
#16729 = VECTOR('',#16730,1.);
#16730 = DIRECTION('',(0.,1.));
#16731 = ( GEOMETRIC_REPRESENTATION_CONTEXT(2) 
PARAMETRIC_REPRESENTATION_CONTEXT() REPRESENTATION_CONTEXT('2D SPACE',''
  ) );
#16732 = ORIENTED_EDGE('',*,*,#16415,.T.);
#16733 = ORIENTED_EDGE('',*,*,#16712,.T.);
#16734 = ADVANCED_FACE('',(#16735),#16056,.F.);
#16735 = FACE_BOUND('',#16736,.F.);
#16736 = EDGE_LOOP('',(#16737,#16738,#16759,#16760));
#16737 = ORIENTED_EDGE('',*,*,#16039,.F.);
#16738 = ORIENTED_EDGE('',*,*,#16739,.F.);
#16739 = EDGE_CURVE('',#16442,#16040,#16740,.T.);
#16740 = SEAM_CURVE('',#16741,(#16745,#16752),.PCURVE_S1.);
#16741 = LINE('',#16742,#16743);
#16742 = CARTESIAN_POINT('',(822.25,-135.,116.));
#16743 = VECTOR('',#16744,1.);
#16744 = DIRECTION('',(0.,0.,1.));
#16745 = PCURVE('',#16056,#16746);
#16746 = DEFINITIONAL_REPRESENTATION('',(#16747),#16751);
#16747 = LINE('',#16748,#16749);
#16748 = CARTESIAN_POINT('',(6.28318530718,-0.));
#16749 = VECTOR('',#16750,1.);
#16750 = DIRECTION('',(0.,1.));
#16751 = ( GEOMETRIC_REPRESENTATION_CONTEXT(2) 
PARAMETRIC_REPRESENTATION_CONTEXT() REPRESENTATION_CONTEXT('2D SPACE',''
  ) );
#16752 = PCURVE('',#16056,#16753);
#16753 = DEFINITIONAL_REPRESENTATION('',(#16754),#16758);
#16754 = LINE('',#16755,#16756);
#16755 = CARTESIAN_POINT('',(0.,-0.));
#16756 = VECTOR('',#16757,1.);
#16757 = DIRECTION('',(0.,1.));
#16758 = ( GEOMETRIC_REPRESENTATION_CONTEXT(2) 
PARAMETRIC_REPRESENTATION_CONTEXT() REPRESENTATION_CONTEXT('2D SPACE',''
  ) );
#16759 = ORIENTED_EDGE('',*,*,#16441,.T.);
#16760 = ORIENTED_EDGE('',*,*,#16739,.T.);
#16761 = ADVANCED_FACE('',(#16762),#16087,.F.);
#16762 = FACE_BOUND('',#16763,.F.);
#16763 = EDGE_LOOP('',(#16764,#16765,#16786,#16787));
#16764 = ORIENTED_EDGE('',*,*,#16070,.F.);
#16765 = ORIENTED_EDGE('',*,*,#16766,.F.);
#16766 = EDGE_CURVE('',#16468,#16071,#16767,.T.);
#16767 = SEAM_CURVE('',#16768,(#16772,#16779),.PCURVE_S1.);
#16768 = LINE('',#16769,#16770);
#16769 = CARTESIAN_POINT('',(781.,-100.,116.));
#16770 = VECTOR('',#16771,1.);
#16771 = DIRECTION('',(0.,0.,1.));
#16772 = PCURVE('',#16087,#16773);
#16773 = DEFINITIONAL_REPRESENTATION('',(#16774),#16778);
#16774 = LINE('',#16775,#16776);
#16775 = CARTESIAN_POINT('',(6.28318530718,-0.));
#16776 = VECTOR('',#16777,1.);
#16777 = DIRECTION('',(0.,1.));
#16778 = ( GEOMETRIC_REPRESENTATION_CONTEXT(2) 
PARAMETRIC_REPRESENTATION_CONTEXT() REPRESENTATION_CONTEXT('2D SPACE',''
  ) );
#16779 = PCURVE('',#16087,#16780);
#16780 = DEFINITIONAL_REPRESENTATION('',(#16781),#16785);
#16781 = LINE('',#16782,#16783);
#16782 = CARTESIAN_POINT('',(0.,-0.));
#16783 = VECTOR('',#16784,1.);
#16784 = DIRECTION('',(0.,1.));
#16785 = ( GEOMETRIC_REPRESENTATION_CONTEXT(2) 
PARAMETRIC_REPRESENTATION_CONTEXT() REPRESENTATION_CONTEXT('2D SPACE',''
  ) );
#16786 = ORIENTED_EDGE('',*,*,#16467,.T.);
#16787 = ORIENTED_EDGE('',*,*,#16766,.T.);
#16788 = ADVANCED_FACE('',(#16789),#16118,.F.);
#16789 = FACE_BOUND('',#16790,.F.);
#16790 = EDGE_LOOP('',(#16791,#16792,#16813,#16814));
#16791 = ORIENTED_EDGE('',*,*,#16101,.F.);
#16792 = ORIENTED_EDGE('',*,*,#16793,.F.);
#16793 = EDGE_CURVE('',#16494,#16102,#16794,.T.);
#16794 = SEAM_CURVE('',#16795,(#16799,#16806),.PCURVE_S1.);
#16795 = LINE('',#16796,#16797);
#16796 = CARTESIAN_POINT('',(472.25,135.,116.));
#16797 = VECTOR('',#16798,1.);
#16798 = DIRECTION('',(0.,0.,1.));
#16799 = PCURVE('',#16118,#16800);
#16800 = DEFINITIONAL_REPRESENTATION('',(#16801),#16805);
#16801 = LINE('',#16802,#16803);
#16802 = CARTESIAN_POINT('',(6.28318530718,-0.));
#16803 = VECTOR('',#16804,1.);
#16804 = DIRECTION('',(0.,1.));
#16805 = ( GEOMETRIC_REPRESENTATION_CONTEXT(2) 
PARAMETRIC_REPRESENTATION_CONTEXT() REPRESENTATION_CONTEXT('2D SPACE',''
  ) );
#16806 = PCURVE('',#16118,#16807);
#16807 = DEFINITIONAL_REPRESENTATION('',(#16808),#16812);
#16808 = LINE('',#16809,#16810);
#16809 = CARTESIAN_POINT('',(0.,-0.));
#16810 = VECTOR('',#16811,1.);
#16811 = DIRECTION('',(0.,1.));
#16812 = ( GEOMETRIC_REPRESENTATION_CONTEXT(2) 
PARAMETRIC_REPRESENTATION_CONTEXT() REPRESENTATION_CONTEXT('2D SPACE',''
  ) );
#16813 = ORIENTED_EDGE('',*,*,#16493,.T.);
#16814 = ORIENTED_EDGE('',*,*,#16793,.T.);
#16815 = ADVANCED_FACE('',(#16816),#16149,.F.);
#16816 = FACE_BOUND('',#16817,.F.);
#16817 = EDGE_LOOP('',(#16818,#16819,#16840,#16841));
#16818 = ORIENTED_EDGE('',*,*,#16132,.F.);
#16819 = ORIENTED_EDGE('',*,*,#16820,.F.);
#16820 = EDGE_CURVE('',#16520,#16133,#16821,.T.);
#16821 = SEAM_CURVE('',#16822,(#16826,#16833),.PCURVE_S1.);
#16822 = LINE('',#16823,#16824);
#16823 = CARTESIAN_POINT('',(626.,100.,116.));
#16824 = VECTOR('',#16825,1.);
#16825 = DIRECTION('',(0.,0.,1.));
#16826 = PCURVE('',#16149,#16827);
#16827 = DEFINITIONAL_REPRESENTATION('',(#16828),#16832);
#16828 = LINE('',#16829,#16830);
#16829 = CARTESIAN_POINT('',(6.28318530718,-0.));
#16830 = VECTOR('',#16831,1.);
#16831 = DIRECTION('',(0.,1.));
#16832 = ( GEOMETRIC_REPRESENTATION_CONTEXT(2) 
PARAMETRIC_REPRESENTATION_CONTEXT() REPRESENTATION_CONTEXT('2D SPACE',''
  ) );
#16833 = PCURVE('',#16149,#16834);
#16834 = DEFINITIONAL_REPRESENTATION('',(#16835),#16839);
#16835 = LINE('',#16836,#16837);
#16836 = CARTESIAN_POINT('',(0.,-0.));
#16837 = VECTOR('',#16838,1.);
#16838 = DIRECTION('',(0.,1.));
#16839 = ( GEOMETRIC_REPRESENTATION_CONTEXT(2) 
PARAMETRIC_REPRESENTATION_CONTEXT() REPRESENTATION_CONTEXT('2D SPACE',''
  ) );
#16840 = ORIENTED_EDGE('',*,*,#16519,.T.);
#16841 = ORIENTED_EDGE('',*,*,#16820,.T.);
#16842 = ADVANCED_FACE('',(#16843),#16180,.F.);
#16843 = FACE_BOUND('',#16844,.F.);
#16844 = EDGE_LOOP('',(#16845,#16846,#16867,#16868));
#16845 = ORIENTED_EDGE('',*,*,#16163,.F.);
#16846 = ORIENTED_EDGE('',*,*,#16847,.F.);
#16847 = EDGE_CURVE('',#16546,#16164,#16848,.T.);
#16848 = SEAM_CURVE('',#16849,(#16853,#16860),.PCURVE_S1.);
#16849 = LINE('',#16850,#16851);
#16850 = CARTESIAN_POINT('',(782.,40.,116.));
#16851 = VECTOR('',#16852,1.);
#16852 = DIRECTION('',(0.,0.,1.));
#16853 = PCURVE('',#16180,#16854);
#16854 = DEFINITIONAL_REPRESENTATION('',(#16855),#16859);
#16855 = LINE('',#16856,#16857);
#16856 = CARTESIAN_POINT('',(6.28318530718,-0.));
#16857 = VECTOR('',#16858,1.);
#16858 = DIRECTION('',(0.,1.));
#16859 = ( GEOMETRIC_REPRESENTATION_CONTEXT(2) 
PARAMETRIC_REPRESENTATION_CONTEXT() REPRESENTATION_CONTEXT('2D SPACE',''
  ) );
#16860 = PCURVE('',#16180,#16861);
#16861 = DEFINITIONAL_REPRESENTATION('',(#16862),#16866);
#16862 = LINE('',#16863,#16864);
#16863 = CARTESIAN_POINT('',(0.,-0.));
#16864 = VECTOR('',#16865,1.);
#16865 = DIRECTION('',(0.,1.));
#16866 = ( GEOMETRIC_REPRESENTATION_CONTEXT(2) 
PARAMETRIC_REPRESENTATION_CONTEXT() REPRESENTATION_CONTEXT('2D SPACE',''
  ) );
#16867 = ORIENTED_EDGE('',*,*,#16545,.T.);
#16868 = ORIENTED_EDGE('',*,*,#16847,.T.);
#16869 = ADVANCED_FACE('',(#16870),#16211,.F.);
#16870 = FACE_BOUND('',#16871,.F.);
#16871 = EDGE_LOOP('',(#16872,#16873,#16894,#16895));
#16872 = ORIENTED_EDGE('',*,*,#16194,.F.);
#16873 = ORIENTED_EDGE('',*,*,#16874,.F.);
#16874 = EDGE_CURVE('',#16572,#16195,#16875,.T.);
#16875 = SEAM_CURVE('',#16876,(#16880,#16887),.PCURVE_S1.);
#16876 = LINE('',#16877,#16878);
#16877 = CARTESIAN_POINT('',(698.,100.,116.));
#16878 = VECTOR('',#16879,1.);
#16879 = DIRECTION('',(0.,0.,1.));
#16880 = PCURVE('',#16211,#16881);
#16881 = DEFINITIONAL_REPRESENTATION('',(#16882),#16886);
#16882 = LINE('',#16883,#16884);
#16883 = CARTESIAN_POINT('',(6.28318530718,-0.));
#16884 = VECTOR('',#16885,1.);
#16885 = DIRECTION('',(0.,1.));
#16886 = ( GEOMETRIC_REPRESENTATION_CONTEXT(2) 
PARAMETRIC_REPRESENTATION_CONTEXT() REPRESENTATION_CONTEXT('2D SPACE',''
  ) );
#16887 = PCURVE('',#16211,#16888);
#16888 = DEFINITIONAL_REPRESENTATION('',(#16889),#16893);
#16889 = LINE('',#16890,#16891);
#16890 = CARTESIAN_POINT('',(0.,-0.));
#16891 = VECTOR('',#16892,1.);
#16892 = DIRECTION('',(0.,1.));
#16893 = ( GEOMETRIC_REPRESENTATION_CONTEXT(2) 
PARAMETRIC_REPRESENTATION_CONTEXT() REPRESENTATION_CONTEXT('2D SPACE',''
  ) );
#16894 = ORIENTED_EDGE('',*,*,#16571,.T.);
#16895 = ORIENTED_EDGE('',*,*,#16874,.T.);
#16896 = ADVANCED_FACE('',(#16897),#16242,.F.);
#16897 = FACE_BOUND('',#16898,.F.);
#16898 = EDGE_LOOP('',(#16899,#16900,#16921,#16922));
#16899 = ORIENTED_EDGE('',*,*,#16225,.F.);
#16900 = ORIENTED_EDGE('',*,*,#16901,.F.);
#16901 = EDGE_CURVE('',#16598,#16226,#16902,.T.);
#16902 = SEAM_CURVE('',#16903,(#16907,#16914),.PCURVE_S1.);
#16903 = LINE('',#16904,#16905);
#16904 = CARTESIAN_POINT('',(782.,100.,116.));
#16905 = VECTOR('',#16906,1.);
#16906 = DIRECTION('',(0.,0.,1.));
#16907 = PCURVE('',#16242,#16908);
#16908 = DEFINITIONAL_REPRESENTATION('',(#16909),#16913);
#16909 = LINE('',#16910,#16911);
#16910 = CARTESIAN_POINT('',(6.28318530718,-0.));
#16911 = VECTOR('',#16912,1.);
#16912 = DIRECTION('',(0.,1.));
#16913 = ( GEOMETRIC_REPRESENTATION_CONTEXT(2) 
PARAMETRIC_REPRESENTATION_CONTEXT() REPRESENTATION_CONTEXT('2D SPACE',''
  ) );
#16914 = PCURVE('',#16242,#16915);
#16915 = DEFINITIONAL_REPRESENTATION('',(#16916),#16920);
#16916 = LINE('',#16917,#16918);
#16917 = CARTESIAN_POINT('',(0.,-0.));
#16918 = VECTOR('',#16919,1.);
#16919 = DIRECTION('',(0.,1.));
#16920 = ( GEOMETRIC_REPRESENTATION_CONTEXT(2) 
PARAMETRIC_REPRESENTATION_CONTEXT() REPRESENTATION_CONTEXT('2D SPACE',''
  ) );
#16921 = ORIENTED_EDGE('',*,*,#16597,.T.);
#16922 = ORIENTED_EDGE('',*,*,#16901,.T.);
#16923 = ADVANCED_FACE('',(#16924),#16273,.F.);
#16924 = FACE_BOUND('',#16925,.F.);
#16925 = EDGE_LOOP('',(#16926,#16927,#16948,#16949));
#16926 = ORIENTED_EDGE('',*,*,#16256,.F.);
#16927 = ORIENTED_EDGE('',*,*,#16928,.F.);
#16928 = EDGE_CURVE('',#16624,#16257,#16929,.T.);
#16929 = SEAM_CURVE('',#16930,(#16934,#16941),.PCURVE_S1.);
#16930 = LINE('',#16931,#16932);
#16931 = CARTESIAN_POINT('',(822.25,135.,116.));
#16932 = VECTOR('',#16933,1.);
#16933 = DIRECTION('',(0.,0.,1.));
#16934 = PCURVE('',#16273,#16935);
#16935 = DEFINITIONAL_REPRESENTATION('',(#16936),#16940);
#16936 = LINE('',#16937,#16938);
#16937 = CARTESIAN_POINT('',(6.28318530718,-0.));
#16938 = VECTOR('',#16939,1.);
#16939 = DIRECTION('',(0.,1.));
#16940 = ( GEOMETRIC_REPRESENTATION_CONTEXT(2) 
PARAMETRIC_REPRESENTATION_CONTEXT() REPRESENTATION_CONTEXT('2D SPACE',''
  ) );
#16941 = PCURVE('',#16273,#16942);
#16942 = DEFINITIONAL_REPRESENTATION('',(#16943),#16947);
#16943 = LINE('',#16944,#16945);
#16944 = CARTESIAN_POINT('',(0.,-0.));
#16945 = VECTOR('',#16946,1.);
#16946 = DIRECTION('',(0.,1.));
#16947 = ( GEOMETRIC_REPRESENTATION_CONTEXT(2) 
PARAMETRIC_REPRESENTATION_CONTEXT() REPRESENTATION_CONTEXT('2D SPACE',''
  ) );
#16948 = ORIENTED_EDGE('',*,*,#16623,.T.);
#16949 = ORIENTED_EDGE('',*,*,#16928,.T.);
#16950 = ( GEOMETRIC_REPRESENTATION_CONTEXT(3) 
GLOBAL_UNCERTAINTY_ASSIGNED_CONTEXT((#16954)) 
GLOBAL_UNIT_ASSIGNED_CONTEXT((#16951,#16952,#16953)) 
REPRESENTATION_CONTEXT('Context #1',
  '3D Context with UNIT and UNCERTAINTY') );
#16951 = ( LENGTH_UNIT() NAMED_UNIT(*) SI_UNIT(.MILLI.,.METRE.) );
#16952 = ( NAMED_UNIT(*) PLANE_ANGLE_UNIT() SI_UNIT($,.RADIAN.) );
#16953 = ( NAMED_UNIT(*) SI_UNIT($,.STERADIAN.) SOLID_ANGLE_UNIT() );
#16954 = UNCERTAINTY_MEASURE_WITH_UNIT(LENGTH_MEASURE(1.E-07),#16951,
  'distance_accuracy_value','confusion accuracy');
#16955 = CONTEXT_DEPENDENT_SHAPE_REPRESENTATION(#16956,#16958);
#16956 = ( REPRESENTATION_RELATIONSHIP('','',#15695,#10) 
REPRESENTATION_RELATIONSHIP_WITH_TRANSFORMATION(#16957) 
SHAPE_REPRESENTATION_RELATIONSHIP() );
#16957 = ITEM_DEFINED_TRANSFORMATION('','',#11,#99);
#16958 = PRODUCT_DEFINITION_SHAPE('Placement','Placement of an item',
  #16959);
#16959 = NEXT_ASSEMBLY_USAGE_OCCURRENCE('58','=>[0:1:1:23]','',#5,#15690
  ,$);
#16960 = PRODUCT_RELATED_PRODUCT_CATEGORY('part',$,(#15692));
#16961 = SHAPE_DEFINITION_REPRESENTATION(#16962,#16968);
#16962 = PRODUCT_DEFINITION_SHAPE('','',#16963);
#16963 = PRODUCT_DEFINITION('design','',#16964,#16967);
#16964 = PRODUCT_DEFINITION_FORMATION('','',#16965);
#16965 = PRODUCT('COMPOUND','COMPOUND','',(#16966));
#16966 = PRODUCT_CONTEXT('',#2,'mechanical');
#16967 = PRODUCT_DEFINITION_CONTEXT('part definition',#2,'design');
#16968 = ADVANCED_BREP_SHAPE_REPRESENTATION('',(#11,#16969),#17299);
#16969 = MANIFOLD_SOLID_BREP('',#16970);
#16970 = CLOSED_SHELL('',(#16971,#17091,#17191,#17238,#17285,#17292));
#16971 = ADVANCED_FACE('',(#16972),#16986,.F.);
#16972 = FACE_BOUND('',#16973,.F.);
#16973 = EDGE_LOOP('',(#16974,#17009,#17037,#17065));
#16974 = ORIENTED_EDGE('',*,*,#16975,.F.);
#16975 = EDGE_CURVE('',#16976,#16978,#16980,.T.);
#16976 = VERTEX_POINT('',#16977);
#16977 = CARTESIAN_POINT('',(-90.5,-83.5,-38.5));
#16978 = VERTEX_POINT('',#16979);
#16979 = CARTESIAN_POINT('',(-90.5,-83.5,38.5));
#16980 = SURFACE_CURVE('',#16981,(#16985,#16997),.PCURVE_S1.);
#16981 = LINE('',#16982,#16983);
#16982 = CARTESIAN_POINT('',(-90.5,-83.5,-38.5));
#16983 = VECTOR('',#16984,1.);
#16984 = DIRECTION('',(0.,0.,1.));
#16985 = PCURVE('',#16986,#16991);
#16986 = PLANE('',#16987);
#16987 = AXIS2_PLACEMENT_3D('',#16988,#16989,#16990);
#16988 = CARTESIAN_POINT('',(-90.5,-83.5,-38.5));
#16989 = DIRECTION('',(1.,0.,-0.));
#16990 = DIRECTION('',(0.,0.,1.));
#16991 = DEFINITIONAL_REPRESENTATION('',(#16992),#16996);
#16992 = LINE('',#16993,#16994);
#16993 = CARTESIAN_POINT('',(0.,0.));
#16994 = VECTOR('',#16995,1.);
#16995 = DIRECTION('',(1.,0.));
#16996 = ( GEOMETRIC_REPRESENTATION_CONTEXT(2) 
PARAMETRIC_REPRESENTATION_CONTEXT() REPRESENTATION_CONTEXT('2D SPACE',''
  ) );
#16997 = PCURVE('',#16998,#17003);
#16998 = PLANE('',#16999);
#16999 = AXIS2_PLACEMENT_3D('',#17000,#17001,#17002);
#17000 = CARTESIAN_POINT('',(-90.5,-83.5,-38.5));
#17001 = DIRECTION('',(-0.,1.,0.));
#17002 = DIRECTION('',(0.,0.,1.));
#17003 = DEFINITIONAL_REPRESENTATION('',(#17004),#17008);
#17004 = LINE('',#17005,#17006);
#17005 = CARTESIAN_POINT('',(0.,0.));
#17006 = VECTOR('',#17007,1.);
#17007 = DIRECTION('',(1.,0.));
#17008 = ( GEOMETRIC_REPRESENTATION_CONTEXT(2) 
PARAMETRIC_REPRESENTATION_CONTEXT() REPRESENTATION_CONTEXT('2D SPACE',''
  ) );
#17009 = ORIENTED_EDGE('',*,*,#17010,.T.);
#17010 = EDGE_CURVE('',#16976,#17011,#17013,.T.);
#17011 = VERTEX_POINT('',#17012);
#17012 = CARTESIAN_POINT('',(-90.5,83.5,-38.5));
#17013 = SURFACE_CURVE('',#17014,(#17018,#17025),.PCURVE_S1.);
#17014 = LINE('',#17015,#17016);
#17015 = CARTESIAN_POINT('',(-90.5,-83.5,-38.5));
#17016 = VECTOR('',#17017,1.);
#17017 = DIRECTION('',(-0.,1.,0.));
#17018 = PCURVE('',#16986,#17019);
#17019 = DEFINITIONAL_REPRESENTATION('',(#17020),#17024);
#17020 = LINE('',#17021,#17022);
#17021 = CARTESIAN_POINT('',(0.,0.));
#17022 = VECTOR('',#17023,1.);
#17023 = DIRECTION('',(0.,-1.));
#17024 = ( GEOMETRIC_REPRESENTATION_CONTEXT(2) 
PARAMETRIC_REPRESENTATION_CONTEXT() REPRESENTATION_CONTEXT('2D SPACE',''
  ) );
#17025 = PCURVE('',#17026,#17031);
#17026 = PLANE('',#17027);
#17027 = AXIS2_PLACEMENT_3D('',#17028,#17029,#17030);
#17028 = CARTESIAN_POINT('',(-90.5,-83.5,-38.5));
#17029 = DIRECTION('',(0.,0.,1.));
#17030 = DIRECTION('',(1.,0.,-0.));
#17031 = DEFINITIONAL_REPRESENTATION('',(#17032),#17036);
#17032 = LINE('',#17033,#17034);
#17033 = CARTESIAN_POINT('',(0.,0.));
#17034 = VECTOR('',#17035,1.);
#17035 = DIRECTION('',(0.,1.));
#17036 = ( GEOMETRIC_REPRESENTATION_CONTEXT(2) 
PARAMETRIC_REPRESENTATION_CONTEXT() REPRESENTATION_CONTEXT('2D SPACE',''
  ) );
#17037 = ORIENTED_EDGE('',*,*,#17038,.T.);
#17038 = EDGE_CURVE('',#17011,#17039,#17041,.T.);
#17039 = VERTEX_POINT('',#17040);
#17040 = CARTESIAN_POINT('',(-90.5,83.5,38.5));
#17041 = SURFACE_CURVE('',#17042,(#17046,#17053),.PCURVE_S1.);
#17042 = LINE('',#17043,#17044);
#17043 = CARTESIAN_POINT('',(-90.5,83.5,-38.5));
#17044 = VECTOR('',#17045,1.);
#17045 = DIRECTION('',(0.,0.,1.));
#17046 = PCURVE('',#16986,#17047);
#17047 = DEFINITIONAL_REPRESENTATION('',(#17048),#17052);
#17048 = LINE('',#17049,#17050);
#17049 = CARTESIAN_POINT('',(0.,-167.));
#17050 = VECTOR('',#17051,1.);
#17051 = DIRECTION('',(1.,0.));
#17052 = ( GEOMETRIC_REPRESENTATION_CONTEXT(2) 
PARAMETRIC_REPRESENTATION_CONTEXT() REPRESENTATION_CONTEXT('2D SPACE',''
  ) );
#17053 = PCURVE('',#17054,#17059);
#17054 = PLANE('',#17055);
#17055 = AXIS2_PLACEMENT_3D('',#17056,#17057,#17058);
#17056 = CARTESIAN_POINT('',(-90.5,83.5,-38.5));
#17057 = DIRECTION('',(-0.,1.,0.));
#17058 = DIRECTION('',(0.,0.,1.));
#17059 = DEFINITIONAL_REPRESENTATION('',(#17060),#17064);
#17060 = LINE('',#17061,#17062);
#17061 = CARTESIAN_POINT('',(0.,0.));
#17062 = VECTOR('',#17063,1.);
#17063 = DIRECTION('',(1.,0.));
#17064 = ( GEOMETRIC_REPRESENTATION_CONTEXT(2) 
PARAMETRIC_REPRESENTATION_CONTEXT() REPRESENTATION_CONTEXT('2D SPACE',''
  ) );
#17065 = ORIENTED_EDGE('',*,*,#17066,.F.);
#17066 = EDGE_CURVE('',#16978,#17039,#17067,.T.);
#17067 = SURFACE_CURVE('',#17068,(#17072,#17079),.PCURVE_S1.);
#17068 = LINE('',#17069,#17070);
#17069 = CARTESIAN_POINT('',(-90.5,-83.5,38.5));
#17070 = VECTOR('',#17071,1.);
#17071 = DIRECTION('',(-0.,1.,0.));
#17072 = PCURVE('',#16986,#17073);
#17073 = DEFINITIONAL_REPRESENTATION('',(#17074),#17078);
#17074 = LINE('',#17075,#17076);
#17075 = CARTESIAN_POINT('',(77.,0.));
#17076 = VECTOR('',#17077,1.);
#17077 = DIRECTION('',(0.,-1.));
#17078 = ( GEOMETRIC_REPRESENTATION_CONTEXT(2) 
PARAMETRIC_REPRESENTATION_CONTEXT() REPRESENTATION_CONTEXT('2D SPACE',''
  ) );
#17079 = PCURVE('',#17080,#17085);
#17080 = PLANE('',#17081);
#17081 = AXIS2_PLACEMENT_3D('',#17082,#17083,#17084);
#17082 = CARTESIAN_POINT('',(-90.5,-83.5,38.5));
#17083 = DIRECTION('',(0.,0.,1.));
#17084 = DIRECTION('',(1.,0.,-0.));
#17085 = DEFINITIONAL_REPRESENTATION('',(#17086),#17090);
#17086 = LINE('',#17087,#17088);
#17087 = CARTESIAN_POINT('',(0.,0.));
#17088 = VECTOR('',#17089,1.);
#17089 = DIRECTION('',(0.,1.));
#17090 = ( GEOMETRIC_REPRESENTATION_CONTEXT(2) 
PARAMETRIC_REPRESENTATION_CONTEXT() REPRESENTATION_CONTEXT('2D SPACE',''
  ) );
#17091 = ADVANCED_FACE('',(#17092),#17106,.T.);
#17092 = FACE_BOUND('',#17093,.T.);
#17093 = EDGE_LOOP('',(#17094,#17124,#17147,#17170));
#17094 = ORIENTED_EDGE('',*,*,#17095,.F.);
#17095 = EDGE_CURVE('',#17096,#17098,#17100,.T.);
#17096 = VERTEX_POINT('',#17097);
#17097 = CARTESIAN_POINT('',(90.5,-83.5,-38.5));
#17098 = VERTEX_POINT('',#17099);
#17099 = CARTESIAN_POINT('',(90.5,-83.5,38.5));
#17100 = SURFACE_CURVE('',#17101,(#17105,#17117),.PCURVE_S1.);
#17101 = LINE('',#17102,#17103);
#17102 = CARTESIAN_POINT('',(90.5,-83.5,-38.5));
#17103 = VECTOR('',#17104,1.);
#17104 = DIRECTION('',(0.,0.,1.));
#17105 = PCURVE('',#17106,#17111);
#17106 = PLANE('',#17107);
#17107 = AXIS2_PLACEMENT_3D('',#17108,#17109,#17110);
#17108 = CARTESIAN_POINT('',(90.5,-83.5,-38.5));
#17109 = DIRECTION('',(1.,0.,-0.));
#17110 = DIRECTION('',(0.,0.,1.));
#17111 = DEFINITIONAL_REPRESENTATION('',(#17112),#17116);
#17112 = LINE('',#17113,#17114);
#17113 = CARTESIAN_POINT('',(0.,0.));
#17114 = VECTOR('',#17115,1.);
#17115 = DIRECTION('',(1.,0.));
#17116 = ( GEOMETRIC_REPRESENTATION_CONTEXT(2) 
PARAMETRIC_REPRESENTATION_CONTEXT() REPRESENTATION_CONTEXT('2D SPACE',''
  ) );
#17117 = PCURVE('',#16998,#17118);
#17118 = DEFINITIONAL_REPRESENTATION('',(#17119),#17123);
#17119 = LINE('',#17120,#17121);
#17120 = CARTESIAN_POINT('',(0.,181.));
#17121 = VECTOR('',#17122,1.);
#17122 = DIRECTION('',(1.,0.));
#17123 = ( GEOMETRIC_REPRESENTATION_CONTEXT(2) 
PARAMETRIC_REPRESENTATION_CONTEXT() REPRESENTATION_CONTEXT('2D SPACE',''
  ) );
#17124 = ORIENTED_EDGE('',*,*,#17125,.T.);
#17125 = EDGE_CURVE('',#17096,#17126,#17128,.T.);
#17126 = VERTEX_POINT('',#17127);
#17127 = CARTESIAN_POINT('',(90.5,83.5,-38.5));
#17128 = SURFACE_CURVE('',#17129,(#17133,#17140),.PCURVE_S1.);
#17129 = LINE('',#17130,#17131);
#17130 = CARTESIAN_POINT('',(90.5,-83.5,-38.5));
#17131 = VECTOR('',#17132,1.);
#17132 = DIRECTION('',(-0.,1.,0.));
#17133 = PCURVE('',#17106,#17134);
#17134 = DEFINITIONAL_REPRESENTATION('',(#17135),#17139);
#17135 = LINE('',#17136,#17137);
#17136 = CARTESIAN_POINT('',(0.,0.));
#17137 = VECTOR('',#17138,1.);
#17138 = DIRECTION('',(0.,-1.));
#17139 = ( GEOMETRIC_REPRESENTATION_CONTEXT(2) 
PARAMETRIC_REPRESENTATION_CONTEXT() REPRESENTATION_CONTEXT('2D SPACE',''
  ) );
#17140 = PCURVE('',#17026,#17141);
#17141 = DEFINITIONAL_REPRESENTATION('',(#17142),#17146);
#17142 = LINE('',#17143,#17144);
#17143 = CARTESIAN_POINT('',(181.,0.));
#17144 = VECTOR('',#17145,1.);
#17145 = DIRECTION('',(0.,1.));
#17146 = ( GEOMETRIC_REPRESENTATION_CONTEXT(2) 
PARAMETRIC_REPRESENTATION_CONTEXT() REPRESENTATION_CONTEXT('2D SPACE',''
  ) );
#17147 = ORIENTED_EDGE('',*,*,#17148,.T.);
#17148 = EDGE_CURVE('',#17126,#17149,#17151,.T.);
#17149 = VERTEX_POINT('',#17150);
#17150 = CARTESIAN_POINT('',(90.5,83.5,38.5));
#17151 = SURFACE_CURVE('',#17152,(#17156,#17163),.PCURVE_S1.);
#17152 = LINE('',#17153,#17154);
#17153 = CARTESIAN_POINT('',(90.5,83.5,-38.5));
#17154 = VECTOR('',#17155,1.);
#17155 = DIRECTION('',(0.,0.,1.));
#17156 = PCURVE('',#17106,#17157);
#17157 = DEFINITIONAL_REPRESENTATION('',(#17158),#17162);
#17158 = LINE('',#17159,#17160);
#17159 = CARTESIAN_POINT('',(0.,-167.));
#17160 = VECTOR('',#17161,1.);
#17161 = DIRECTION('',(1.,0.));
#17162 = ( GEOMETRIC_REPRESENTATION_CONTEXT(2) 
PARAMETRIC_REPRESENTATION_CONTEXT() REPRESENTATION_CONTEXT('2D SPACE',''
  ) );
#17163 = PCURVE('',#17054,#17164);
#17164 = DEFINITIONAL_REPRESENTATION('',(#17165),#17169);
#17165 = LINE('',#17166,#17167);
#17166 = CARTESIAN_POINT('',(0.,181.));
#17167 = VECTOR('',#17168,1.);
#17168 = DIRECTION('',(1.,0.));
#17169 = ( GEOMETRIC_REPRESENTATION_CONTEXT(2) 
PARAMETRIC_REPRESENTATION_CONTEXT() REPRESENTATION_CONTEXT('2D SPACE',''
  ) );
#17170 = ORIENTED_EDGE('',*,*,#17171,.F.);
#17171 = EDGE_CURVE('',#17098,#17149,#17172,.T.);
#17172 = SURFACE_CURVE('',#17173,(#17177,#17184),.PCURVE_S1.);
#17173 = LINE('',#17174,#17175);
#17174 = CARTESIAN_POINT('',(90.5,-83.5,38.5));
#17175 = VECTOR('',#17176,1.);
#17176 = DIRECTION('',(-0.,1.,0.));
#17177 = PCURVE('',#17106,#17178);
#17178 = DEFINITIONAL_REPRESENTATION('',(#17179),#17183);
#17179 = LINE('',#17180,#17181);
#17180 = CARTESIAN_POINT('',(77.,0.));
#17181 = VECTOR('',#17182,1.);
#17182 = DIRECTION('',(0.,-1.));
#17183 = ( GEOMETRIC_REPRESENTATION_CONTEXT(2) 
PARAMETRIC_REPRESENTATION_CONTEXT() REPRESENTATION_CONTEXT('2D SPACE',''
  ) );
#17184 = PCURVE('',#17080,#17185);
#17185 = DEFINITIONAL_REPRESENTATION('',(#17186),#17190);
#17186 = LINE('',#17187,#17188);
#17187 = CARTESIAN_POINT('',(181.,0.));
#17188 = VECTOR('',#17189,1.);
#17189 = DIRECTION('',(0.,1.));
#17190 = ( GEOMETRIC_REPRESENTATION_CONTEXT(2) 
PARAMETRIC_REPRESENTATION_CONTEXT() REPRESENTATION_CONTEXT('2D SPACE',''
  ) );
#17191 = ADVANCED_FACE('',(#17192),#16998,.F.);
#17192 = FACE_BOUND('',#17193,.F.);
#17193 = EDGE_LOOP('',(#17194,#17215,#17216,#17237));
#17194 = ORIENTED_EDGE('',*,*,#17195,.F.);
#17195 = EDGE_CURVE('',#16976,#17096,#17196,.T.);
#17196 = SURFACE_CURVE('',#17197,(#17201,#17208),.PCURVE_S1.);
#17197 = LINE('',#17198,#17199);
#17198 = CARTESIAN_POINT('',(-90.5,-83.5,-38.5));
#17199 = VECTOR('',#17200,1.);
#17200 = DIRECTION('',(1.,0.,-0.));
#17201 = PCURVE('',#16998,#17202);
#17202 = DEFINITIONAL_REPRESENTATION('',(#17203),#17207);
#17203 = LINE('',#17204,#17205);
#17204 = CARTESIAN_POINT('',(0.,0.));
#17205 = VECTOR('',#17206,1.);
#17206 = DIRECTION('',(0.,1.));
#17207 = ( GEOMETRIC_REPRESENTATION_CONTEXT(2) 
PARAMETRIC_REPRESENTATION_CONTEXT() REPRESENTATION_CONTEXT('2D SPACE',''
  ) );
#17208 = PCURVE('',#17026,#17209);
#17209 = DEFINITIONAL_REPRESENTATION('',(#17210),#17214);
#17210 = LINE('',#17211,#17212);
#17211 = CARTESIAN_POINT('',(0.,0.));
#17212 = VECTOR('',#17213,1.);
#17213 = DIRECTION('',(1.,0.));
#17214 = ( GEOMETRIC_REPRESENTATION_CONTEXT(2) 
PARAMETRIC_REPRESENTATION_CONTEXT() REPRESENTATION_CONTEXT('2D SPACE',''
  ) );
#17215 = ORIENTED_EDGE('',*,*,#16975,.T.);
#17216 = ORIENTED_EDGE('',*,*,#17217,.T.);
#17217 = EDGE_CURVE('',#16978,#17098,#17218,.T.);
#17218 = SURFACE_CURVE('',#17219,(#17223,#17230),.PCURVE_S1.);
#17219 = LINE('',#17220,#17221);
#17220 = CARTESIAN_POINT('',(-90.5,-83.5,38.5));
#17221 = VECTOR('',#17222,1.);
#17222 = DIRECTION('',(1.,0.,-0.));
#17223 = PCURVE('',#16998,#17224);
#17224 = DEFINITIONAL_REPRESENTATION('',(#17225),#17229);
#17225 = LINE('',#17226,#17227);
#17226 = CARTESIAN_POINT('',(77.,0.));
#17227 = VECTOR('',#17228,1.);
#17228 = DIRECTION('',(0.,1.));
#17229 = ( GEOMETRIC_REPRESENTATION_CONTEXT(2) 
PARAMETRIC_REPRESENTATION_CONTEXT() REPRESENTATION_CONTEXT('2D SPACE',''
  ) );
#17230 = PCURVE('',#17080,#17231);
#17231 = DEFINITIONAL_REPRESENTATION('',(#17232),#17236);
#17232 = LINE('',#17233,#17234);
#17233 = CARTESIAN_POINT('',(0.,0.));
#17234 = VECTOR('',#17235,1.);
#17235 = DIRECTION('',(1.,0.));
#17236 = ( GEOMETRIC_REPRESENTATION_CONTEXT(2) 
PARAMETRIC_REPRESENTATION_CONTEXT() REPRESENTATION_CONTEXT('2D SPACE',''
  ) );
#17237 = ORIENTED_EDGE('',*,*,#17095,.F.);
#17238 = ADVANCED_FACE('',(#17239),#17054,.T.);
#17239 = FACE_BOUND('',#17240,.T.);
#17240 = EDGE_LOOP('',(#17241,#17262,#17263,#17284));
#17241 = ORIENTED_EDGE('',*,*,#17242,.F.);
#17242 = EDGE_CURVE('',#17011,#17126,#17243,.T.);
#17243 = SURFACE_CURVE('',#17244,(#17248,#17255),.PCURVE_S1.);
#17244 = LINE('',#17245,#17246);
#17245 = CARTESIAN_POINT('',(-90.5,83.5,-38.5));
#17246 = VECTOR('',#17247,1.);
#17247 = DIRECTION('',(1.,0.,-0.));
#17248 = PCURVE('',#17054,#17249);
#17249 = DEFINITIONAL_REPRESENTATION('',(#17250),#17254);
#17250 = LINE('',#17251,#17252);
#17251 = CARTESIAN_POINT('',(0.,0.));
#17252 = VECTOR('',#17253,1.);
#17253 = DIRECTION('',(0.,1.));
#17254 = ( GEOMETRIC_REPRESENTATION_CONTEXT(2) 
PARAMETRIC_REPRESENTATION_CONTEXT() REPRESENTATION_CONTEXT('2D SPACE',''
  ) );
#17255 = PCURVE('',#17026,#17256);
#17256 = DEFINITIONAL_REPRESENTATION('',(#17257),#17261);
#17257 = LINE('',#17258,#17259);
#17258 = CARTESIAN_POINT('',(0.,167.));
#17259 = VECTOR('',#17260,1.);
#17260 = DIRECTION('',(1.,0.));
#17261 = ( GEOMETRIC_REPRESENTATION_CONTEXT(2) 
PARAMETRIC_REPRESENTATION_CONTEXT() REPRESENTATION_CONTEXT('2D SPACE',''
  ) );
#17262 = ORIENTED_EDGE('',*,*,#17038,.T.);
#17263 = ORIENTED_EDGE('',*,*,#17264,.T.);
#17264 = EDGE_CURVE('',#17039,#17149,#17265,.T.);
#17265 = SURFACE_CURVE('',#17266,(#17270,#17277),.PCURVE_S1.);
#17266 = LINE('',#17267,#17268);
#17267 = CARTESIAN_POINT('',(-90.5,83.5,38.5));
#17268 = VECTOR('',#17269,1.);
#17269 = DIRECTION('',(1.,0.,-0.));
#17270 = PCURVE('',#17054,#17271);
#17271 = DEFINITIONAL_REPRESENTATION('',(#17272),#17276);
#17272 = LINE('',#17273,#17274);
#17273 = CARTESIAN_POINT('',(77.,0.));
#17274 = VECTOR('',#17275,1.);
#17275 = DIRECTION('',(0.,1.));
#17276 = ( GEOMETRIC_REPRESENTATION_CONTEXT(2) 
PARAMETRIC_REPRESENTATION_CONTEXT() REPRESENTATION_CONTEXT('2D SPACE',''
  ) );
#17277 = PCURVE('',#17080,#17278);
#17278 = DEFINITIONAL_REPRESENTATION('',(#17279),#17283);
#17279 = LINE('',#17280,#17281);
#17280 = CARTESIAN_POINT('',(0.,167.));
#17281 = VECTOR('',#17282,1.);
#17282 = DIRECTION('',(1.,0.));
#17283 = ( GEOMETRIC_REPRESENTATION_CONTEXT(2) 
PARAMETRIC_REPRESENTATION_CONTEXT() REPRESENTATION_CONTEXT('2D SPACE',''
  ) );
#17284 = ORIENTED_EDGE('',*,*,#17148,.F.);
#17285 = ADVANCED_FACE('',(#17286),#17026,.F.);
#17286 = FACE_BOUND('',#17287,.F.);
#17287 = EDGE_LOOP('',(#17288,#17289,#17290,#17291));
#17288 = ORIENTED_EDGE('',*,*,#17010,.F.);
#17289 = ORIENTED_EDGE('',*,*,#17195,.T.);
#17290 = ORIENTED_EDGE('',*,*,#17125,.T.);
#17291 = ORIENTED_EDGE('',*,*,#17242,.F.);
#17292 = ADVANCED_FACE('',(#17293),#17080,.T.);
#17293 = FACE_BOUND('',#17294,.T.);
#17294 = EDGE_LOOP('',(#17295,#17296,#17297,#17298));
#17295 = ORIENTED_EDGE('',*,*,#17066,.F.);
#17296 = ORIENTED_EDGE('',*,*,#17217,.T.);
#17297 = ORIENTED_EDGE('',*,*,#17171,.T.);
#17298 = ORIENTED_EDGE('',*,*,#17264,.F.);
#17299 = ( GEOMETRIC_REPRESENTATION_CONTEXT(3) 
GLOBAL_UNCERTAINTY_ASSIGNED_CONTEXT((#17303)) 
GLOBAL_UNIT_ASSIGNED_CONTEXT((#17300,#17301,#17302)) 
REPRESENTATION_CONTEXT('Context #1',
  '3D Context with UNIT and UNCERTAINTY') );
#17300 = ( LENGTH_UNIT() NAMED_UNIT(*) SI_UNIT(.MILLI.,.METRE.) );
#17301 = ( NAMED_UNIT(*) PLANE_ANGLE_UNIT() SI_UNIT($,.RADIAN.) );
#17302 = ( NAMED_UNIT(*) SI_UNIT($,.STERADIAN.) SOLID_ANGLE_UNIT() );
#17303 = UNCERTAINTY_MEASURE_WITH_UNIT(LENGTH_MEASURE(1.E-07),#17300,
  'distance_accuracy_value','confusion accuracy');
#17304 = CONTEXT_DEPENDENT_SHAPE_REPRESENTATION(#17305,#17307);
#17305 = ( REPRESENTATION_RELATIONSHIP('','',#16968,#10) 
REPRESENTATION_RELATIONSHIP_WITH_TRANSFORMATION(#17306) 
SHAPE_REPRESENTATION_RELATIONSHIP() );
#17306 = ITEM_DEFINED_TRANSFORMATION('','',#11,#103);
#17307 = PRODUCT_DEFINITION_SHAPE('Placement','Placement of an item',
  #17308);
#17308 = NEXT_ASSEMBLY_USAGE_OCCURRENCE('59','=>[0:1:1:24]','',#5,#16963
  ,$);
#17309 = PRODUCT_RELATED_PRODUCT_CATEGORY('part',$,(#16965));
#17310 = SHAPE_DEFINITION_REPRESENTATION(#17311,#17317);
#17311 = PRODUCT_DEFINITION_SHAPE('','',#17312);
#17312 = PRODUCT_DEFINITION('design','',#17313,#17316);
#17313 = PRODUCT_DEFINITION_FORMATION('','',#17314);
#17314 = PRODUCT('COMPOUND','COMPOUND','',(#17315));
#17315 = PRODUCT_CONTEXT('',#2,'mechanical');
#17316 = PRODUCT_DEFINITION_CONTEXT('part definition',#2,'design');
#17317 = ADVANCED_BREP_SHAPE_REPRESENTATION('',(#11,#17318),#17960);
#17318 = MANIFOLD_SOLID_BREP('',#17319);
#17319 = CLOSED_SHELL('',(#17320,#17552,#17628,#17791,#17818,#17845,
    #17872,#17899,#17926,#17953));
#17320 = ADVANCED_FACE('',(#17321),#17335,.F.);
#17321 = FACE_BOUND('',#17322,.F.);
#17322 = EDGE_LOOP('',(#17323,#17358,#17386,#17414,#17442,#17470,#17498,
    #17526));
#17323 = ORIENTED_EDGE('',*,*,#17324,.F.);
#17324 = EDGE_CURVE('',#17325,#17327,#17329,.T.);
#17325 = VERTEX_POINT('',#17326);
#17326 = CARTESIAN_POINT('',(550.,-86.,91.));
#17327 = VERTEX_POINT('',#17328);
#17328 = CARTESIAN_POINT('',(550.,87.,91.));
#17329 = SURFACE_CURVE('',#17330,(#17334,#17346),.PCURVE_S1.);
#17330 = LINE('',#17331,#17332);
#17331 = CARTESIAN_POINT('',(550.,-86.,91.));
#17332 = VECTOR('',#17333,1.);
#17333 = DIRECTION('',(0.,1.,0.));
#17334 = PCURVE('',#17335,#17340);
#17335 = PLANE('',#17336);
#17336 = AXIS2_PLACEMENT_3D('',#17337,#17338,#17339);
#17337 = CARTESIAN_POINT('',(550.,-84.,89.));
#17338 = DIRECTION('',(1.,0.,-0.));
#17339 = DIRECTION('',(0.,0.,1.));
#17340 = DEFINITIONAL_REPRESENTATION('',(#17341),#17345);
#17341 = LINE('',#17342,#17343);
#17342 = CARTESIAN_POINT('',(2.,2.));
#17343 = VECTOR('',#17344,1.);
#17344 = DIRECTION('',(0.,-1.));
#17345 = ( GEOMETRIC_REPRESENTATION_CONTEXT(2) 
PARAMETRIC_REPRESENTATION_CONTEXT() REPRESENTATION_CONTEXT('2D SPACE',''
  ) );
#17346 = PCURVE('',#17347,#17352);
#17347 = PLANE('',#17348);
#17348 = AXIS2_PLACEMENT_3D('',#17349,#17350,#17351);
#17349 = CARTESIAN_POINT('',(550.,-84.,91.));
#17350 = DIRECTION('',(0.,0.,1.));
#17351 = DIRECTION('',(1.,0.,-0.));
#17352 = DEFINITIONAL_REPRESENTATION('',(#17353),#17357);
#17353 = LINE('',#17354,#17355);
#17354 = CARTESIAN_POINT('',(0.,-2.));
#17355 = VECTOR('',#17356,1.);
#17356 = DIRECTION('',(0.,1.));
#17357 = ( GEOMETRIC_REPRESENTATION_CONTEXT(2) 
PARAMETRIC_REPRESENTATION_CONTEXT() REPRESENTATION_CONTEXT('2D SPACE',''
  ) );
#17358 = ORIENTED_EDGE('',*,*,#17359,.F.);
#17359 = EDGE_CURVE('',#17360,#17325,#17362,.T.);
#17360 = VERTEX_POINT('',#17361);
#17361 = CARTESIAN_POINT('',(550.,-86.,12.));
#17362 = SURFACE_CURVE('',#17363,(#17367,#17374),.PCURVE_S1.);
#17363 = LINE('',#17364,#17365);
#17364 = CARTESIAN_POINT('',(550.,-86.,12.));
#17365 = VECTOR('',#17366,1.);
#17366 = DIRECTION('',(0.,0.,1.));
#17367 = PCURVE('',#17335,#17368);
#17368 = DEFINITIONAL_REPRESENTATION('',(#17369),#17373);
#17369 = LINE('',#17370,#17371);
#17370 = CARTESIAN_POINT('',(-77.,2.));
#17371 = VECTOR('',#17372,1.);
#17372 = DIRECTION('',(1.,0.));
#17373 = ( GEOMETRIC_REPRESENTATION_CONTEXT(2) 
PARAMETRIC_REPRESENTATION_CONTEXT() REPRESENTATION_CONTEXT('2D SPACE',''
  ) );
#17374 = PCURVE('',#17375,#17380);
#17375 = PLANE('',#17376);
#17376 = AXIS2_PLACEMENT_3D('',#17377,#17378,#17379);
#17377 = CARTESIAN_POINT('',(550.,-86.,12.));
#17378 = DIRECTION('',(-0.,1.,0.));
#17379 = DIRECTION('',(0.,0.,1.));
#17380 = DEFINITIONAL_REPRESENTATION('',(#17381),#17385);
#17381 = LINE('',#17382,#17383);
#17382 = CARTESIAN_POINT('',(0.,0.));
#17383 = VECTOR('',#17384,1.);
#17384 = DIRECTION('',(1.,0.));
#17385 = ( GEOMETRIC_REPRESENTATION_CONTEXT(2) 
PARAMETRIC_REPRESENTATION_CONTEXT() REPRESENTATION_CONTEXT('2D SPACE',''
  ) );
#17386 = ORIENTED_EDGE('',*,*,#17387,.T.);
#17387 = EDGE_CURVE('',#17360,#17388,#17390,.T.);
#17388 = VERTEX_POINT('',#17389);
#17389 = CARTESIAN_POINT('',(550.,-84.,12.));
#17390 = SURFACE_CURVE('',#17391,(#17395,#17402),.PCURVE_S1.);
#17391 = LINE('',#17392,#17393);
#17392 = CARTESIAN_POINT('',(550.,-86.,12.));
#17393 = VECTOR('',#17394,1.);
#17394 = DIRECTION('',(-0.,1.,0.));
#17395 = PCURVE('',#17335,#17396);
#17396 = DEFINITIONAL_REPRESENTATION('',(#17397),#17401);
#17397 = LINE('',#17398,#17399);
#17398 = CARTESIAN_POINT('',(-77.,2.));
#17399 = VECTOR('',#17400,1.);
#17400 = DIRECTION('',(0.,-1.));
#17401 = ( GEOMETRIC_REPRESENTATION_CONTEXT(2) 
PARAMETRIC_REPRESENTATION_CONTEXT() REPRESENTATION_CONTEXT('2D SPACE',''
  ) );
#17402 = PCURVE('',#17403,#17408);
#17403 = PLANE('',#17404);
#17404 = AXIS2_PLACEMENT_3D('',#17405,#17406,#17407);
#17405 = CARTESIAN_POINT('',(550.,-86.,12.));
#17406 = DIRECTION('',(0.,0.,1.));
#17407 = DIRECTION('',(1.,0.,-0.));
#17408 = DEFINITIONAL_REPRESENTATION('',(#17409),#17413);
#17409 = LINE('',#17410,#17411);
#17410 = CARTESIAN_POINT('',(0.,0.));
#17411 = VECTOR('',#17412,1.);
#17412 = DIRECTION('',(0.,1.));
#17413 = ( GEOMETRIC_REPRESENTATION_CONTEXT(2) 
PARAMETRIC_REPRESENTATION_CONTEXT() REPRESENTATION_CONTEXT('2D SPACE',''
  ) );
#17414 = ORIENTED_EDGE('',*,*,#17415,.T.);
#17415 = EDGE_CURVE('',#17388,#17416,#17418,.T.);
#17416 = VERTEX_POINT('',#17417);
#17417 = CARTESIAN_POINT('',(550.,-84.,89.));
#17418 = SURFACE_CURVE('',#17419,(#17423,#17430),.PCURVE_S1.);
#17419 = LINE('',#17420,#17421);
#17420 = CARTESIAN_POINT('',(550.,-84.,12.));
#17421 = VECTOR('',#17422,1.);
#17422 = DIRECTION('',(0.,0.,1.));
#17423 = PCURVE('',#17335,#17424);
#17424 = DEFINITIONAL_REPRESENTATION('',(#17425),#17429);
#17425 = LINE('',#17426,#17427);
#17426 = CARTESIAN_POINT('',(-77.,0.));
#17427 = VECTOR('',#17428,1.);
#17428 = DIRECTION('',(1.,0.));
#17429 = ( GEOMETRIC_REPRESENTATION_CONTEXT(2) 
PARAMETRIC_REPRESENTATION_CONTEXT() REPRESENTATION_CONTEXT('2D SPACE',''
  ) );
#17430 = PCURVE('',#17431,#17436);
#17431 = PLANE('',#17432);
#17432 = AXIS2_PLACEMENT_3D('',#17433,#17434,#17435);
#17433 = CARTESIAN_POINT('',(550.,-84.,12.));
#17434 = DIRECTION('',(-0.,1.,0.));
#17435 = DIRECTION('',(0.,0.,1.));
#17436 = DEFINITIONAL_REPRESENTATION('',(#17437),#17441);
#17437 = LINE('',#17438,#17439);
#17438 = CARTESIAN_POINT('',(0.,0.));
#17439 = VECTOR('',#17440,1.);
#17440 = DIRECTION('',(1.,0.));
#17441 = ( GEOMETRIC_REPRESENTATION_CONTEXT(2) 
PARAMETRIC_REPRESENTATION_CONTEXT() REPRESENTATION_CONTEXT('2D SPACE',''
  ) );
#17442 = ORIENTED_EDGE('',*,*,#17443,.T.);
#17443 = EDGE_CURVE('',#17416,#17444,#17446,.T.);
#17444 = VERTEX_POINT('',#17445);
#17445 = CARTESIAN_POINT('',(550.,85.,89.));
#17446 = SURFACE_CURVE('',#17447,(#17451,#17458),.PCURVE_S1.);
#17447 = LINE('',#17448,#17449);
#17448 = CARTESIAN_POINT('',(550.,-84.,89.));
#17449 = VECTOR('',#17450,1.);
#17450 = DIRECTION('',(-0.,1.,0.));
#17451 = PCURVE('',#17335,#17452);
#17452 = DEFINITIONAL_REPRESENTATION('',(#17453),#17457);
#17453 = LINE('',#17454,#17455);
#17454 = CARTESIAN_POINT('',(0.,0.));
#17455 = VECTOR('',#17456,1.);
#17456 = DIRECTION('',(0.,-1.));
#17457 = ( GEOMETRIC_REPRESENTATION_CONTEXT(2) 
PARAMETRIC_REPRESENTATION_CONTEXT() REPRESENTATION_CONTEXT('2D SPACE',''
  ) );
#17458 = PCURVE('',#17459,#17464);
#17459 = PLANE('',#17460);
#17460 = AXIS2_PLACEMENT_3D('',#17461,#17462,#17463);
#17461 = CARTESIAN_POINT('',(550.,-84.,89.));
#17462 = DIRECTION('',(0.,0.,1.));
#17463 = DIRECTION('',(1.,0.,-0.));
#17464 = DEFINITIONAL_REPRESENTATION('',(#17465),#17469);
#17465 = LINE('',#17466,#17467);
#17466 = CARTESIAN_POINT('',(0.,0.));
#17467 = VECTOR('',#17468,1.);
#17468 = DIRECTION('',(0.,1.));
#17469 = ( GEOMETRIC_REPRESENTATION_CONTEXT(2) 
PARAMETRIC_REPRESENTATION_CONTEXT() REPRESENTATION_CONTEXT('2D SPACE',''
  ) );
#17470 = ORIENTED_EDGE('',*,*,#17471,.F.);
#17471 = EDGE_CURVE('',#17472,#17444,#17474,.T.);
#17472 = VERTEX_POINT('',#17473);
#17473 = CARTESIAN_POINT('',(550.,85.,12.));
#17474 = SURFACE_CURVE('',#17475,(#17479,#17486),.PCURVE_S1.);
#17475 = LINE('',#17476,#17477);
#17476 = CARTESIAN_POINT('',(550.,85.,12.));
#17477 = VECTOR('',#17478,1.);
#17478 = DIRECTION('',(0.,0.,1.));
#17479 = PCURVE('',#17335,#17480);
#17480 = DEFINITIONAL_REPRESENTATION('',(#17481),#17485);
#17481 = LINE('',#17482,#17483);
#17482 = CARTESIAN_POINT('',(-77.,-169.));
#17483 = VECTOR('',#17484,1.);
#17484 = DIRECTION('',(1.,0.));
#17485 = ( GEOMETRIC_REPRESENTATION_CONTEXT(2) 
PARAMETRIC_REPRESENTATION_CONTEXT() REPRESENTATION_CONTEXT('2D SPACE',''
  ) );
#17486 = PCURVE('',#17487,#17492);
#17487 = PLANE('',#17488);
#17488 = AXIS2_PLACEMENT_3D('',#17489,#17490,#17491);
#17489 = CARTESIAN_POINT('',(550.,85.,12.));
#17490 = DIRECTION('',(-0.,1.,0.));
#17491 = DIRECTION('',(0.,0.,1.));
#17492 = DEFINITIONAL_REPRESENTATION('',(#17493),#17497);
#17493 = LINE('',#17494,#17495);
#17494 = CARTESIAN_POINT('',(0.,0.));
#17495 = VECTOR('',#17496,1.);
#17496 = DIRECTION('',(1.,0.));
#17497 = ( GEOMETRIC_REPRESENTATION_CONTEXT(2) 
PARAMETRIC_REPRESENTATION_CONTEXT() REPRESENTATION_CONTEXT('2D SPACE',''
  ) );
#17498 = ORIENTED_EDGE('',*,*,#17499,.T.);
#17499 = EDGE_CURVE('',#17472,#17500,#17502,.T.);
#17500 = VERTEX_POINT('',#17501);
#17501 = CARTESIAN_POINT('',(550.,87.,12.));
#17502 = SURFACE_CURVE('',#17503,(#17507,#17514),.PCURVE_S1.);
#17503 = LINE('',#17504,#17505);
#17504 = CARTESIAN_POINT('',(550.,85.,12.));
#17505 = VECTOR('',#17506,1.);
#17506 = DIRECTION('',(-0.,1.,0.));
#17507 = PCURVE('',#17335,#17508);
#17508 = DEFINITIONAL_REPRESENTATION('',(#17509),#17513);
#17509 = LINE('',#17510,#17511);
#17510 = CARTESIAN_POINT('',(-77.,-169.));
#17511 = VECTOR('',#17512,1.);
#17512 = DIRECTION('',(0.,-1.));
#17513 = ( GEOMETRIC_REPRESENTATION_CONTEXT(2) 
PARAMETRIC_REPRESENTATION_CONTEXT() REPRESENTATION_CONTEXT('2D SPACE',''
  ) );
#17514 = PCURVE('',#17515,#17520);
#17515 = PLANE('',#17516);
#17516 = AXIS2_PLACEMENT_3D('',#17517,#17518,#17519);
#17517 = CARTESIAN_POINT('',(550.,85.,12.));
#17518 = DIRECTION('',(0.,0.,1.));
#17519 = DIRECTION('',(1.,0.,-0.));
#17520 = DEFINITIONAL_REPRESENTATION('',(#17521),#17525);
#17521 = LINE('',#17522,#17523);
#17522 = CARTESIAN_POINT('',(0.,0.));
#17523 = VECTOR('',#17524,1.);
#17524 = DIRECTION('',(0.,1.));
#17525 = ( GEOMETRIC_REPRESENTATION_CONTEXT(2) 
PARAMETRIC_REPRESENTATION_CONTEXT() REPRESENTATION_CONTEXT('2D SPACE',''
  ) );
#17526 = ORIENTED_EDGE('',*,*,#17527,.T.);
#17527 = EDGE_CURVE('',#17500,#17327,#17528,.T.);
#17528 = SURFACE_CURVE('',#17529,(#17533,#17540),.PCURVE_S1.);
#17529 = LINE('',#17530,#17531);
#17530 = CARTESIAN_POINT('',(550.,87.,12.));
#17531 = VECTOR('',#17532,1.);
#17532 = DIRECTION('',(0.,0.,1.));
#17533 = PCURVE('',#17335,#17534);
#17534 = DEFINITIONAL_REPRESENTATION('',(#17535),#17539);
#17535 = LINE('',#17536,#17537);
#17536 = CARTESIAN_POINT('',(-77.,-171.));
#17537 = VECTOR('',#17538,1.);
#17538 = DIRECTION('',(1.,0.));
#17539 = ( GEOMETRIC_REPRESENTATION_CONTEXT(2) 
PARAMETRIC_REPRESENTATION_CONTEXT() REPRESENTATION_CONTEXT('2D SPACE',''
  ) );
#17540 = PCURVE('',#17541,#17546);
#17541 = PLANE('',#17542);
#17542 = AXIS2_PLACEMENT_3D('',#17543,#17544,#17545);
#17543 = CARTESIAN_POINT('',(550.,87.,12.));
#17544 = DIRECTION('',(-0.,1.,0.));
#17545 = DIRECTION('',(0.,0.,1.));
#17546 = DEFINITIONAL_REPRESENTATION('',(#17547),#17551);
#17547 = LINE('',#17548,#17549);
#17548 = CARTESIAN_POINT('',(0.,0.));
#17549 = VECTOR('',#17550,1.);
#17550 = DIRECTION('',(1.,0.));
#17551 = ( GEOMETRIC_REPRESENTATION_CONTEXT(2) 
PARAMETRIC_REPRESENTATION_CONTEXT() REPRESENTATION_CONTEXT('2D SPACE',''
  ) );
#17552 = ADVANCED_FACE('',(#17553),#17541,.T.);
#17553 = FACE_BOUND('',#17554,.T.);
#17554 = EDGE_LOOP('',(#17555,#17578,#17579,#17602));
#17555 = ORIENTED_EDGE('',*,*,#17556,.F.);
#17556 = EDGE_CURVE('',#17500,#17557,#17559,.T.);
#17557 = VERTEX_POINT('',#17558);
#17558 = CARTESIAN_POINT('',(575.,87.,12.));
#17559 = SURFACE_CURVE('',#17560,(#17564,#17571),.PCURVE_S1.);
#17560 = LINE('',#17561,#17562);
#17561 = CARTESIAN_POINT('',(550.,87.,12.));
#17562 = VECTOR('',#17563,1.);
#17563 = DIRECTION('',(1.,0.,-0.));
#17564 = PCURVE('',#17541,#17565);
#17565 = DEFINITIONAL_REPRESENTATION('',(#17566),#17570);
#17566 = LINE('',#17567,#17568);
#17567 = CARTESIAN_POINT('',(0.,0.));
#17568 = VECTOR('',#17569,1.);
#17569 = DIRECTION('',(0.,1.));
#17570 = ( GEOMETRIC_REPRESENTATION_CONTEXT(2) 
PARAMETRIC_REPRESENTATION_CONTEXT() REPRESENTATION_CONTEXT('2D SPACE',''
  ) );
#17571 = PCURVE('',#17515,#17572);
#17572 = DEFINITIONAL_REPRESENTATION('',(#17573),#17577);
#17573 = LINE('',#17574,#17575);
#17574 = CARTESIAN_POINT('',(0.,2.));
#17575 = VECTOR('',#17576,1.);
#17576 = DIRECTION('',(1.,0.));
#17577 = ( GEOMETRIC_REPRESENTATION_CONTEXT(2) 
PARAMETRIC_REPRESENTATION_CONTEXT() REPRESENTATION_CONTEXT('2D SPACE',''
  ) );
#17578 = ORIENTED_EDGE('',*,*,#17527,.T.);
#17579 = ORIENTED_EDGE('',*,*,#17580,.T.);
#17580 = EDGE_CURVE('',#17327,#17581,#17583,.T.);
#17581 = VERTEX_POINT('',#17582);
#17582 = CARTESIAN_POINT('',(575.,87.,91.));
#17583 = SURFACE_CURVE('',#17584,(#17588,#17595),.PCURVE_S1.);
#17584 = LINE('',#17585,#17586);
#17585 = CARTESIAN_POINT('',(550.,87.,91.));
#17586 = VECTOR('',#17587,1.);
#17587 = DIRECTION('',(1.,0.,-0.));
#17588 = PCURVE('',#17541,#17589);
#17589 = DEFINITIONAL_REPRESENTATION('',(#17590),#17594);
#17590 = LINE('',#17591,#17592);
#17591 = CARTESIAN_POINT('',(79.,0.));
#17592 = VECTOR('',#17593,1.);
#17593 = DIRECTION('',(0.,1.));
#17594 = ( GEOMETRIC_REPRESENTATION_CONTEXT(2) 
PARAMETRIC_REPRESENTATION_CONTEXT() REPRESENTATION_CONTEXT('2D SPACE',''
  ) );
#17595 = PCURVE('',#17347,#17596);
#17596 = DEFINITIONAL_REPRESENTATION('',(#17597),#17601);
#17597 = LINE('',#17598,#17599);
#17598 = CARTESIAN_POINT('',(0.,171.));
#17599 = VECTOR('',#17600,1.);
#17600 = DIRECTION('',(1.,0.));
#17601 = ( GEOMETRIC_REPRESENTATION_CONTEXT(2) 
PARAMETRIC_REPRESENTATION_CONTEXT() REPRESENTATION_CONTEXT('2D SPACE',''
  ) );
#17602 = ORIENTED_EDGE('',*,*,#17603,.F.);
#17603 = EDGE_CURVE('',#17557,#17581,#17604,.T.);
#17604 = SURFACE_CURVE('',#17605,(#17609,#17616),.PCURVE_S1.);
#17605 = LINE('',#17606,#17607);
#17606 = CARTESIAN_POINT('',(575.,87.,12.));
#17607 = VECTOR('',#17608,1.);
#17608 = DIRECTION('',(0.,0.,1.));
#17609 = PCURVE('',#17541,#17610);
#17610 = DEFINITIONAL_REPRESENTATION('',(#17611),#17615);
#17611 = LINE('',#17612,#17613);
#17612 = CARTESIAN_POINT('',(0.,25.));
#17613 = VECTOR('',#17614,1.);
#17614 = DIRECTION('',(1.,0.));
#17615 = ( GEOMETRIC_REPRESENTATION_CONTEXT(2) 
PARAMETRIC_REPRESENTATION_CONTEXT() REPRESENTATION_CONTEXT('2D SPACE',''
  ) );
#17616 = PCURVE('',#17617,#17622);
#17617 = PLANE('',#17618);
#17618 = AXIS2_PLACEMENT_3D('',#17619,#17620,#17621);
#17619 = CARTESIAN_POINT('',(575.,-84.,89.));
#17620 = DIRECTION('',(1.,0.,-0.));
#17621 = DIRECTION('',(0.,0.,1.));
#17622 = DEFINITIONAL_REPRESENTATION('',(#17623),#17627);
#17623 = LINE('',#17624,#17625);
#17624 = CARTESIAN_POINT('',(-77.,-171.));
#17625 = VECTOR('',#17626,1.);
#17626 = DIRECTION('',(1.,0.));
#17627 = ( GEOMETRIC_REPRESENTATION_CONTEXT(2) 
PARAMETRIC_REPRESENTATION_CONTEXT() REPRESENTATION_CONTEXT('2D SPACE',''
  ) );
#17628 = ADVANCED_FACE('',(#17629),#17617,.T.);
#17629 = FACE_BOUND('',#17630,.T.);
#17630 = EDGE_LOOP('',(#17631,#17654,#17677,#17700,#17723,#17746,#17769,
    #17790));
#17631 = ORIENTED_EDGE('',*,*,#17632,.F.);
#17632 = EDGE_CURVE('',#17633,#17581,#17635,.T.);
#17633 = VERTEX_POINT('',#17634);
#17634 = CARTESIAN_POINT('',(575.,-86.,91.));
#17635 = SURFACE_CURVE('',#17636,(#17640,#17647),.PCURVE_S1.);
#17636 = LINE('',#17637,#17638);
#17637 = CARTESIAN_POINT('',(575.,-86.,91.));
#17638 = VECTOR('',#17639,1.);
#17639 = DIRECTION('',(0.,1.,0.));
#17640 = PCURVE('',#17617,#17641);
#17641 = DEFINITIONAL_REPRESENTATION('',(#17642),#17646);
#17642 = LINE('',#17643,#17644);
#17643 = CARTESIAN_POINT('',(2.,2.));
#17644 = VECTOR('',#17645,1.);
#17645 = DIRECTION('',(0.,-1.));
#17646 = ( GEOMETRIC_REPRESENTATION_CONTEXT(2) 
PARAMETRIC_REPRESENTATION_CONTEXT() REPRESENTATION_CONTEXT('2D SPACE',''
  ) );
#17647 = PCURVE('',#17347,#17648);
#17648 = DEFINITIONAL_REPRESENTATION('',(#17649),#17653);
#17649 = LINE('',#17650,#17651);
#17650 = CARTESIAN_POINT('',(25.,-2.));
#17651 = VECTOR('',#17652,1.);
#17652 = DIRECTION('',(0.,1.));
#17653 = ( GEOMETRIC_REPRESENTATION_CONTEXT(2) 
PARAMETRIC_REPRESENTATION_CONTEXT() REPRESENTATION_CONTEXT('2D SPACE',''
  ) );
#17654 = ORIENTED_EDGE('',*,*,#17655,.F.);
#17655 = EDGE_CURVE('',#17656,#17633,#17658,.T.);
#17656 = VERTEX_POINT('',#17657);
#17657 = CARTESIAN_POINT('',(575.,-86.,12.));
#17658 = SURFACE_CURVE('',#17659,(#17663,#17670),.PCURVE_S1.);
#17659 = LINE('',#17660,#17661);
#17660 = CARTESIAN_POINT('',(575.,-86.,12.));
#17661 = VECTOR('',#17662,1.);
#17662 = DIRECTION('',(0.,0.,1.));
#17663 = PCURVE('',#17617,#17664);
#17664 = DEFINITIONAL_REPRESENTATION('',(#17665),#17669);
#17665 = LINE('',#17666,#17667);
#17666 = CARTESIAN_POINT('',(-77.,2.));
#17667 = VECTOR('',#17668,1.);
#17668 = DIRECTION('',(1.,0.));
#17669 = ( GEOMETRIC_REPRESENTATION_CONTEXT(2) 
PARAMETRIC_REPRESENTATION_CONTEXT() REPRESENTATION_CONTEXT('2D SPACE',''
  ) );
#17670 = PCURVE('',#17375,#17671);
#17671 = DEFINITIONAL_REPRESENTATION('',(#17672),#17676);
#17672 = LINE('',#17673,#17674);
#17673 = CARTESIAN_POINT('',(0.,25.));
#17674 = VECTOR('',#17675,1.);
#17675 = DIRECTION('',(1.,0.));
#17676 = ( GEOMETRIC_REPRESENTATION_CONTEXT(2) 
PARAMETRIC_REPRESENTATION_CONTEXT() REPRESENTATION_CONTEXT('2D SPACE',''
  ) );
#17677 = ORIENTED_EDGE('',*,*,#17678,.T.);
#17678 = EDGE_CURVE('',#17656,#17679,#17681,.T.);
#17679 = VERTEX_POINT('',#17680);
#17680 = CARTESIAN_POINT('',(575.,-84.,12.));
#17681 = SURFACE_CURVE('',#17682,(#17686,#17693),.PCURVE_S1.);
#17682 = LINE('',#17683,#17684);
#17683 = CARTESIAN_POINT('',(575.,-86.,12.));
#17684 = VECTOR('',#17685,1.);
#17685 = DIRECTION('',(-0.,1.,0.));
#17686 = PCURVE('',#17617,#17687);
#17687 = DEFINITIONAL_REPRESENTATION('',(#17688),#17692);
#17688 = LINE('',#17689,#17690);
#17689 = CARTESIAN_POINT('',(-77.,2.));
#17690 = VECTOR('',#17691,1.);
#17691 = DIRECTION('',(0.,-1.));
#17692 = ( GEOMETRIC_REPRESENTATION_CONTEXT(2) 
PARAMETRIC_REPRESENTATION_CONTEXT() REPRESENTATION_CONTEXT('2D SPACE',''
  ) );
#17693 = PCURVE('',#17403,#17694);
#17694 = DEFINITIONAL_REPRESENTATION('',(#17695),#17699);
#17695 = LINE('',#17696,#17697);
#17696 = CARTESIAN_POINT('',(25.,0.));
#17697 = VECTOR('',#17698,1.);
#17698 = DIRECTION('',(0.,1.));
#17699 = ( GEOMETRIC_REPRESENTATION_CONTEXT(2) 
PARAMETRIC_REPRESENTATION_CONTEXT() REPRESENTATION_CONTEXT('2D SPACE',''
  ) );
#17700 = ORIENTED_EDGE('',*,*,#17701,.T.);
#17701 = EDGE_CURVE('',#17679,#17702,#17704,.T.);
#17702 = VERTEX_POINT('',#17703);
#17703 = CARTESIAN_POINT('',(575.,-84.,89.));
#17704 = SURFACE_CURVE('',#17705,(#17709,#17716),.PCURVE_S1.);
#17705 = LINE('',#17706,#17707);
#17706 = CARTESIAN_POINT('',(575.,-84.,12.));
#17707 = VECTOR('',#17708,1.);
#17708 = DIRECTION('',(0.,0.,1.));
#17709 = PCURVE('',#17617,#17710);
#17710 = DEFINITIONAL_REPRESENTATION('',(#17711),#17715);
#17711 = LINE('',#17712,#17713);
#17712 = CARTESIAN_POINT('',(-77.,0.));
#17713 = VECTOR('',#17714,1.);
#17714 = DIRECTION('',(1.,0.));
#17715 = ( GEOMETRIC_REPRESENTATION_CONTEXT(2) 
PARAMETRIC_REPRESENTATION_CONTEXT() REPRESENTATION_CONTEXT('2D SPACE',''
  ) );
#17716 = PCURVE('',#17431,#17717);
#17717 = DEFINITIONAL_REPRESENTATION('',(#17718),#17722);
#17718 = LINE('',#17719,#17720);
#17719 = CARTESIAN_POINT('',(0.,25.));
#17720 = VECTOR('',#17721,1.);
#17721 = DIRECTION('',(1.,0.));
#17722 = ( GEOMETRIC_REPRESENTATION_CONTEXT(2) 
PARAMETRIC_REPRESENTATION_CONTEXT() REPRESENTATION_CONTEXT('2D SPACE',''
  ) );
#17723 = ORIENTED_EDGE('',*,*,#17724,.T.);
#17724 = EDGE_CURVE('',#17702,#17725,#17727,.T.);
#17725 = VERTEX_POINT('',#17726);
#17726 = CARTESIAN_POINT('',(575.,85.,89.));
#17727 = SURFACE_CURVE('',#17728,(#17732,#17739),.PCURVE_S1.);
#17728 = LINE('',#17729,#17730);
#17729 = CARTESIAN_POINT('',(575.,-84.,89.));
#17730 = VECTOR('',#17731,1.);
#17731 = DIRECTION('',(-0.,1.,0.));
#17732 = PCURVE('',#17617,#17733);
#17733 = DEFINITIONAL_REPRESENTATION('',(#17734),#17738);
#17734 = LINE('',#17735,#17736);
#17735 = CARTESIAN_POINT('',(0.,0.));
#17736 = VECTOR('',#17737,1.);
#17737 = DIRECTION('',(0.,-1.));
#17738 = ( GEOMETRIC_REPRESENTATION_CONTEXT(2) 
PARAMETRIC_REPRESENTATION_CONTEXT() REPRESENTATION_CONTEXT('2D SPACE',''
  ) );
#17739 = PCURVE('',#17459,#17740);
#17740 = DEFINITIONAL_REPRESENTATION('',(#17741),#17745);
#17741 = LINE('',#17742,#17743);
#17742 = CARTESIAN_POINT('',(25.,0.));
#17743 = VECTOR('',#17744,1.);
#17744 = DIRECTION('',(0.,1.));
#17745 = ( GEOMETRIC_REPRESENTATION_CONTEXT(2) 
PARAMETRIC_REPRESENTATION_CONTEXT() REPRESENTATION_CONTEXT('2D SPACE',''
  ) );
#17746 = ORIENTED_EDGE('',*,*,#17747,.F.);
#17747 = EDGE_CURVE('',#17748,#17725,#17750,.T.);
#17748 = VERTEX_POINT('',#17749);
#17749 = CARTESIAN_POINT('',(575.,85.,12.));
#17750 = SURFACE_CURVE('',#17751,(#17755,#17762),.PCURVE_S1.);
#17751 = LINE('',#17752,#17753);
#17752 = CARTESIAN_POINT('',(575.,85.,12.));
#17753 = VECTOR('',#17754,1.);
#17754 = DIRECTION('',(0.,0.,1.));
#17755 = PCURVE('',#17617,#17756);
#17756 = DEFINITIONAL_REPRESENTATION('',(#17757),#17761);
#17757 = LINE('',#17758,#17759);
#17758 = CARTESIAN_POINT('',(-77.,-169.));
#17759 = VECTOR('',#17760,1.);
#17760 = DIRECTION('',(1.,0.));
#17761 = ( GEOMETRIC_REPRESENTATION_CONTEXT(2) 
PARAMETRIC_REPRESENTATION_CONTEXT() REPRESENTATION_CONTEXT('2D SPACE',''
  ) );
#17762 = PCURVE('',#17487,#17763);
#17763 = DEFINITIONAL_REPRESENTATION('',(#17764),#17768);
#17764 = LINE('',#17765,#17766);
#17765 = CARTESIAN_POINT('',(0.,25.));
#17766 = VECTOR('',#17767,1.);
#17767 = DIRECTION('',(1.,0.));
#17768 = ( GEOMETRIC_REPRESENTATION_CONTEXT(2) 
PARAMETRIC_REPRESENTATION_CONTEXT() REPRESENTATION_CONTEXT('2D SPACE',''
  ) );
#17769 = ORIENTED_EDGE('',*,*,#17770,.T.);
#17770 = EDGE_CURVE('',#17748,#17557,#17771,.T.);
#17771 = SURFACE_CURVE('',#17772,(#17776,#17783),.PCURVE_S1.);
#17772 = LINE('',#17773,#17774);
#17773 = CARTESIAN_POINT('',(575.,85.,12.));
#17774 = VECTOR('',#17775,1.);
#17775 = DIRECTION('',(-0.,1.,0.));
#17776 = PCURVE('',#17617,#17777);
#17777 = DEFINITIONAL_REPRESENTATION('',(#17778),#17782);
#17778 = LINE('',#17779,#17780);
#17779 = CARTESIAN_POINT('',(-77.,-169.));
#17780 = VECTOR('',#17781,1.);
#17781 = DIRECTION('',(0.,-1.));
#17782 = ( GEOMETRIC_REPRESENTATION_CONTEXT(2) 
PARAMETRIC_REPRESENTATION_CONTEXT() REPRESENTATION_CONTEXT('2D SPACE',''
  ) );
#17783 = PCURVE('',#17515,#17784);
#17784 = DEFINITIONAL_REPRESENTATION('',(#17785),#17789);
#17785 = LINE('',#17786,#17787);
#17786 = CARTESIAN_POINT('',(25.,0.));
#17787 = VECTOR('',#17788,1.);
#17788 = DIRECTION('',(0.,1.));
#17789 = ( GEOMETRIC_REPRESENTATION_CONTEXT(2) 
PARAMETRIC_REPRESENTATION_CONTEXT() REPRESENTATION_CONTEXT('2D SPACE',''
  ) );
#17790 = ORIENTED_EDGE('',*,*,#17603,.T.);
#17791 = ADVANCED_FACE('',(#17792),#17515,.F.);
#17792 = FACE_BOUND('',#17793,.F.);
#17793 = EDGE_LOOP('',(#17794,#17795,#17816,#17817));
#17794 = ORIENTED_EDGE('',*,*,#17499,.F.);
#17795 = ORIENTED_EDGE('',*,*,#17796,.T.);
#17796 = EDGE_CURVE('',#17472,#17748,#17797,.T.);
#17797 = SURFACE_CURVE('',#17798,(#17802,#17809),.PCURVE_S1.);
#17798 = LINE('',#17799,#17800);
#17799 = CARTESIAN_POINT('',(550.,85.,12.));
#17800 = VECTOR('',#17801,1.);
#17801 = DIRECTION('',(1.,0.,-0.));
#17802 = PCURVE('',#17515,#17803);
#17803 = DEFINITIONAL_REPRESENTATION('',(#17804),#17808);
#17804 = LINE('',#17805,#17806);
#17805 = CARTESIAN_POINT('',(0.,0.));
#17806 = VECTOR('',#17807,1.);
#17807 = DIRECTION('',(1.,0.));
#17808 = ( GEOMETRIC_REPRESENTATION_CONTEXT(2) 
PARAMETRIC_REPRESENTATION_CONTEXT() REPRESENTATION_CONTEXT('2D SPACE',''
  ) );
#17809 = PCURVE('',#17487,#17810);
#17810 = DEFINITIONAL_REPRESENTATION('',(#17811),#17815);
#17811 = LINE('',#17812,#17813);
#17812 = CARTESIAN_POINT('',(0.,0.));
#17813 = VECTOR('',#17814,1.);
#17814 = DIRECTION('',(0.,1.));
#17815 = ( GEOMETRIC_REPRESENTATION_CONTEXT(2) 
PARAMETRIC_REPRESENTATION_CONTEXT() REPRESENTATION_CONTEXT('2D SPACE',''
  ) );
#17816 = ORIENTED_EDGE('',*,*,#17770,.T.);
#17817 = ORIENTED_EDGE('',*,*,#17556,.F.);
#17818 = ADVANCED_FACE('',(#17819),#17487,.F.);
#17819 = FACE_BOUND('',#17820,.F.);
#17820 = EDGE_LOOP('',(#17821,#17822,#17823,#17824));
#17821 = ORIENTED_EDGE('',*,*,#17747,.F.);
#17822 = ORIENTED_EDGE('',*,*,#17796,.F.);
#17823 = ORIENTED_EDGE('',*,*,#17471,.T.);
#17824 = ORIENTED_EDGE('',*,*,#17825,.T.);
#17825 = EDGE_CURVE('',#17444,#17725,#17826,.T.);
#17826 = SURFACE_CURVE('',#17827,(#17831,#17838),.PCURVE_S1.);
#17827 = LINE('',#17828,#17829);
#17828 = CARTESIAN_POINT('',(550.,85.,89.));
#17829 = VECTOR('',#17830,1.);
#17830 = DIRECTION('',(1.,0.,-0.));
#17831 = PCURVE('',#17487,#17832);
#17832 = DEFINITIONAL_REPRESENTATION('',(#17833),#17837);
#17833 = LINE('',#17834,#17835);
#17834 = CARTESIAN_POINT('',(77.,0.));
#17835 = VECTOR('',#17836,1.);
#17836 = DIRECTION('',(0.,1.));
#17837 = ( GEOMETRIC_REPRESENTATION_CONTEXT(2) 
PARAMETRIC_REPRESENTATION_CONTEXT() REPRESENTATION_CONTEXT('2D SPACE',''
  ) );
#17838 = PCURVE('',#17459,#17839);
#17839 = DEFINITIONAL_REPRESENTATION('',(#17840),#17844);
#17840 = LINE('',#17841,#17842);
#17841 = CARTESIAN_POINT('',(0.,169.));
#17842 = VECTOR('',#17843,1.);
#17843 = DIRECTION('',(1.,0.));
#17844 = ( GEOMETRIC_REPRESENTATION_CONTEXT(2) 
PARAMETRIC_REPRESENTATION_CONTEXT() REPRESENTATION_CONTEXT('2D SPACE',''
  ) );
#17845 = ADVANCED_FACE('',(#17846),#17459,.F.);
#17846 = FACE_BOUND('',#17847,.F.);
#17847 = EDGE_LOOP('',(#17848,#17849,#17870,#17871));
#17848 = ORIENTED_EDGE('',*,*,#17443,.F.);
#17849 = ORIENTED_EDGE('',*,*,#17850,.T.);
#17850 = EDGE_CURVE('',#17416,#17702,#17851,.T.);
#17851 = SURFACE_CURVE('',#17852,(#17856,#17863),.PCURVE_S1.);
#17852 = LINE('',#17853,#17854);
#17853 = CARTESIAN_POINT('',(550.,-84.,89.));
#17854 = VECTOR('',#17855,1.);
#17855 = DIRECTION('',(1.,0.,-0.));
#17856 = PCURVE('',#17459,#17857);
#17857 = DEFINITIONAL_REPRESENTATION('',(#17858),#17862);
#17858 = LINE('',#17859,#17860);
#17859 = CARTESIAN_POINT('',(0.,0.));
#17860 = VECTOR('',#17861,1.);
#17861 = DIRECTION('',(1.,0.));
#17862 = ( GEOMETRIC_REPRESENTATION_CONTEXT(2) 
PARAMETRIC_REPRESENTATION_CONTEXT() REPRESENTATION_CONTEXT('2D SPACE',''
  ) );
#17863 = PCURVE('',#17431,#17864);
#17864 = DEFINITIONAL_REPRESENTATION('',(#17865),#17869);
#17865 = LINE('',#17866,#17867);
#17866 = CARTESIAN_POINT('',(77.,0.));
#17867 = VECTOR('',#17868,1.);
#17868 = DIRECTION('',(0.,1.));
#17869 = ( GEOMETRIC_REPRESENTATION_CONTEXT(2) 
PARAMETRIC_REPRESENTATION_CONTEXT() REPRESENTATION_CONTEXT('2D SPACE',''
  ) );
#17870 = ORIENTED_EDGE('',*,*,#17724,.T.);
#17871 = ORIENTED_EDGE('',*,*,#17825,.F.);
#17872 = ADVANCED_FACE('',(#17873),#17431,.T.);
#17873 = FACE_BOUND('',#17874,.T.);
#17874 = EDGE_LOOP('',(#17875,#17876,#17897,#17898));
#17875 = ORIENTED_EDGE('',*,*,#17701,.F.);
#17876 = ORIENTED_EDGE('',*,*,#17877,.F.);
#17877 = EDGE_CURVE('',#17388,#17679,#17878,.T.);
#17878 = SURFACE_CURVE('',#17879,(#17883,#17890),.PCURVE_S1.);
#17879 = LINE('',#17880,#17881);
#17880 = CARTESIAN_POINT('',(550.,-84.,12.));
#17881 = VECTOR('',#17882,1.);
#17882 = DIRECTION('',(1.,0.,-0.));
#17883 = PCURVE('',#17431,#17884);
#17884 = DEFINITIONAL_REPRESENTATION('',(#17885),#17889);
#17885 = LINE('',#17886,#17887);
#17886 = CARTESIAN_POINT('',(0.,0.));
#17887 = VECTOR('',#17888,1.);
#17888 = DIRECTION('',(0.,1.));
#17889 = ( GEOMETRIC_REPRESENTATION_CONTEXT(2) 
PARAMETRIC_REPRESENTATION_CONTEXT() REPRESENTATION_CONTEXT('2D SPACE',''
  ) );
#17890 = PCURVE('',#17403,#17891);
#17891 = DEFINITIONAL_REPRESENTATION('',(#17892),#17896);
#17892 = LINE('',#17893,#17894);
#17893 = CARTESIAN_POINT('',(0.,2.));
#17894 = VECTOR('',#17895,1.);
#17895 = DIRECTION('',(1.,0.));
#17896 = ( GEOMETRIC_REPRESENTATION_CONTEXT(2) 
PARAMETRIC_REPRESENTATION_CONTEXT() REPRESENTATION_CONTEXT('2D SPACE',''
  ) );
#17897 = ORIENTED_EDGE('',*,*,#17415,.T.);
#17898 = ORIENTED_EDGE('',*,*,#17850,.T.);
#17899 = ADVANCED_FACE('',(#17900),#17403,.F.);
#17900 = FACE_BOUND('',#17901,.F.);
#17901 = EDGE_LOOP('',(#17902,#17903,#17924,#17925));
#17902 = ORIENTED_EDGE('',*,*,#17387,.F.);
#17903 = ORIENTED_EDGE('',*,*,#17904,.T.);
#17904 = EDGE_CURVE('',#17360,#17656,#17905,.T.);
#17905 = SURFACE_CURVE('',#17906,(#17910,#17917),.PCURVE_S1.);
#17906 = LINE('',#17907,#17908);
#17907 = CARTESIAN_POINT('',(550.,-86.,12.));
#17908 = VECTOR('',#17909,1.);
#17909 = DIRECTION('',(1.,0.,-0.));
#17910 = PCURVE('',#17403,#17911);
#17911 = DEFINITIONAL_REPRESENTATION('',(#17912),#17916);
#17912 = LINE('',#17913,#17914);
#17913 = CARTESIAN_POINT('',(0.,0.));
#17914 = VECTOR('',#17915,1.);
#17915 = DIRECTION('',(1.,0.));
#17916 = ( GEOMETRIC_REPRESENTATION_CONTEXT(2) 
PARAMETRIC_REPRESENTATION_CONTEXT() REPRESENTATION_CONTEXT('2D SPACE',''
  ) );
#17917 = PCURVE('',#17375,#17918);
#17918 = DEFINITIONAL_REPRESENTATION('',(#17919),#17923);
#17919 = LINE('',#17920,#17921);
#17920 = CARTESIAN_POINT('',(0.,0.));
#17921 = VECTOR('',#17922,1.);
#17922 = DIRECTION('',(0.,1.));
#17923 = ( GEOMETRIC_REPRESENTATION_CONTEXT(2) 
PARAMETRIC_REPRESENTATION_CONTEXT() REPRESENTATION_CONTEXT('2D SPACE',''
  ) );
#17924 = ORIENTED_EDGE('',*,*,#17678,.T.);
#17925 = ORIENTED_EDGE('',*,*,#17877,.F.);
#17926 = ADVANCED_FACE('',(#17927),#17375,.F.);
#17927 = FACE_BOUND('',#17928,.F.);
#17928 = EDGE_LOOP('',(#17929,#17930,#17931,#17952));
#17929 = ORIENTED_EDGE('',*,*,#17904,.F.);
#17930 = ORIENTED_EDGE('',*,*,#17359,.T.);
#17931 = ORIENTED_EDGE('',*,*,#17932,.T.);
#17932 = EDGE_CURVE('',#17325,#17633,#17933,.T.);
#17933 = SURFACE_CURVE('',#17934,(#17938,#17945),.PCURVE_S1.);
#17934 = LINE('',#17935,#17936);
#17935 = CARTESIAN_POINT('',(550.,-86.,91.));
#17936 = VECTOR('',#17937,1.);
#17937 = DIRECTION('',(1.,0.,-0.));
#17938 = PCURVE('',#17375,#17939);
#17939 = DEFINITIONAL_REPRESENTATION('',(#17940),#17944);
#17940 = LINE('',#17941,#17942);
#17941 = CARTESIAN_POINT('',(79.,0.));
#17942 = VECTOR('',#17943,1.);
#17943 = DIRECTION('',(0.,1.));
#17944 = ( GEOMETRIC_REPRESENTATION_CONTEXT(2) 
PARAMETRIC_REPRESENTATION_CONTEXT() REPRESENTATION_CONTEXT('2D SPACE',''
  ) );
#17945 = PCURVE('',#17347,#17946);
#17946 = DEFINITIONAL_REPRESENTATION('',(#17947),#17951);
#17947 = LINE('',#17948,#17949);
#17948 = CARTESIAN_POINT('',(0.,-2.));
#17949 = VECTOR('',#17950,1.);
#17950 = DIRECTION('',(1.,0.));
#17951 = ( GEOMETRIC_REPRESENTATION_CONTEXT(2) 
PARAMETRIC_REPRESENTATION_CONTEXT() REPRESENTATION_CONTEXT('2D SPACE',''
  ) );
#17952 = ORIENTED_EDGE('',*,*,#17655,.F.);
#17953 = ADVANCED_FACE('',(#17954),#17347,.T.);
#17954 = FACE_BOUND('',#17955,.T.);
#17955 = EDGE_LOOP('',(#17956,#17957,#17958,#17959));
#17956 = ORIENTED_EDGE('',*,*,#17324,.F.);
#17957 = ORIENTED_EDGE('',*,*,#17932,.T.);
#17958 = ORIENTED_EDGE('',*,*,#17632,.T.);
#17959 = ORIENTED_EDGE('',*,*,#17580,.F.);
#17960 = ( GEOMETRIC_REPRESENTATION_CONTEXT(3) 
GLOBAL_UNCERTAINTY_ASSIGNED_CONTEXT((#17964)) 
GLOBAL_UNIT_ASSIGNED_CONTEXT((#17961,#17962,#17963)) 
REPRESENTATION_CONTEXT('Context #1',
  '3D Context with UNIT and UNCERTAINTY') );
#17961 = ( LENGTH_UNIT() NAMED_UNIT(*) SI_UNIT(.MILLI.,.METRE.) );
#17962 = ( NAMED_UNIT(*) PLANE_ANGLE_UNIT() SI_UNIT($,.RADIAN.) );
#17963 = ( NAMED_UNIT(*) SI_UNIT($,.STERADIAN.) SOLID_ANGLE_UNIT() );
#17964 = UNCERTAINTY_MEASURE_WITH_UNIT(LENGTH_MEASURE(1.E-07),#17961,
  'distance_accuracy_value','confusion accuracy');
#17965 = CONTEXT_DEPENDENT_SHAPE_REPRESENTATION(#17966,#17968);
#17966 = ( REPRESENTATION_RELATIONSHIP('','',#17317,#10) 
REPRESENTATION_RELATIONSHIP_WITH_TRANSFORMATION(#17967) 
SHAPE_REPRESENTATION_RELATIONSHIP() );
#17967 = ITEM_DEFINED_TRANSFORMATION('','',#11,#107);
#17968 = PRODUCT_DEFINITION_SHAPE('Placement','Placement of an item',
  #17969);
#17969 = NEXT_ASSEMBLY_USAGE_OCCURRENCE('60','=>[0:1:1:25]','',#5,#17312
  ,$);
#17970 = PRODUCT_RELATED_PRODUCT_CATEGORY('part',$,(#17314));
#17971 = SHAPE_DEFINITION_REPRESENTATION(#17972,#17978);
#17972 = PRODUCT_DEFINITION_SHAPE('','',#17973);
#17973 = PRODUCT_DEFINITION('design','',#17974,#17977);
#17974 = PRODUCT_DEFINITION_FORMATION('','',#17975);
#17975 = PRODUCT('COMPOUND','COMPOUND','',(#17976));
#17976 = PRODUCT_CONTEXT('',#2,'mechanical');
#17977 = PRODUCT_DEFINITION_CONTEXT('part definition',#2,'design');
#17978 = ADVANCED_BREP_SHAPE_REPRESENTATION('',(#11,#17979),#18309);
#17979 = MANIFOLD_SOLID_BREP('',#17980);
#17980 = CLOSED_SHELL('',(#17981,#18101,#18201,#18248,#18295,#18302));
#17981 = ADVANCED_FACE('',(#17982),#17996,.F.);
#17982 = FACE_BOUND('',#17983,.F.);
#17983 = EDGE_LOOP('',(#17984,#18019,#18047,#18075));
#17984 = ORIENTED_EDGE('',*,*,#17985,.F.);
#17985 = EDGE_CURVE('',#17986,#17988,#17990,.T.);
#17986 = VERTEX_POINT('',#17987);
#17987 = CARTESIAN_POINT('',(-55.,-40.,-30.));
#17988 = VERTEX_POINT('',#17989);
#17989 = CARTESIAN_POINT('',(-55.,-40.,30.));
#17990 = SURFACE_CURVE('',#17991,(#17995,#18007),.PCURVE_S1.);
#17991 = LINE('',#17992,#17993);
#17992 = CARTESIAN_POINT('',(-55.,-40.,-30.));
#17993 = VECTOR('',#17994,1.);
#17994 = DIRECTION('',(0.,0.,1.));
#17995 = PCURVE('',#17996,#18001);
#17996 = PLANE('',#17997);
#17997 = AXIS2_PLACEMENT_3D('',#17998,#17999,#18000);
#17998 = CARTESIAN_POINT('',(-55.,-40.,-30.));
#17999 = DIRECTION('',(1.,0.,-0.));
#18000 = DIRECTION('',(0.,0.,1.));
#18001 = DEFINITIONAL_REPRESENTATION('',(#18002),#18006);
#18002 = LINE('',#18003,#18004);
#18003 = CARTESIAN_POINT('',(0.,0.));
#18004 = VECTOR('',#18005,1.);
#18005 = DIRECTION('',(1.,0.));
#18006 = ( GEOMETRIC_REPRESENTATION_CONTEXT(2) 
PARAMETRIC_REPRESENTATION_CONTEXT() REPRESENTATION_CONTEXT('2D SPACE',''
  ) );
#18007 = PCURVE('',#18008,#18013);
#18008 = PLANE('',#18009);
#18009 = AXIS2_PLACEMENT_3D('',#18010,#18011,#18012);
#18010 = CARTESIAN_POINT('',(-55.,-40.,-30.));
#18011 = DIRECTION('',(-0.,1.,0.));
#18012 = DIRECTION('',(0.,0.,1.));
#18013 = DEFINITIONAL_REPRESENTATION('',(#18014),#18018);
#18014 = LINE('',#18015,#18016);
#18015 = CARTESIAN_POINT('',(0.,0.));
#18016 = VECTOR('',#18017,1.);
#18017 = DIRECTION('',(1.,0.));
#18018 = ( GEOMETRIC_REPRESENTATION_CONTEXT(2) 
PARAMETRIC_REPRESENTATION_CONTEXT() REPRESENTATION_CONTEXT('2D SPACE',''
  ) );
#18019 = ORIENTED_EDGE('',*,*,#18020,.T.);
#18020 = EDGE_CURVE('',#17986,#18021,#18023,.T.);
#18021 = VERTEX_POINT('',#18022);
#18022 = CARTESIAN_POINT('',(-55.,40.,-30.));
#18023 = SURFACE_CURVE('',#18024,(#18028,#18035),.PCURVE_S1.);
#18024 = LINE('',#18025,#18026);
#18025 = CARTESIAN_POINT('',(-55.,-40.,-30.));
#18026 = VECTOR('',#18027,1.);
#18027 = DIRECTION('',(-0.,1.,0.));
#18028 = PCURVE('',#17996,#18029);
#18029 = DEFINITIONAL_REPRESENTATION('',(#18030),#18034);
#18030 = LINE('',#18031,#18032);
#18031 = CARTESIAN_POINT('',(0.,0.));
#18032 = VECTOR('',#18033,1.);
#18033 = DIRECTION('',(0.,-1.));
#18034 = ( GEOMETRIC_REPRESENTATION_CONTEXT(2) 
PARAMETRIC_REPRESENTATION_CONTEXT() REPRESENTATION_CONTEXT('2D SPACE',''
  ) );
#18035 = PCURVE('',#18036,#18041);
#18036 = PLANE('',#18037);
#18037 = AXIS2_PLACEMENT_3D('',#18038,#18039,#18040);
#18038 = CARTESIAN_POINT('',(-55.,-40.,-30.));
#18039 = DIRECTION('',(0.,0.,1.));
#18040 = DIRECTION('',(1.,0.,-0.));
#18041 = DEFINITIONAL_REPRESENTATION('',(#18042),#18046);
#18042 = LINE('',#18043,#18044);
#18043 = CARTESIAN_POINT('',(0.,0.));
#18044 = VECTOR('',#18045,1.);
#18045 = DIRECTION('',(0.,1.));
#18046 = ( GEOMETRIC_REPRESENTATION_CONTEXT(2) 
PARAMETRIC_REPRESENTATION_CONTEXT() REPRESENTATION_CONTEXT('2D SPACE',''
  ) );
#18047 = ORIENTED_EDGE('',*,*,#18048,.T.);
#18048 = EDGE_CURVE('',#18021,#18049,#18051,.T.);
#18049 = VERTEX_POINT('',#18050);
#18050 = CARTESIAN_POINT('',(-55.,40.,30.));
#18051 = SURFACE_CURVE('',#18052,(#18056,#18063),.PCURVE_S1.);
#18052 = LINE('',#18053,#18054);
#18053 = CARTESIAN_POINT('',(-55.,40.,-30.));
#18054 = VECTOR('',#18055,1.);
#18055 = DIRECTION('',(0.,0.,1.));
#18056 = PCURVE('',#17996,#18057);
#18057 = DEFINITIONAL_REPRESENTATION('',(#18058),#18062);
#18058 = LINE('',#18059,#18060);
#18059 = CARTESIAN_POINT('',(0.,-80.));
#18060 = VECTOR('',#18061,1.);
#18061 = DIRECTION('',(1.,0.));
#18062 = ( GEOMETRIC_REPRESENTATION_CONTEXT(2) 
PARAMETRIC_REPRESENTATION_CONTEXT() REPRESENTATION_CONTEXT('2D SPACE',''
  ) );
#18063 = PCURVE('',#18064,#18069);
#18064 = PLANE('',#18065);
#18065 = AXIS2_PLACEMENT_3D('',#18066,#18067,#18068);
#18066 = CARTESIAN_POINT('',(-55.,40.,-30.));
#18067 = DIRECTION('',(-0.,1.,0.));
#18068 = DIRECTION('',(0.,0.,1.));
#18069 = DEFINITIONAL_REPRESENTATION('',(#18070),#18074);
#18070 = LINE('',#18071,#18072);
#18071 = CARTESIAN_POINT('',(0.,0.));
#18072 = VECTOR('',#18073,1.);
#18073 = DIRECTION('',(1.,0.));
#18074 = ( GEOMETRIC_REPRESENTATION_CONTEXT(2) 
PARAMETRIC_REPRESENTATION_CONTEXT() REPRESENTATION_CONTEXT('2D SPACE',''
  ) );
#18075 = ORIENTED_EDGE('',*,*,#18076,.F.);
#18076 = EDGE_CURVE('',#17988,#18049,#18077,.T.);
#18077 = SURFACE_CURVE('',#18078,(#18082,#18089),.PCURVE_S1.);
#18078 = LINE('',#18079,#18080);
#18079 = CARTESIAN_POINT('',(-55.,-40.,30.));
#18080 = VECTOR('',#18081,1.);
#18081 = DIRECTION('',(-0.,1.,0.));
#18082 = PCURVE('',#17996,#18083);
#18083 = DEFINITIONAL_REPRESENTATION('',(#18084),#18088);
#18084 = LINE('',#18085,#18086);
#18085 = CARTESIAN_POINT('',(60.,0.));
#18086 = VECTOR('',#18087,1.);
#18087 = DIRECTION('',(0.,-1.));
#18088 = ( GEOMETRIC_REPRESENTATION_CONTEXT(2) 
PARAMETRIC_REPRESENTATION_CONTEXT() REPRESENTATION_CONTEXT('2D SPACE',''
  ) );
#18089 = PCURVE('',#18090,#18095);
#18090 = PLANE('',#18091);
#18091 = AXIS2_PLACEMENT_3D('',#18092,#18093,#18094);
#18092 = CARTESIAN_POINT('',(-55.,-40.,30.));
#18093 = DIRECTION('',(0.,0.,1.));
#18094 = DIRECTION('',(1.,0.,-0.));
#18095 = DEFINITIONAL_REPRESENTATION('',(#18096),#18100);
#18096 = LINE('',#18097,#18098);
#18097 = CARTESIAN_POINT('',(0.,0.));
#18098 = VECTOR('',#18099,1.);
#18099 = DIRECTION('',(0.,1.));
#18100 = ( GEOMETRIC_REPRESENTATION_CONTEXT(2) 
PARAMETRIC_REPRESENTATION_CONTEXT() REPRESENTATION_CONTEXT('2D SPACE',''
  ) );
#18101 = ADVANCED_FACE('',(#18102),#18116,.T.);
#18102 = FACE_BOUND('',#18103,.T.);
#18103 = EDGE_LOOP('',(#18104,#18134,#18157,#18180));
#18104 = ORIENTED_EDGE('',*,*,#18105,.F.);
#18105 = EDGE_CURVE('',#18106,#18108,#18110,.T.);
#18106 = VERTEX_POINT('',#18107);
#18107 = CARTESIAN_POINT('',(55.,-40.,-30.));
#18108 = VERTEX_POINT('',#18109);
#18109 = CARTESIAN_POINT('',(55.,-40.,30.));
#18110 = SURFACE_CURVE('',#18111,(#18115,#18127),.PCURVE_S1.);
#18111 = LINE('',#18112,#18113);
#18112 = CARTESIAN_POINT('',(55.,-40.,-30.));
#18113 = VECTOR('',#18114,1.);
#18114 = DIRECTION('',(0.,0.,1.));
#18115 = PCURVE('',#18116,#18121);
#18116 = PLANE('',#18117);
#18117 = AXIS2_PLACEMENT_3D('',#18118,#18119,#18120);
#18118 = CARTESIAN_POINT('',(55.,-40.,-30.));
#18119 = DIRECTION('',(1.,0.,-0.));
#18120 = DIRECTION('',(0.,0.,1.));
#18121 = DEFINITIONAL_REPRESENTATION('',(#18122),#18126);
#18122 = LINE('',#18123,#18124);
#18123 = CARTESIAN_POINT('',(0.,0.));
#18124 = VECTOR('',#18125,1.);
#18125 = DIRECTION('',(1.,0.));
#18126 = ( GEOMETRIC_REPRESENTATION_CONTEXT(2) 
PARAMETRIC_REPRESENTATION_CONTEXT() REPRESENTATION_CONTEXT('2D SPACE',''
  ) );
#18127 = PCURVE('',#18008,#18128);
#18128 = DEFINITIONAL_REPRESENTATION('',(#18129),#18133);
#18129 = LINE('',#18130,#18131);
#18130 = CARTESIAN_POINT('',(0.,110.));
#18131 = VECTOR('',#18132,1.);
#18132 = DIRECTION('',(1.,0.));
#18133 = ( GEOMETRIC_REPRESENTATION_CONTEXT(2) 
PARAMETRIC_REPRESENTATION_CONTEXT() REPRESENTATION_CONTEXT('2D SPACE',''
  ) );
#18134 = ORIENTED_EDGE('',*,*,#18135,.T.);
#18135 = EDGE_CURVE('',#18106,#18136,#18138,.T.);
#18136 = VERTEX_POINT('',#18137);
#18137 = CARTESIAN_POINT('',(55.,40.,-30.));
#18138 = SURFACE_CURVE('',#18139,(#18143,#18150),.PCURVE_S1.);
#18139 = LINE('',#18140,#18141);
#18140 = CARTESIAN_POINT('',(55.,-40.,-30.));
#18141 = VECTOR('',#18142,1.);
#18142 = DIRECTION('',(-0.,1.,0.));
#18143 = PCURVE('',#18116,#18144);
#18144 = DEFINITIONAL_REPRESENTATION('',(#18145),#18149);
#18145 = LINE('',#18146,#18147);
#18146 = CARTESIAN_POINT('',(0.,0.));
#18147 = VECTOR('',#18148,1.);
#18148 = DIRECTION('',(0.,-1.));
#18149 = ( GEOMETRIC_REPRESENTATION_CONTEXT(2) 
PARAMETRIC_REPRESENTATION_CONTEXT() REPRESENTATION_CONTEXT('2D SPACE',''
  ) );
#18150 = PCURVE('',#18036,#18151);
#18151 = DEFINITIONAL_REPRESENTATION('',(#18152),#18156);
#18152 = LINE('',#18153,#18154);
#18153 = CARTESIAN_POINT('',(110.,0.));
#18154 = VECTOR('',#18155,1.);
#18155 = DIRECTION('',(0.,1.));
#18156 = ( GEOMETRIC_REPRESENTATION_CONTEXT(2) 
PARAMETRIC_REPRESENTATION_CONTEXT() REPRESENTATION_CONTEXT('2D SPACE',''
  ) );
#18157 = ORIENTED_EDGE('',*,*,#18158,.T.);
#18158 = EDGE_CURVE('',#18136,#18159,#18161,.T.);
#18159 = VERTEX_POINT('',#18160);
#18160 = CARTESIAN_POINT('',(55.,40.,30.));
#18161 = SURFACE_CURVE('',#18162,(#18166,#18173),.PCURVE_S1.);
#18162 = LINE('',#18163,#18164);
#18163 = CARTESIAN_POINT('',(55.,40.,-30.));
#18164 = VECTOR('',#18165,1.);
#18165 = DIRECTION('',(0.,0.,1.));
#18166 = PCURVE('',#18116,#18167);
#18167 = DEFINITIONAL_REPRESENTATION('',(#18168),#18172);
#18168 = LINE('',#18169,#18170);
#18169 = CARTESIAN_POINT('',(0.,-80.));
#18170 = VECTOR('',#18171,1.);
#18171 = DIRECTION('',(1.,0.));
#18172 = ( GEOMETRIC_REPRESENTATION_CONTEXT(2) 
PARAMETRIC_REPRESENTATION_CONTEXT() REPRESENTATION_CONTEXT('2D SPACE',''
  ) );
#18173 = PCURVE('',#18064,#18174);
#18174 = DEFINITIONAL_REPRESENTATION('',(#18175),#18179);
#18175 = LINE('',#18176,#18177);
#18176 = CARTESIAN_POINT('',(0.,110.));
#18177 = VECTOR('',#18178,1.);
#18178 = DIRECTION('',(1.,0.));
#18179 = ( GEOMETRIC_REPRESENTATION_CONTEXT(2) 
PARAMETRIC_REPRESENTATION_CONTEXT() REPRESENTATION_CONTEXT('2D SPACE',''
  ) );
#18180 = ORIENTED_EDGE('',*,*,#18181,.F.);
#18181 = EDGE_CURVE('',#18108,#18159,#18182,.T.);
#18182 = SURFACE_CURVE('',#18183,(#18187,#18194),.PCURVE_S1.);
#18183 = LINE('',#18184,#18185);
#18184 = CARTESIAN_POINT('',(55.,-40.,30.));
#18185 = VECTOR('',#18186,1.);
#18186 = DIRECTION('',(-0.,1.,0.));
#18187 = PCURVE('',#18116,#18188);
#18188 = DEFINITIONAL_REPRESENTATION('',(#18189),#18193);
#18189 = LINE('',#18190,#18191);
#18190 = CARTESIAN_POINT('',(60.,0.));
#18191 = VECTOR('',#18192,1.);
#18192 = DIRECTION('',(0.,-1.));
#18193 = ( GEOMETRIC_REPRESENTATION_CONTEXT(2) 
PARAMETRIC_REPRESENTATION_CONTEXT() REPRESENTATION_CONTEXT('2D SPACE',''
  ) );
#18194 = PCURVE('',#18090,#18195);
#18195 = DEFINITIONAL_REPRESENTATION('',(#18196),#18200);
#18196 = LINE('',#18197,#18198);
#18197 = CARTESIAN_POINT('',(110.,0.));
#18198 = VECTOR('',#18199,1.);
#18199 = DIRECTION('',(0.,1.));
#18200 = ( GEOMETRIC_REPRESENTATION_CONTEXT(2) 
PARAMETRIC_REPRESENTATION_CONTEXT() REPRESENTATION_CONTEXT('2D SPACE',''
  ) );
#18201 = ADVANCED_FACE('',(#18202),#18008,.F.);
#18202 = FACE_BOUND('',#18203,.F.);
#18203 = EDGE_LOOP('',(#18204,#18225,#18226,#18247));
#18204 = ORIENTED_EDGE('',*,*,#18205,.F.);
#18205 = EDGE_CURVE('',#17986,#18106,#18206,.T.);
#18206 = SURFACE_CURVE('',#18207,(#18211,#18218),.PCURVE_S1.);
#18207 = LINE('',#18208,#18209);
#18208 = CARTESIAN_POINT('',(-55.,-40.,-30.));
#18209 = VECTOR('',#18210,1.);
#18210 = DIRECTION('',(1.,0.,-0.));
#18211 = PCURVE('',#18008,#18212);
#18212 = DEFINITIONAL_REPRESENTATION('',(#18213),#18217);
#18213 = LINE('',#18214,#18215);
#18214 = CARTESIAN_POINT('',(0.,0.));
#18215 = VECTOR('',#18216,1.);
#18216 = DIRECTION('',(0.,1.));
#18217 = ( GEOMETRIC_REPRESENTATION_CONTEXT(2) 
PARAMETRIC_REPRESENTATION_CONTEXT() REPRESENTATION_CONTEXT('2D SPACE',''
  ) );
#18218 = PCURVE('',#18036,#18219);
#18219 = DEFINITIONAL_REPRESENTATION('',(#18220),#18224);
#18220 = LINE('',#18221,#18222);
#18221 = CARTESIAN_POINT('',(0.,0.));
#18222 = VECTOR('',#18223,1.);
#18223 = DIRECTION('',(1.,0.));
#18224 = ( GEOMETRIC_REPRESENTATION_CONTEXT(2) 
PARAMETRIC_REPRESENTATION_CONTEXT() REPRESENTATION_CONTEXT('2D SPACE',''
  ) );
#18225 = ORIENTED_EDGE('',*,*,#17985,.T.);
#18226 = ORIENTED_EDGE('',*,*,#18227,.T.);
#18227 = EDGE_CURVE('',#17988,#18108,#18228,.T.);
#18228 = SURFACE_CURVE('',#18229,(#18233,#18240),.PCURVE_S1.);
#18229 = LINE('',#18230,#18231);
#18230 = CARTESIAN_POINT('',(-55.,-40.,30.));
#18231 = VECTOR('',#18232,1.);
#18232 = DIRECTION('',(1.,0.,-0.));
#18233 = PCURVE('',#18008,#18234);
#18234 = DEFINITIONAL_REPRESENTATION('',(#18235),#18239);
#18235 = LINE('',#18236,#18237);
#18236 = CARTESIAN_POINT('',(60.,0.));
#18237 = VECTOR('',#18238,1.);
#18238 = DIRECTION('',(0.,1.));
#18239 = ( GEOMETRIC_REPRESENTATION_CONTEXT(2) 
PARAMETRIC_REPRESENTATION_CONTEXT() REPRESENTATION_CONTEXT('2D SPACE',''
  ) );
#18240 = PCURVE('',#18090,#18241);
#18241 = DEFINITIONAL_REPRESENTATION('',(#18242),#18246);
#18242 = LINE('',#18243,#18244);
#18243 = CARTESIAN_POINT('',(0.,0.));
#18244 = VECTOR('',#18245,1.);
#18245 = DIRECTION('',(1.,0.));
#18246 = ( GEOMETRIC_REPRESENTATION_CONTEXT(2) 
PARAMETRIC_REPRESENTATION_CONTEXT() REPRESENTATION_CONTEXT('2D SPACE',''
  ) );
#18247 = ORIENTED_EDGE('',*,*,#18105,.F.);
#18248 = ADVANCED_FACE('',(#18249),#18064,.T.);
#18249 = FACE_BOUND('',#18250,.T.);
#18250 = EDGE_LOOP('',(#18251,#18272,#18273,#18294));
#18251 = ORIENTED_EDGE('',*,*,#18252,.F.);
#18252 = EDGE_CURVE('',#18021,#18136,#18253,.T.);
#18253 = SURFACE_CURVE('',#18254,(#18258,#18265),.PCURVE_S1.);
#18254 = LINE('',#18255,#18256);
#18255 = CARTESIAN_POINT('',(-55.,40.,-30.));
#18256 = VECTOR('',#18257,1.);
#18257 = DIRECTION('',(1.,0.,-0.));
#18258 = PCURVE('',#18064,#18259);
#18259 = DEFINITIONAL_REPRESENTATION('',(#18260),#18264);
#18260 = LINE('',#18261,#18262);
#18261 = CARTESIAN_POINT('',(0.,0.));
#18262 = VECTOR('',#18263,1.);
#18263 = DIRECTION('',(0.,1.));
#18264 = ( GEOMETRIC_REPRESENTATION_CONTEXT(2) 
PARAMETRIC_REPRESENTATION_CONTEXT() REPRESENTATION_CONTEXT('2D SPACE',''
  ) );
#18265 = PCURVE('',#18036,#18266);
#18266 = DEFINITIONAL_REPRESENTATION('',(#18267),#18271);
#18267 = LINE('',#18268,#18269);
#18268 = CARTESIAN_POINT('',(0.,80.));
#18269 = VECTOR('',#18270,1.);
#18270 = DIRECTION('',(1.,0.));
#18271 = ( GEOMETRIC_REPRESENTATION_CONTEXT(2) 
PARAMETRIC_REPRESENTATION_CONTEXT() REPRESENTATION_CONTEXT('2D SPACE',''
  ) );
#18272 = ORIENTED_EDGE('',*,*,#18048,.T.);
#18273 = ORIENTED_EDGE('',*,*,#18274,.T.);
#18274 = EDGE_CURVE('',#18049,#18159,#18275,.T.);
#18275 = SURFACE_CURVE('',#18276,(#18280,#18287),.PCURVE_S1.);
#18276 = LINE('',#18277,#18278);
#18277 = CARTESIAN_POINT('',(-55.,40.,30.));
#18278 = VECTOR('',#18279,1.);
#18279 = DIRECTION('',(1.,0.,-0.));
#18280 = PCURVE('',#18064,#18281);
#18281 = DEFINITIONAL_REPRESENTATION('',(#18282),#18286);
#18282 = LINE('',#18283,#18284);
#18283 = CARTESIAN_POINT('',(60.,0.));
#18284 = VECTOR('',#18285,1.);
#18285 = DIRECTION('',(0.,1.));
#18286 = ( GEOMETRIC_REPRESENTATION_CONTEXT(2) 
PARAMETRIC_REPRESENTATION_CONTEXT() REPRESENTATION_CONTEXT('2D SPACE',''
  ) );
#18287 = PCURVE('',#18090,#18288);
#18288 = DEFINITIONAL_REPRESENTATION('',(#18289),#18293);
#18289 = LINE('',#18290,#18291);
#18290 = CARTESIAN_POINT('',(0.,80.));
#18291 = VECTOR('',#18292,1.);
#18292 = DIRECTION('',(1.,0.));
#18293 = ( GEOMETRIC_REPRESENTATION_CONTEXT(2) 
PARAMETRIC_REPRESENTATION_CONTEXT() REPRESENTATION_CONTEXT('2D SPACE',''
  ) );
#18294 = ORIENTED_EDGE('',*,*,#18158,.F.);
#18295 = ADVANCED_FACE('',(#18296),#18036,.F.);
#18296 = FACE_BOUND('',#18297,.F.);
#18297 = EDGE_LOOP('',(#18298,#18299,#18300,#18301));
#18298 = ORIENTED_EDGE('',*,*,#18020,.F.);
#18299 = ORIENTED_EDGE('',*,*,#18205,.T.);
#18300 = ORIENTED_EDGE('',*,*,#18135,.T.);
#18301 = ORIENTED_EDGE('',*,*,#18252,.F.);
#18302 = ADVANCED_FACE('',(#18303),#18090,.T.);
#18303 = FACE_BOUND('',#18304,.T.);
#18304 = EDGE_LOOP('',(#18305,#18306,#18307,#18308));
#18305 = ORIENTED_EDGE('',*,*,#18076,.F.);
#18306 = ORIENTED_EDGE('',*,*,#18227,.T.);
#18307 = ORIENTED_EDGE('',*,*,#18181,.T.);
#18308 = ORIENTED_EDGE('',*,*,#18274,.F.);
#18309 = ( GEOMETRIC_REPRESENTATION_CONTEXT(3) 
GLOBAL_UNCERTAINTY_ASSIGNED_CONTEXT((#18313)) 
GLOBAL_UNIT_ASSIGNED_CONTEXT((#18310,#18311,#18312)) 
REPRESENTATION_CONTEXT('Context #1',
  '3D Context with UNIT and UNCERTAINTY') );
#18310 = ( LENGTH_UNIT() NAMED_UNIT(*) SI_UNIT(.MILLI.,.METRE.) );
#18311 = ( NAMED_UNIT(*) PLANE_ANGLE_UNIT() SI_UNIT($,.RADIAN.) );
#18312 = ( NAMED_UNIT(*) SI_UNIT($,.STERADIAN.) SOLID_ANGLE_UNIT() );
#18313 = UNCERTAINTY_MEASURE_WITH_UNIT(LENGTH_MEASURE(1.E-07),#18310,
  'distance_accuracy_value','confusion accuracy');
#18314 = CONTEXT_DEPENDENT_SHAPE_REPRESENTATION(#18315,#18317);
#18315 = ( REPRESENTATION_RELATIONSHIP('','',#17978,#10) 
REPRESENTATION_RELATIONSHIP_WITH_TRANSFORMATION(#18316) 
SHAPE_REPRESENTATION_RELATIONSHIP() );
#18316 = ITEM_DEFINED_TRANSFORMATION('','',#11,#111);
#18317 = PRODUCT_DEFINITION_SHAPE('Placement','Placement of an item',
  #18318);
#18318 = NEXT_ASSEMBLY_USAGE_OCCURRENCE('61','=>[0:1:1:26]','',#5,#17973
  ,$);
#18319 = PRODUCT_RELATED_PRODUCT_CATEGORY('part',$,(#17975));
#18320 = SHAPE_DEFINITION_REPRESENTATION(#18321,#18327);
#18321 = PRODUCT_DEFINITION_SHAPE('','',#18322);
#18322 = PRODUCT_DEFINITION('design','',#18323,#18326);
#18323 = PRODUCT_DEFINITION_FORMATION('','',#18324);
#18324 = PRODUCT('COMPOUND','COMPOUND','',(#18325));
#18325 = PRODUCT_CONTEXT('',#2,'mechanical');
#18326 = PRODUCT_DEFINITION_CONTEXT('part definition',#2,'design');
#18327 = ADVANCED_BREP_SHAPE_REPRESENTATION('',(#11,#18328),#18658);
#18328 = MANIFOLD_SOLID_BREP('',#18329);
#18329 = CLOSED_SHELL('',(#18330,#18450,#18550,#18597,#18644,#18651));
#18330 = ADVANCED_FACE('',(#18331),#18345,.F.);
#18331 = FACE_BOUND('',#18332,.F.);
#18332 = EDGE_LOOP('',(#18333,#18368,#18396,#18424));
#18333 = ORIENTED_EDGE('',*,*,#18334,.F.);
#18334 = EDGE_CURVE('',#18335,#18337,#18339,.T.);
#18335 = VERTEX_POINT('',#18336);
#18336 = CARTESIAN_POINT('',(-30.,-25.,-10.));
#18337 = VERTEX_POINT('',#18338);
#18338 = CARTESIAN_POINT('',(-30.,-25.,10.));
#18339 = SURFACE_CURVE('',#18340,(#18344,#18356),.PCURVE_S1.);
#18340 = LINE('',#18341,#18342);
#18341 = CARTESIAN_POINT('',(-30.,-25.,-10.));
#18342 = VECTOR('',#18343,1.);
#18343 = DIRECTION('',(0.,0.,1.));
#18344 = PCURVE('',#18345,#18350);
#18345 = PLANE('',#18346);
#18346 = AXIS2_PLACEMENT_3D('',#18347,#18348,#18349);
#18347 = CARTESIAN_POINT('',(-30.,-25.,-10.));
#18348 = DIRECTION('',(1.,0.,-0.));
#18349 = DIRECTION('',(0.,0.,1.));
#18350 = DEFINITIONAL_REPRESENTATION('',(#18351),#18355);
#18351 = LINE('',#18352,#18353);
#18352 = CARTESIAN_POINT('',(0.,0.));
#18353 = VECTOR('',#18354,1.);
#18354 = DIRECTION('',(1.,0.));
#18355 = ( GEOMETRIC_REPRESENTATION_CONTEXT(2) 
PARAMETRIC_REPRESENTATION_CONTEXT() REPRESENTATION_CONTEXT('2D SPACE',''
  ) );
#18356 = PCURVE('',#18357,#18362);
#18357 = PLANE('',#18358);
#18358 = AXIS2_PLACEMENT_3D('',#18359,#18360,#18361);
#18359 = CARTESIAN_POINT('',(-30.,-25.,-10.));
#18360 = DIRECTION('',(-0.,1.,0.));
#18361 = DIRECTION('',(0.,0.,1.));
#18362 = DEFINITIONAL_REPRESENTATION('',(#18363),#18367);
#18363 = LINE('',#18364,#18365);
#18364 = CARTESIAN_POINT('',(0.,0.));
#18365 = VECTOR('',#18366,1.);
#18366 = DIRECTION('',(1.,0.));
#18367 = ( GEOMETRIC_REPRESENTATION_CONTEXT(2) 
PARAMETRIC_REPRESENTATION_CONTEXT() REPRESENTATION_CONTEXT('2D SPACE',''
  ) );
#18368 = ORIENTED_EDGE('',*,*,#18369,.T.);
#18369 = EDGE_CURVE('',#18335,#18370,#18372,.T.);
#18370 = VERTEX_POINT('',#18371);
#18371 = CARTESIAN_POINT('',(-30.,25.,-10.));
#18372 = SURFACE_CURVE('',#18373,(#18377,#18384),.PCURVE_S1.);
#18373 = LINE('',#18374,#18375);
#18374 = CARTESIAN_POINT('',(-30.,-25.,-10.));
#18375 = VECTOR('',#18376,1.);
#18376 = DIRECTION('',(-0.,1.,0.));
#18377 = PCURVE('',#18345,#18378);
#18378 = DEFINITIONAL_REPRESENTATION('',(#18379),#18383);
#18379 = LINE('',#18380,#18381);
#18380 = CARTESIAN_POINT('',(0.,0.));
#18381 = VECTOR('',#18382,1.);
#18382 = DIRECTION('',(0.,-1.));
#18383 = ( GEOMETRIC_REPRESENTATION_CONTEXT(2) 
PARAMETRIC_REPRESENTATION_CONTEXT() REPRESENTATION_CONTEXT('2D SPACE',''
  ) );
#18384 = PCURVE('',#18385,#18390);
#18385 = PLANE('',#18386);
#18386 = AXIS2_PLACEMENT_3D('',#18387,#18388,#18389);
#18387 = CARTESIAN_POINT('',(-30.,-25.,-10.));
#18388 = DIRECTION('',(0.,0.,1.));
#18389 = DIRECTION('',(1.,0.,-0.));
#18390 = DEFINITIONAL_REPRESENTATION('',(#18391),#18395);
#18391 = LINE('',#18392,#18393);
#18392 = CARTESIAN_POINT('',(0.,0.));
#18393 = VECTOR('',#18394,1.);
#18394 = DIRECTION('',(0.,1.));
#18395 = ( GEOMETRIC_REPRESENTATION_CONTEXT(2) 
PARAMETRIC_REPRESENTATION_CONTEXT() REPRESENTATION_CONTEXT('2D SPACE',''
  ) );
#18396 = ORIENTED_EDGE('',*,*,#18397,.T.);
#18397 = EDGE_CURVE('',#18370,#18398,#18400,.T.);
#18398 = VERTEX_POINT('',#18399);
#18399 = CARTESIAN_POINT('',(-30.,25.,10.));
#18400 = SURFACE_CURVE('',#18401,(#18405,#18412),.PCURVE_S1.);
#18401 = LINE('',#18402,#18403);
#18402 = CARTESIAN_POINT('',(-30.,25.,-10.));
#18403 = VECTOR('',#18404,1.);
#18404 = DIRECTION('',(0.,0.,1.));
#18405 = PCURVE('',#18345,#18406);
#18406 = DEFINITIONAL_REPRESENTATION('',(#18407),#18411);
#18407 = LINE('',#18408,#18409);
#18408 = CARTESIAN_POINT('',(0.,-50.));
#18409 = VECTOR('',#18410,1.);
#18410 = DIRECTION('',(1.,0.));
#18411 = ( GEOMETRIC_REPRESENTATION_CONTEXT(2) 
PARAMETRIC_REPRESENTATION_CONTEXT() REPRESENTATION_CONTEXT('2D SPACE',''
  ) );
#18412 = PCURVE('',#18413,#18418);
#18413 = PLANE('',#18414);
#18414 = AXIS2_PLACEMENT_3D('',#18415,#18416,#18417);
#18415 = CARTESIAN_POINT('',(-30.,25.,-10.));
#18416 = DIRECTION('',(-0.,1.,0.));
#18417 = DIRECTION('',(0.,0.,1.));
#18418 = DEFINITIONAL_REPRESENTATION('',(#18419),#18423);
#18419 = LINE('',#18420,#18421);
#18420 = CARTESIAN_POINT('',(0.,0.));
#18421 = VECTOR('',#18422,1.);
#18422 = DIRECTION('',(1.,0.));
#18423 = ( GEOMETRIC_REPRESENTATION_CONTEXT(2) 
PARAMETRIC_REPRESENTATION_CONTEXT() REPRESENTATION_CONTEXT('2D SPACE',''
  ) );
#18424 = ORIENTED_EDGE('',*,*,#18425,.F.);
#18425 = EDGE_CURVE('',#18337,#18398,#18426,.T.);
#18426 = SURFACE_CURVE('',#18427,(#18431,#18438),.PCURVE_S1.);
#18427 = LINE('',#18428,#18429);
#18428 = CARTESIAN_POINT('',(-30.,-25.,10.));
#18429 = VECTOR('',#18430,1.);
#18430 = DIRECTION('',(-0.,1.,0.));
#18431 = PCURVE('',#18345,#18432);
#18432 = DEFINITIONAL_REPRESENTATION('',(#18433),#18437);
#18433 = LINE('',#18434,#18435);
#18434 = CARTESIAN_POINT('',(20.,0.));
#18435 = VECTOR('',#18436,1.);
#18436 = DIRECTION('',(0.,-1.));
#18437 = ( GEOMETRIC_REPRESENTATION_CONTEXT(2) 
PARAMETRIC_REPRESENTATION_CONTEXT() REPRESENTATION_CONTEXT('2D SPACE',''
  ) );
#18438 = PCURVE('',#18439,#18444);
#18439 = PLANE('',#18440);
#18440 = AXIS2_PLACEMENT_3D('',#18441,#18442,#18443);
#18441 = CARTESIAN_POINT('',(-30.,-25.,10.));
#18442 = DIRECTION('',(0.,0.,1.));
#18443 = DIRECTION('',(1.,0.,-0.));
#18444 = DEFINITIONAL_REPRESENTATION('',(#18445),#18449);
#18445 = LINE('',#18446,#18447);
#18446 = CARTESIAN_POINT('',(0.,0.));
#18447 = VECTOR('',#18448,1.);
#18448 = DIRECTION('',(0.,1.));
#18449 = ( GEOMETRIC_REPRESENTATION_CONTEXT(2) 
PARAMETRIC_REPRESENTATION_CONTEXT() REPRESENTATION_CONTEXT('2D SPACE',''
  ) );
#18450 = ADVANCED_FACE('',(#18451),#18465,.T.);
#18451 = FACE_BOUND('',#18452,.T.);
#18452 = EDGE_LOOP('',(#18453,#18483,#18506,#18529));
#18453 = ORIENTED_EDGE('',*,*,#18454,.F.);
#18454 = EDGE_CURVE('',#18455,#18457,#18459,.T.);
#18455 = VERTEX_POINT('',#18456);
#18456 = CARTESIAN_POINT('',(30.,-25.,-10.));
#18457 = VERTEX_POINT('',#18458);
#18458 = CARTESIAN_POINT('',(30.,-25.,10.));
#18459 = SURFACE_CURVE('',#18460,(#18464,#18476),.PCURVE_S1.);
#18460 = LINE('',#18461,#18462);
#18461 = CARTESIAN_POINT('',(30.,-25.,-10.));
#18462 = VECTOR('',#18463,1.);
#18463 = DIRECTION('',(0.,0.,1.));
#18464 = PCURVE('',#18465,#18470);
#18465 = PLANE('',#18466);
#18466 = AXIS2_PLACEMENT_3D('',#18467,#18468,#18469);
#18467 = CARTESIAN_POINT('',(30.,-25.,-10.));
#18468 = DIRECTION('',(1.,0.,-0.));
#18469 = DIRECTION('',(0.,0.,1.));
#18470 = DEFINITIONAL_REPRESENTATION('',(#18471),#18475);
#18471 = LINE('',#18472,#18473);
#18472 = CARTESIAN_POINT('',(0.,0.));
#18473 = VECTOR('',#18474,1.);
#18474 = DIRECTION('',(1.,0.));
#18475 = ( GEOMETRIC_REPRESENTATION_CONTEXT(2) 
PARAMETRIC_REPRESENTATION_CONTEXT() REPRESENTATION_CONTEXT('2D SPACE',''
  ) );
#18476 = PCURVE('',#18357,#18477);
#18477 = DEFINITIONAL_REPRESENTATION('',(#18478),#18482);
#18478 = LINE('',#18479,#18480);
#18479 = CARTESIAN_POINT('',(0.,60.));
#18480 = VECTOR('',#18481,1.);
#18481 = DIRECTION('',(1.,0.));
#18482 = ( GEOMETRIC_REPRESENTATION_CONTEXT(2) 
PARAMETRIC_REPRESENTATION_CONTEXT() REPRESENTATION_CONTEXT('2D SPACE',''
  ) );
#18483 = ORIENTED_EDGE('',*,*,#18484,.T.);
#18484 = EDGE_CURVE('',#18455,#18485,#18487,.T.);
#18485 = VERTEX_POINT('',#18486);
#18486 = CARTESIAN_POINT('',(30.,25.,-10.));
#18487 = SURFACE_CURVE('',#18488,(#18492,#18499),.PCURVE_S1.);
#18488 = LINE('',#18489,#18490);
#18489 = CARTESIAN_POINT('',(30.,-25.,-10.));
#18490 = VECTOR('',#18491,1.);
#18491 = DIRECTION('',(-0.,1.,0.));
#18492 = PCURVE('',#18465,#18493);
#18493 = DEFINITIONAL_REPRESENTATION('',(#18494),#18498);
#18494 = LINE('',#18495,#18496);
#18495 = CARTESIAN_POINT('',(0.,0.));
#18496 = VECTOR('',#18497,1.);
#18497 = DIRECTION('',(0.,-1.));
#18498 = ( GEOMETRIC_REPRESENTATION_CONTEXT(2) 
PARAMETRIC_REPRESENTATION_CONTEXT() REPRESENTATION_CONTEXT('2D SPACE',''
  ) );
#18499 = PCURVE('',#18385,#18500);
#18500 = DEFINITIONAL_REPRESENTATION('',(#18501),#18505);
#18501 = LINE('',#18502,#18503);
#18502 = CARTESIAN_POINT('',(60.,0.));
#18503 = VECTOR('',#18504,1.);
#18504 = DIRECTION('',(0.,1.));
#18505 = ( GEOMETRIC_REPRESENTATION_CONTEXT(2) 
PARAMETRIC_REPRESENTATION_CONTEXT() REPRESENTATION_CONTEXT('2D SPACE',''
  ) );
#18506 = ORIENTED_EDGE('',*,*,#18507,.T.);
#18507 = EDGE_CURVE('',#18485,#18508,#18510,.T.);
#18508 = VERTEX_POINT('',#18509);
#18509 = CARTESIAN_POINT('',(30.,25.,10.));
#18510 = SURFACE_CURVE('',#18511,(#18515,#18522),.PCURVE_S1.);
#18511 = LINE('',#18512,#18513);
#18512 = CARTESIAN_POINT('',(30.,25.,-10.));
#18513 = VECTOR('',#18514,1.);
#18514 = DIRECTION('',(0.,0.,1.));
#18515 = PCURVE('',#18465,#18516);
#18516 = DEFINITIONAL_REPRESENTATION('',(#18517),#18521);
#18517 = LINE('',#18518,#18519);
#18518 = CARTESIAN_POINT('',(0.,-50.));
#18519 = VECTOR('',#18520,1.);
#18520 = DIRECTION('',(1.,0.));
#18521 = ( GEOMETRIC_REPRESENTATION_CONTEXT(2) 
PARAMETRIC_REPRESENTATION_CONTEXT() REPRESENTATION_CONTEXT('2D SPACE',''
  ) );
#18522 = PCURVE('',#18413,#18523);
#18523 = DEFINITIONAL_REPRESENTATION('',(#18524),#18528);
#18524 = LINE('',#18525,#18526);
#18525 = CARTESIAN_POINT('',(0.,60.));
#18526 = VECTOR('',#18527,1.);
#18527 = DIRECTION('',(1.,0.));
#18528 = ( GEOMETRIC_REPRESENTATION_CONTEXT(2) 
PARAMETRIC_REPRESENTATION_CONTEXT() REPRESENTATION_CONTEXT('2D SPACE',''
  ) );
#18529 = ORIENTED_EDGE('',*,*,#18530,.F.);
#18530 = EDGE_CURVE('',#18457,#18508,#18531,.T.);
#18531 = SURFACE_CURVE('',#18532,(#18536,#18543),.PCURVE_S1.);
#18532 = LINE('',#18533,#18534);
#18533 = CARTESIAN_POINT('',(30.,-25.,10.));
#18534 = VECTOR('',#18535,1.);
#18535 = DIRECTION('',(-0.,1.,0.));
#18536 = PCURVE('',#18465,#18537);
#18537 = DEFINITIONAL_REPRESENTATION('',(#18538),#18542);
#18538 = LINE('',#18539,#18540);
#18539 = CARTESIAN_POINT('',(20.,0.));
#18540 = VECTOR('',#18541,1.);
#18541 = DIRECTION('',(0.,-1.));
#18542 = ( GEOMETRIC_REPRESENTATION_CONTEXT(2) 
PARAMETRIC_REPRESENTATION_CONTEXT() REPRESENTATION_CONTEXT('2D SPACE',''
  ) );
#18543 = PCURVE('',#18439,#18544);
#18544 = DEFINITIONAL_REPRESENTATION('',(#18545),#18549);
#18545 = LINE('',#18546,#18547);
#18546 = CARTESIAN_POINT('',(60.,0.));
#18547 = VECTOR('',#18548,1.);
#18548 = DIRECTION('',(0.,1.));
#18549 = ( GEOMETRIC_REPRESENTATION_CONTEXT(2) 
PARAMETRIC_REPRESENTATION_CONTEXT() REPRESENTATION_CONTEXT('2D SPACE',''
  ) );
#18550 = ADVANCED_FACE('',(#18551),#18357,.F.);
#18551 = FACE_BOUND('',#18552,.F.);
#18552 = EDGE_LOOP('',(#18553,#18574,#18575,#18596));
#18553 = ORIENTED_EDGE('',*,*,#18554,.F.);
#18554 = EDGE_CURVE('',#18335,#18455,#18555,.T.);
#18555 = SURFACE_CURVE('',#18556,(#18560,#18567),.PCURVE_S1.);
#18556 = LINE('',#18557,#18558);
#18557 = CARTESIAN_POINT('',(-30.,-25.,-10.));
#18558 = VECTOR('',#18559,1.);
#18559 = DIRECTION('',(1.,0.,-0.));
#18560 = PCURVE('',#18357,#18561);
#18561 = DEFINITIONAL_REPRESENTATION('',(#18562),#18566);
#18562 = LINE('',#18563,#18564);
#18563 = CARTESIAN_POINT('',(0.,0.));
#18564 = VECTOR('',#18565,1.);
#18565 = DIRECTION('',(0.,1.));
#18566 = ( GEOMETRIC_REPRESENTATION_CONTEXT(2) 
PARAMETRIC_REPRESENTATION_CONTEXT() REPRESENTATION_CONTEXT('2D SPACE',''
  ) );
#18567 = PCURVE('',#18385,#18568);
#18568 = DEFINITIONAL_REPRESENTATION('',(#18569),#18573);
#18569 = LINE('',#18570,#18571);
#18570 = CARTESIAN_POINT('',(0.,0.));
#18571 = VECTOR('',#18572,1.);
#18572 = DIRECTION('',(1.,0.));
#18573 = ( GEOMETRIC_REPRESENTATION_CONTEXT(2) 
PARAMETRIC_REPRESENTATION_CONTEXT() REPRESENTATION_CONTEXT('2D SPACE',''
  ) );
#18574 = ORIENTED_EDGE('',*,*,#18334,.T.);
#18575 = ORIENTED_EDGE('',*,*,#18576,.T.);
#18576 = EDGE_CURVE('',#18337,#18457,#18577,.T.);
#18577 = SURFACE_CURVE('',#18578,(#18582,#18589),.PCURVE_S1.);
#18578 = LINE('',#18579,#18580);
#18579 = CARTESIAN_POINT('',(-30.,-25.,10.));
#18580 = VECTOR('',#18581,1.);
#18581 = DIRECTION('',(1.,0.,-0.));
#18582 = PCURVE('',#18357,#18583);
#18583 = DEFINITIONAL_REPRESENTATION('',(#18584),#18588);
#18584 = LINE('',#18585,#18586);
#18585 = CARTESIAN_POINT('',(20.,0.));
#18586 = VECTOR('',#18587,1.);
#18587 = DIRECTION('',(0.,1.));
#18588 = ( GEOMETRIC_REPRESENTATION_CONTEXT(2) 
PARAMETRIC_REPRESENTATION_CONTEXT() REPRESENTATION_CONTEXT('2D SPACE',''
  ) );
#18589 = PCURVE('',#18439,#18590);
#18590 = DEFINITIONAL_REPRESENTATION('',(#18591),#18595);
#18591 = LINE('',#18592,#18593);
#18592 = CARTESIAN_POINT('',(0.,0.));
#18593 = VECTOR('',#18594,1.);
#18594 = DIRECTION('',(1.,0.));
#18595 = ( GEOMETRIC_REPRESENTATION_CONTEXT(2) 
PARAMETRIC_REPRESENTATION_CONTEXT() REPRESENTATION_CONTEXT('2D SPACE',''
  ) );
#18596 = ORIENTED_EDGE('',*,*,#18454,.F.);
#18597 = ADVANCED_FACE('',(#18598),#18413,.T.);
#18598 = FACE_BOUND('',#18599,.T.);
#18599 = EDGE_LOOP('',(#18600,#18621,#18622,#18643));
#18600 = ORIENTED_EDGE('',*,*,#18601,.F.);
#18601 = EDGE_CURVE('',#18370,#18485,#18602,.T.);
#18602 = SURFACE_CURVE('',#18603,(#18607,#18614),.PCURVE_S1.);
#18603 = LINE('',#18604,#18605);
#18604 = CARTESIAN_POINT('',(-30.,25.,-10.));
#18605 = VECTOR('',#18606,1.);
#18606 = DIRECTION('',(1.,0.,-0.));
#18607 = PCURVE('',#18413,#18608);
#18608 = DEFINITIONAL_REPRESENTATION('',(#18609),#18613);
#18609 = LINE('',#18610,#18611);
#18610 = CARTESIAN_POINT('',(0.,0.));
#18611 = VECTOR('',#18612,1.);
#18612 = DIRECTION('',(0.,1.));
#18613 = ( GEOMETRIC_REPRESENTATION_CONTEXT(2) 
PARAMETRIC_REPRESENTATION_CONTEXT() REPRESENTATION_CONTEXT('2D SPACE',''
  ) );
#18614 = PCURVE('',#18385,#18615);
#18615 = DEFINITIONAL_REPRESENTATION('',(#18616),#18620);
#18616 = LINE('',#18617,#18618);
#18617 = CARTESIAN_POINT('',(0.,50.));
#18618 = VECTOR('',#18619,1.);
#18619 = DIRECTION('',(1.,0.));
#18620 = ( GEOMETRIC_REPRESENTATION_CONTEXT(2) 
PARAMETRIC_REPRESENTATION_CONTEXT() REPRESENTATION_CONTEXT('2D SPACE',''
  ) );
#18621 = ORIENTED_EDGE('',*,*,#18397,.T.);
#18622 = ORIENTED_EDGE('',*,*,#18623,.T.);
#18623 = EDGE_CURVE('',#18398,#18508,#18624,.T.);
#18624 = SURFACE_CURVE('',#18625,(#18629,#18636),.PCURVE_S1.);
#18625 = LINE('',#18626,#18627);
#18626 = CARTESIAN_POINT('',(-30.,25.,10.));
#18627 = VECTOR('',#18628,1.);
#18628 = DIRECTION('',(1.,0.,-0.));
#18629 = PCURVE('',#18413,#18630);
#18630 = DEFINITIONAL_REPRESENTATION('',(#18631),#18635);
#18631 = LINE('',#18632,#18633);
#18632 = CARTESIAN_POINT('',(20.,0.));
#18633 = VECTOR('',#18634,1.);
#18634 = DIRECTION('',(0.,1.));
#18635 = ( GEOMETRIC_REPRESENTATION_CONTEXT(2) 
PARAMETRIC_REPRESENTATION_CONTEXT() REPRESENTATION_CONTEXT('2D SPACE',''
  ) );
#18636 = PCURVE('',#18439,#18637);
#18637 = DEFINITIONAL_REPRESENTATION('',(#18638),#18642);
#18638 = LINE('',#18639,#18640);
#18639 = CARTESIAN_POINT('',(0.,50.));
#18640 = VECTOR('',#18641,1.);
#18641 = DIRECTION('',(1.,0.));
#18642 = ( GEOMETRIC_REPRESENTATION_CONTEXT(2) 
PARAMETRIC_REPRESENTATION_CONTEXT() REPRESENTATION_CONTEXT('2D SPACE',''
  ) );
#18643 = ORIENTED_EDGE('',*,*,#18507,.F.);
#18644 = ADVANCED_FACE('',(#18645),#18385,.F.);
#18645 = FACE_BOUND('',#18646,.F.);
#18646 = EDGE_LOOP('',(#18647,#18648,#18649,#18650));
#18647 = ORIENTED_EDGE('',*,*,#18369,.F.);
#18648 = ORIENTED_EDGE('',*,*,#18554,.T.);
#18649 = ORIENTED_EDGE('',*,*,#18484,.T.);
#18650 = ORIENTED_EDGE('',*,*,#18601,.F.);
#18651 = ADVANCED_FACE('',(#18652),#18439,.T.);
#18652 = FACE_BOUND('',#18653,.T.);
#18653 = EDGE_LOOP('',(#18654,#18655,#18656,#18657));
#18654 = ORIENTED_EDGE('',*,*,#18425,.F.);
#18655 = ORIENTED_EDGE('',*,*,#18576,.T.);
#18656 = ORIENTED_EDGE('',*,*,#18530,.T.);
#18657 = ORIENTED_EDGE('',*,*,#18623,.F.);
#18658 = ( GEOMETRIC_REPRESENTATION_CONTEXT(3) 
GLOBAL_UNCERTAINTY_ASSIGNED_CONTEXT((#18662)) 
GLOBAL_UNIT_ASSIGNED_CONTEXT((#18659,#18660,#18661)) 
REPRESENTATION_CONTEXT('Context #1',
  '3D Context with UNIT and UNCERTAINTY') );
#18659 = ( LENGTH_UNIT() NAMED_UNIT(*) SI_UNIT(.MILLI.,.METRE.) );
#18660 = ( NAMED_UNIT(*) PLANE_ANGLE_UNIT() SI_UNIT($,.RADIAN.) );
#18661 = ( NAMED_UNIT(*) SI_UNIT($,.STERADIAN.) SOLID_ANGLE_UNIT() );
#18662 = UNCERTAINTY_MEASURE_WITH_UNIT(LENGTH_MEASURE(1.E-07),#18659,
  'distance_accuracy_value','confusion accuracy');
#18663 = CONTEXT_DEPENDENT_SHAPE_REPRESENTATION(#18664,#18666);
#18664 = ( REPRESENTATION_RELATIONSHIP('','',#18327,#10) 
REPRESENTATION_RELATIONSHIP_WITH_TRANSFORMATION(#18665) 
SHAPE_REPRESENTATION_RELATIONSHIP() );
#18665 = ITEM_DEFINED_TRANSFORMATION('','',#11,#115);
#18666 = PRODUCT_DEFINITION_SHAPE('Placement','Placement of an item',
  #18667);
#18667 = NEXT_ASSEMBLY_USAGE_OCCURRENCE('62','=>[0:1:1:27]','',#5,#18322
  ,$);
#18668 = PRODUCT_RELATED_PRODUCT_CATEGORY('part',$,(#18324));
#18669 = SHAPE_DEFINITION_REPRESENTATION(#18670,#18676);
#18670 = PRODUCT_DEFINITION_SHAPE('','',#18671);
#18671 = PRODUCT_DEFINITION('design','',#18672,#18675);
#18672 = PRODUCT_DEFINITION_FORMATION('','',#18673);
#18673 = PRODUCT('COMPOUND','COMPOUND','',(#18674));
#18674 = PRODUCT_CONTEXT('',#2,'mechanical');
#18675 = PRODUCT_DEFINITION_CONTEXT('part definition',#2,'design');
#18676 = ADVANCED_BREP_SHAPE_REPRESENTATION('',(#11,#18677),#18955);
#18677 = MANIFOLD_SOLID_BREP('',#18678);
#18678 = CLOSED_SHELL('',(#18679,#18767,#18802,#18837,#18892,#18947,
    #18951));
#18679 = ADVANCED_FACE('',(#18680),#18693,.T.);
#18680 = FACE_BOUND('',#18681,.T.);
#18681 = EDGE_LOOP('',(#18682,#18716,#18739,#18766));
#18682 = ORIENTED_EDGE('',*,*,#18683,.F.);
#18683 = EDGE_CURVE('',#18684,#18684,#18686,.T.);
#18684 = VERTEX_POINT('',#18685);
#18685 = CARTESIAN_POINT('',(790.,-100.,132.));
#18686 = SURFACE_CURVE('',#18687,(#18692,#18704),.PCURVE_S1.);
#18687 = CIRCLE('',#18688,20.);
#18688 = AXIS2_PLACEMENT_3D('',#18689,#18690,#18691);
#18689 = CARTESIAN_POINT('',(770.,-100.,132.));
#18690 = DIRECTION('',(0.,0.,1.));
#18691 = DIRECTION('',(1.,0.,-0.));
#18692 = PCURVE('',#18693,#18698);
#18693 = CYLINDRICAL_SURFACE('',#18694,20.);
#18694 = AXIS2_PLACEMENT_3D('',#18695,#18696,#18697);
#18695 = CARTESIAN_POINT('',(770.,-100.,120.));
#18696 = DIRECTION('',(0.,0.,1.));
#18697 = DIRECTION('',(1.,0.,-0.));
#18698 = DEFINITIONAL_REPRESENTATION('',(#18699),#18703);
#18699 = LINE('',#18700,#18701);
#18700 = CARTESIAN_POINT('',(0.,12.));
#18701 = VECTOR('',#18702,1.);
#18702 = DIRECTION('',(1.,0.));
#18703 = ( GEOMETRIC_REPRESENTATION_CONTEXT(2) 
PARAMETRIC_REPRESENTATION_CONTEXT() REPRESENTATION_CONTEXT('2D SPACE',''
  ) );
#18704 = PCURVE('',#18705,#18710);
#18705 = PLANE('',#18706);
#18706 = AXIS2_PLACEMENT_3D('',#18707,#18708,#18709);
#18707 = CARTESIAN_POINT('',(770.,-100.,132.));
#18708 = DIRECTION('',(0.,0.,1.));
#18709 = DIRECTION('',(1.,0.,-0.));
#18710 = DEFINITIONAL_REPRESENTATION('',(#18711),#18715);
#18711 = CIRCLE('',#18712,20.);
#18712 = AXIS2_PLACEMENT_2D('',#18713,#18714);
#18713 = CARTESIAN_POINT('',(0.,0.));
#18714 = DIRECTION('',(1.,0.));
#18715 = ( GEOMETRIC_REPRESENTATION_CONTEXT(2) 
PARAMETRIC_REPRESENTATION_CONTEXT() REPRESENTATION_CONTEXT('2D SPACE',''
  ) );
#18716 = ORIENTED_EDGE('',*,*,#18717,.F.);
#18717 = EDGE_CURVE('',#18718,#18684,#18720,.T.);
#18718 = VERTEX_POINT('',#18719);
#18719 = CARTESIAN_POINT('',(790.,-100.,120.));
#18720 = SEAM_CURVE('',#18721,(#18725,#18732),.PCURVE_S1.);
#18721 = LINE('',#18722,#18723);
#18722 = CARTESIAN_POINT('',(790.,-100.,120.));
#18723 = VECTOR('',#18724,1.);
#18724 = DIRECTION('',(0.,0.,1.));
#18725 = PCURVE('',#18693,#18726);
#18726 = DEFINITIONAL_REPRESENTATION('',(#18727),#18731);
#18727 = LINE('',#18728,#18729);
#18728 = CARTESIAN_POINT('',(6.28318530718,-0.));
#18729 = VECTOR('',#18730,1.);
#18730 = DIRECTION('',(0.,1.));
#18731 = ( GEOMETRIC_REPRESENTATION_CONTEXT(2) 
PARAMETRIC_REPRESENTATION_CONTEXT() REPRESENTATION_CONTEXT('2D SPACE',''
  ) );
#18732 = PCURVE('',#18693,#18733);
#18733 = DEFINITIONAL_REPRESENTATION('',(#18734),#18738);
#18734 = LINE('',#18735,#18736);
#18735 = CARTESIAN_POINT('',(0.,-0.));
#18736 = VECTOR('',#18737,1.);
#18737 = DIRECTION('',(0.,1.));
#18738 = ( GEOMETRIC_REPRESENTATION_CONTEXT(2) 
PARAMETRIC_REPRESENTATION_CONTEXT() REPRESENTATION_CONTEXT('2D SPACE',''
  ) );
#18739 = ORIENTED_EDGE('',*,*,#18740,.T.);
#18740 = EDGE_CURVE('',#18718,#18718,#18741,.T.);
#18741 = SURFACE_CURVE('',#18742,(#18747,#18754),.PCURVE_S1.);
#18742 = CIRCLE('',#18743,20.);
#18743 = AXIS2_PLACEMENT_3D('',#18744,#18745,#18746);
#18744 = CARTESIAN_POINT('',(770.,-100.,120.));
#18745 = DIRECTION('',(0.,0.,1.));
#18746 = DIRECTION('',(1.,0.,-0.));
#18747 = PCURVE('',#18693,#18748);
#18748 = DEFINITIONAL_REPRESENTATION('',(#18749),#18753);
#18749 = LINE('',#18750,#18751);
#18750 = CARTESIAN_POINT('',(0.,0.));
#18751 = VECTOR('',#18752,1.);
#18752 = DIRECTION('',(1.,0.));
#18753 = ( GEOMETRIC_REPRESENTATION_CONTEXT(2) 
PARAMETRIC_REPRESENTATION_CONTEXT() REPRESENTATION_CONTEXT('2D SPACE',''
  ) );
#18754 = PCURVE('',#18755,#18760);
#18755 = PLANE('',#18756);
#18756 = AXIS2_PLACEMENT_3D('',#18757,#18758,#18759);
#18757 = CARTESIAN_POINT('',(770.,-100.,120.));
#18758 = DIRECTION('',(0.,0.,1.));
#18759 = DIRECTION('',(1.,0.,-0.));
#18760 = DEFINITIONAL_REPRESENTATION('',(#18761),#18765);
#18761 = CIRCLE('',#18762,20.);
#18762 = AXIS2_PLACEMENT_2D('',#18763,#18764);
#18763 = CARTESIAN_POINT('',(0.,0.));
#18764 = DIRECTION('',(1.,0.));
#18765 = ( GEOMETRIC_REPRESENTATION_CONTEXT(2) 
PARAMETRIC_REPRESENTATION_CONTEXT() REPRESENTATION_CONTEXT('2D SPACE',''
  ) );
#18766 = ORIENTED_EDGE('',*,*,#18717,.T.);
#18767 = ADVANCED_FACE('',(#18768,#18771),#18705,.T.);
#18768 = FACE_BOUND('',#18769,.T.);
#18769 = EDGE_LOOP('',(#18770));
#18770 = ORIENTED_EDGE('',*,*,#18683,.T.);
#18771 = FACE_BOUND('',#18772,.T.);
#18772 = EDGE_LOOP('',(#18773));
#18773 = ORIENTED_EDGE('',*,*,#18774,.F.);
#18774 = EDGE_CURVE('',#18775,#18775,#18777,.T.);
#18775 = VERTEX_POINT('',#18776);
#18776 = CARTESIAN_POINT('',(787.,-100.,132.));
#18777 = SURFACE_CURVE('',#18778,(#18783,#18790),.PCURVE_S1.);
#18778 = CIRCLE('',#18779,17.);
#18779 = AXIS2_PLACEMENT_3D('',#18780,#18781,#18782);
#18780 = CARTESIAN_POINT('',(770.,-100.,132.));
#18781 = DIRECTION('',(0.,0.,1.));
#18782 = DIRECTION('',(1.,0.,-0.));
#18783 = PCURVE('',#18705,#18784);
#18784 = DEFINITIONAL_REPRESENTATION('',(#18785),#18789);
#18785 = CIRCLE('',#18786,17.);
#18786 = AXIS2_PLACEMENT_2D('',#18787,#18788);
#18787 = CARTESIAN_POINT('',(0.,0.));
#18788 = DIRECTION('',(1.,0.));
#18789 = ( GEOMETRIC_REPRESENTATION_CONTEXT(2) 
PARAMETRIC_REPRESENTATION_CONTEXT() REPRESENTATION_CONTEXT('2D SPACE',''
  ) );
#18790 = PCURVE('',#18791,#18796);
#18791 = CYLINDRICAL_SURFACE('',#18792,17.);
#18792 = AXIS2_PLACEMENT_3D('',#18793,#18794,#18795);
#18793 = CARTESIAN_POINT('',(770.,-100.,132.));
#18794 = DIRECTION('',(0.,0.,1.));
#18795 = DIRECTION('',(1.,0.,-0.));
#18796 = DEFINITIONAL_REPRESENTATION('',(#18797),#18801);
#18797 = LINE('',#18798,#18799);
#18798 = CARTESIAN_POINT('',(0.,0.));
#18799 = VECTOR('',#18800,1.);
#18800 = DIRECTION('',(1.,0.));
#18801 = ( GEOMETRIC_REPRESENTATION_CONTEXT(2) 
PARAMETRIC_REPRESENTATION_CONTEXT() REPRESENTATION_CONTEXT('2D SPACE',''
  ) );
#18802 = ADVANCED_FACE('',(#18803,#18806),#18755,.F.);
#18803 = FACE_BOUND('',#18804,.F.);
#18804 = EDGE_LOOP('',(#18805));
#18805 = ORIENTED_EDGE('',*,*,#18740,.T.);
#18806 = FACE_BOUND('',#18807,.F.);
#18807 = EDGE_LOOP('',(#18808));
#18808 = ORIENTED_EDGE('',*,*,#18809,.F.);
#18809 = EDGE_CURVE('',#18810,#18810,#18812,.T.);
#18810 = VERTEX_POINT('',#18811);
#18811 = CARTESIAN_POINT('',(781.,-100.,120.));
#18812 = SURFACE_CURVE('',#18813,(#18818,#18825),.PCURVE_S1.);
#18813 = CIRCLE('',#18814,11.);
#18814 = AXIS2_PLACEMENT_3D('',#18815,#18816,#18817);
#18815 = CARTESIAN_POINT('',(770.,-100.,120.));
#18816 = DIRECTION('',(0.,0.,1.));
#18817 = DIRECTION('',(1.,0.,-0.));
#18818 = PCURVE('',#18755,#18819);
#18819 = DEFINITIONAL_REPRESENTATION('',(#18820),#18824);
#18820 = CIRCLE('',#18821,11.);
#18821 = AXIS2_PLACEMENT_2D('',#18822,#18823);
#18822 = CARTESIAN_POINT('',(0.,0.));
#18823 = DIRECTION('',(1.,0.));
#18824 = ( GEOMETRIC_REPRESENTATION_CONTEXT(2) 
PARAMETRIC_REPRESENTATION_CONTEXT() REPRESENTATION_CONTEXT('2D SPACE',''
  ) );
#18825 = PCURVE('',#18826,#18831);
#18826 = CYLINDRICAL_SURFACE('',#18827,11.);
#18827 = AXIS2_PLACEMENT_3D('',#18828,#18829,#18830);
#18828 = CARTESIAN_POINT('',(770.,-100.,106.));
#18829 = DIRECTION('',(0.,0.,1.));
#18830 = DIRECTION('',(1.,0.,-0.));
#18831 = DEFINITIONAL_REPRESENTATION('',(#18832),#18836);
#18832 = LINE('',#18833,#18834);
#18833 = CARTESIAN_POINT('',(0.,14.));
#18834 = VECTOR('',#18835,1.);
#18835 = DIRECTION('',(1.,0.));
#18836 = ( GEOMETRIC_REPRESENTATION_CONTEXT(2) 
PARAMETRIC_REPRESENTATION_CONTEXT() REPRESENTATION_CONTEXT('2D SPACE',''
  ) );
#18837 = ADVANCED_FACE('',(#18838),#18791,.T.);
#18838 = FACE_BOUND('',#18839,.T.);
#18839 = EDGE_LOOP('',(#18840,#18869,#18890,#18891));
#18840 = ORIENTED_EDGE('',*,*,#18841,.F.);
#18841 = EDGE_CURVE('',#18842,#18842,#18844,.T.);
#18842 = VERTEX_POINT('',#18843);
#18843 = CARTESIAN_POINT('',(787.,-100.,150.));
#18844 = SURFACE_CURVE('',#18845,(#18850,#18857),.PCURVE_S1.);
#18845 = CIRCLE('',#18846,17.);
#18846 = AXIS2_PLACEMENT_3D('',#18847,#18848,#18849);
#18847 = CARTESIAN_POINT('',(770.,-100.,150.));
#18848 = DIRECTION('',(0.,0.,1.));
#18849 = DIRECTION('',(1.,0.,-0.));
#18850 = PCURVE('',#18791,#18851);
#18851 = DEFINITIONAL_REPRESENTATION('',(#18852),#18856);
#18852 = LINE('',#18853,#18854);
#18853 = CARTESIAN_POINT('',(0.,18.));
#18854 = VECTOR('',#18855,1.);
#18855 = DIRECTION('',(1.,0.));
#18856 = ( GEOMETRIC_REPRESENTATION_CONTEXT(2) 
PARAMETRIC_REPRESENTATION_CONTEXT() REPRESENTATION_CONTEXT('2D SPACE',''
  ) );
#18857 = PCURVE('',#18858,#18863);
#18858 = PLANE('',#18859);
#18859 = AXIS2_PLACEMENT_3D('',#18860,#18861,#18862);
#18860 = CARTESIAN_POINT('',(770.,-100.,150.));
#18861 = DIRECTION('',(0.,0.,1.));
#18862 = DIRECTION('',(1.,0.,-0.));
#18863 = DEFINITIONAL_REPRESENTATION('',(#18864),#18868);
#18864 = CIRCLE('',#18865,17.);
#18865 = AXIS2_PLACEMENT_2D('',#18866,#18867);
#18866 = CARTESIAN_POINT('',(0.,0.));
#18867 = DIRECTION('',(1.,0.));
#18868 = ( GEOMETRIC_REPRESENTATION_CONTEXT(2) 
PARAMETRIC_REPRESENTATION_CONTEXT() REPRESENTATION_CONTEXT('2D SPACE',''
  ) );
#18869 = ORIENTED_EDGE('',*,*,#18870,.F.);
#18870 = EDGE_CURVE('',#18775,#18842,#18871,.T.);
#18871 = SEAM_CURVE('',#18872,(#18876,#18883),.PCURVE_S1.);
#18872 = LINE('',#18873,#18874);
#18873 = CARTESIAN_POINT('',(787.,-100.,132.));
#18874 = VECTOR('',#18875,1.);
#18875 = DIRECTION('',(0.,0.,1.));
#18876 = PCURVE('',#18791,#18877);
#18877 = DEFINITIONAL_REPRESENTATION('',(#18878),#18882);
#18878 = LINE('',#18879,#18880);
#18879 = CARTESIAN_POINT('',(6.28318530718,-0.));
#18880 = VECTOR('',#18881,1.);
#18881 = DIRECTION('',(0.,1.));
#18882 = ( GEOMETRIC_REPRESENTATION_CONTEXT(2) 
PARAMETRIC_REPRESENTATION_CONTEXT() REPRESENTATION_CONTEXT('2D SPACE',''
  ) );
#18883 = PCURVE('',#18791,#18884);
#18884 = DEFINITIONAL_REPRESENTATION('',(#18885),#18889);
#18885 = LINE('',#18886,#18887);
#18886 = CARTESIAN_POINT('',(0.,-0.));
#18887 = VECTOR('',#18888,1.);
#18888 = DIRECTION('',(0.,1.));
#18889 = ( GEOMETRIC_REPRESENTATION_CONTEXT(2) 
PARAMETRIC_REPRESENTATION_CONTEXT() REPRESENTATION_CONTEXT('2D SPACE',''
  ) );
#18890 = ORIENTED_EDGE('',*,*,#18774,.T.);
#18891 = ORIENTED_EDGE('',*,*,#18870,.T.);
#18892 = ADVANCED_FACE('',(#18893),#18826,.T.);
#18893 = FACE_BOUND('',#18894,.T.);
#18894 = EDGE_LOOP('',(#18895,#18896,#18919,#18946));
#18895 = ORIENTED_EDGE('',*,*,#18809,.F.);
#18896 = ORIENTED_EDGE('',*,*,#18897,.F.);
#18897 = EDGE_CURVE('',#18898,#18810,#18900,.T.);
#18898 = VERTEX_POINT('',#18899);
#18899 = CARTESIAN_POINT('',(781.,-100.,106.));
#18900 = SEAM_CURVE('',#18901,(#18905,#18912),.PCURVE_S1.);
#18901 = LINE('',#18902,#18903);
#18902 = CARTESIAN_POINT('',(781.,-100.,106.));
#18903 = VECTOR('',#18904,1.);
#18904 = DIRECTION('',(0.,0.,1.));
#18905 = PCURVE('',#18826,#18906);
#18906 = DEFINITIONAL_REPRESENTATION('',(#18907),#18911);
#18907 = LINE('',#18908,#18909);
#18908 = CARTESIAN_POINT('',(6.28318530718,-0.));
#18909 = VECTOR('',#18910,1.);
#18910 = DIRECTION('',(0.,1.));
#18911 = ( GEOMETRIC_REPRESENTATION_CONTEXT(2) 
PARAMETRIC_REPRESENTATION_CONTEXT() REPRESENTATION_CONTEXT('2D SPACE',''
  ) );
#18912 = PCURVE('',#18826,#18913);
#18913 = DEFINITIONAL_REPRESENTATION('',(#18914),#18918);
#18914 = LINE('',#18915,#18916);
#18915 = CARTESIAN_POINT('',(0.,-0.));
#18916 = VECTOR('',#18917,1.);
#18917 = DIRECTION('',(0.,1.));
#18918 = ( GEOMETRIC_REPRESENTATION_CONTEXT(2) 
PARAMETRIC_REPRESENTATION_CONTEXT() REPRESENTATION_CONTEXT('2D SPACE',''
  ) );
#18919 = ORIENTED_EDGE('',*,*,#18920,.T.);
#18920 = EDGE_CURVE('',#18898,#18898,#18921,.T.);
#18921 = SURFACE_CURVE('',#18922,(#18927,#18934),.PCURVE_S1.);
#18922 = CIRCLE('',#18923,11.);
#18923 = AXIS2_PLACEMENT_3D('',#18924,#18925,#18926);
#18924 = CARTESIAN_POINT('',(770.,-100.,106.));
#18925 = DIRECTION('',(0.,0.,1.));
#18926 = DIRECTION('',(1.,0.,-0.));
#18927 = PCURVE('',#18826,#18928);
#18928 = DEFINITIONAL_REPRESENTATION('',(#18929),#18933);
#18929 = LINE('',#18930,#18931);
#18930 = CARTESIAN_POINT('',(0.,0.));
#18931 = VECTOR('',#18932,1.);
#18932 = DIRECTION('',(1.,0.));
#18933 = ( GEOMETRIC_REPRESENTATION_CONTEXT(2) 
PARAMETRIC_REPRESENTATION_CONTEXT() REPRESENTATION_CONTEXT('2D SPACE',''
  ) );
#18934 = PCURVE('',#18935,#18940);
#18935 = PLANE('',#18936);
#18936 = AXIS2_PLACEMENT_3D('',#18937,#18938,#18939);
#18937 = CARTESIAN_POINT('',(770.,-100.,106.));
#18938 = DIRECTION('',(0.,0.,1.));
#18939 = DIRECTION('',(1.,0.,-0.));
#18940 = DEFINITIONAL_REPRESENTATION('',(#18941),#18945);
#18941 = CIRCLE('',#18942,11.);
#18942 = AXIS2_PLACEMENT_2D('',#18943,#18944);
#18943 = CARTESIAN_POINT('',(0.,0.));
#18944 = DIRECTION('',(1.,0.));
#18945 = ( GEOMETRIC_REPRESENTATION_CONTEXT(2) 
PARAMETRIC_REPRESENTATION_CONTEXT() REPRESENTATION_CONTEXT('2D SPACE',''
  ) );
#18946 = ORIENTED_EDGE('',*,*,#18897,.T.);
#18947 = ADVANCED_FACE('',(#18948),#18858,.T.);
#18948 = FACE_BOUND('',#18949,.T.);
#18949 = EDGE_LOOP('',(#18950));
#18950 = ORIENTED_EDGE('',*,*,#18841,.T.);
#18951 = ADVANCED_FACE('',(#18952),#18935,.F.);
#18952 = FACE_BOUND('',#18953,.T.);
#18953 = EDGE_LOOP('',(#18954));
#18954 = ORIENTED_EDGE('',*,*,#18920,.F.);
#18955 = ( GEOMETRIC_REPRESENTATION_CONTEXT(3) 
GLOBAL_UNCERTAINTY_ASSIGNED_CONTEXT((#18959)) 
GLOBAL_UNIT_ASSIGNED_CONTEXT((#18956,#18957,#18958)) 
REPRESENTATION_CONTEXT('Context #1',
  '3D Context with UNIT and UNCERTAINTY') );
#18956 = ( LENGTH_UNIT() NAMED_UNIT(*) SI_UNIT(.MILLI.,.METRE.) );
#18957 = ( NAMED_UNIT(*) PLANE_ANGLE_UNIT() SI_UNIT($,.RADIAN.) );
#18958 = ( NAMED_UNIT(*) SI_UNIT($,.STERADIAN.) SOLID_ANGLE_UNIT() );
#18959 = UNCERTAINTY_MEASURE_WITH_UNIT(LENGTH_MEASURE(1.E-07),#18956,
  'distance_accuracy_value','confusion accuracy');
#18960 = CONTEXT_DEPENDENT_SHAPE_REPRESENTATION(#18961,#18963);
#18961 = ( REPRESENTATION_RELATIONSHIP('','',#18676,#10) 
REPRESENTATION_RELATIONSHIP_WITH_TRANSFORMATION(#18962) 
SHAPE_REPRESENTATION_RELATIONSHIP() );
#18962 = ITEM_DEFINED_TRANSFORMATION('','',#11,#119);
#18963 = PRODUCT_DEFINITION_SHAPE('Placement','Placement of an item',
  #18964);
#18964 = NEXT_ASSEMBLY_USAGE_OCCURRENCE('63','=>[0:1:1:28]','',#5,#18671
  ,$);
#18965 = PRODUCT_RELATED_PRODUCT_CATEGORY('part',$,(#18673));
#18966 = SHAPE_DEFINITION_REPRESENTATION(#18967,#18973);
#18967 = PRODUCT_DEFINITION_SHAPE('','',#18968);
#18968 = PRODUCT_DEFINITION('design','',#18969,#18972);
#18969 = PRODUCT_DEFINITION_FORMATION('','',#18970);
#18970 = PRODUCT('COMPOUND','COMPOUND','',(#18971));
#18971 = PRODUCT_CONTEXT('',#2,'mechanical');
#18972 = PRODUCT_DEFINITION_CONTEXT('part definition',#2,'design');
#18973 = SHAPE_REPRESENTATION('',(#11,#18974,#19162),#19350);
#18974 = MANIFOLD_SOLID_BREP('',#18975);
#18975 = CLOSED_SHELL('',(#18976,#19064,#19068,#19103,#19158));
#18976 = ADVANCED_FACE('',(#18977),#18990,.T.);
#18977 = FACE_BOUND('',#18978,.T.);
#18978 = EDGE_LOOP('',(#18979,#19013,#19036,#19063));
#18979 = ORIENTED_EDGE('',*,*,#18980,.F.);
#18980 = EDGE_CURVE('',#18981,#18981,#18983,.T.);
#18981 = VERTEX_POINT('',#18982);
#18982 = CARTESIAN_POINT('',(650.,-100.,136.));
#18983 = SURFACE_CURVE('',#18984,(#18989,#19001),.PCURVE_S1.);
#18984 = CIRCLE('',#18985,10.);
#18985 = AXIS2_PLACEMENT_3D('',#18986,#18987,#18988);
#18986 = CARTESIAN_POINT('',(640.,-100.,136.));
#18987 = DIRECTION('',(0.,0.,1.));
#18988 = DIRECTION('',(1.,0.,-0.));
#18989 = PCURVE('',#18990,#18995);
#18990 = CYLINDRICAL_SURFACE('',#18991,10.);
#18991 = AXIS2_PLACEMENT_3D('',#18992,#18993,#18994);
#18992 = CARTESIAN_POINT('',(640.,-100.,120.));
#18993 = DIRECTION('',(0.,0.,1.));
#18994 = DIRECTION('',(1.,0.,-0.));
#18995 = DEFINITIONAL_REPRESENTATION('',(#18996),#19000);
#18996 = LINE('',#18997,#18998);
#18997 = CARTESIAN_POINT('',(0.,16.));
#18998 = VECTOR('',#18999,1.);
#18999 = DIRECTION('',(1.,0.));
#19000 = ( GEOMETRIC_REPRESENTATION_CONTEXT(2) 
PARAMETRIC_REPRESENTATION_CONTEXT() REPRESENTATION_CONTEXT('2D SPACE',''
  ) );
#19001 = PCURVE('',#19002,#19007);
#19002 = PLANE('',#19003);
#19003 = AXIS2_PLACEMENT_3D('',#19004,#19005,#19006);
#19004 = CARTESIAN_POINT('',(640.,-100.,136.));
#19005 = DIRECTION('',(0.,0.,1.));
#19006 = DIRECTION('',(1.,0.,-0.));
#19007 = DEFINITIONAL_REPRESENTATION('',(#19008),#19012);
#19008 = CIRCLE('',#19009,10.);
#19009 = AXIS2_PLACEMENT_2D('',#19010,#19011);
#19010 = CARTESIAN_POINT('',(0.,0.));
#19011 = DIRECTION('',(1.,0.));
#19012 = ( GEOMETRIC_REPRESENTATION_CONTEXT(2) 
PARAMETRIC_REPRESENTATION_CONTEXT() REPRESENTATION_CONTEXT('2D SPACE',''
  ) );
#19013 = ORIENTED_EDGE('',*,*,#19014,.F.);
#19014 = EDGE_CURVE('',#19015,#18981,#19017,.T.);
#19015 = VERTEX_POINT('',#19016);
#19016 = CARTESIAN_POINT('',(650.,-100.,120.));
#19017 = SEAM_CURVE('',#19018,(#19022,#19029),.PCURVE_S1.);
#19018 = LINE('',#19019,#19020);
#19019 = CARTESIAN_POINT('',(650.,-100.,120.));
#19020 = VECTOR('',#19021,1.);
#19021 = DIRECTION('',(0.,0.,1.));
#19022 = PCURVE('',#18990,#19023);
#19023 = DEFINITIONAL_REPRESENTATION('',(#19024),#19028);
#19024 = LINE('',#19025,#19026);
#19025 = CARTESIAN_POINT('',(6.28318530718,-0.));
#19026 = VECTOR('',#19027,1.);
#19027 = DIRECTION('',(0.,1.));
#19028 = ( GEOMETRIC_REPRESENTATION_CONTEXT(2) 
PARAMETRIC_REPRESENTATION_CONTEXT() REPRESENTATION_CONTEXT('2D SPACE',''
  ) );
#19029 = PCURVE('',#18990,#19030);
#19030 = DEFINITIONAL_REPRESENTATION('',(#19031),#19035);
#19031 = LINE('',#19032,#19033);
#19032 = CARTESIAN_POINT('',(0.,-0.));
#19033 = VECTOR('',#19034,1.);
#19034 = DIRECTION('',(0.,1.));
#19035 = ( GEOMETRIC_REPRESENTATION_CONTEXT(2) 
PARAMETRIC_REPRESENTATION_CONTEXT() REPRESENTATION_CONTEXT('2D SPACE',''
  ) );
#19036 = ORIENTED_EDGE('',*,*,#19037,.T.);
#19037 = EDGE_CURVE('',#19015,#19015,#19038,.T.);
#19038 = SURFACE_CURVE('',#19039,(#19044,#19051),.PCURVE_S1.);
#19039 = CIRCLE('',#19040,10.);
#19040 = AXIS2_PLACEMENT_3D('',#19041,#19042,#19043);
#19041 = CARTESIAN_POINT('',(640.,-100.,120.));
#19042 = DIRECTION('',(0.,0.,1.));
#19043 = DIRECTION('',(1.,0.,-0.));
#19044 = PCURVE('',#18990,#19045);
#19045 = DEFINITIONAL_REPRESENTATION('',(#19046),#19050);
#19046 = LINE('',#19047,#19048);
#19047 = CARTESIAN_POINT('',(0.,0.));
#19048 = VECTOR('',#19049,1.);
#19049 = DIRECTION('',(1.,0.));
#19050 = ( GEOMETRIC_REPRESENTATION_CONTEXT(2) 
PARAMETRIC_REPRESENTATION_CONTEXT() REPRESENTATION_CONTEXT('2D SPACE',''
  ) );
#19051 = PCURVE('',#19052,#19057);
#19052 = PLANE('',#19053);
#19053 = AXIS2_PLACEMENT_3D('',#19054,#19055,#19056);
#19054 = CARTESIAN_POINT('',(640.,-100.,120.));
#19055 = DIRECTION('',(0.,0.,1.));
#19056 = DIRECTION('',(1.,0.,-0.));
#19057 = DEFINITIONAL_REPRESENTATION('',(#19058),#19062);
#19058 = CIRCLE('',#19059,10.);
#19059 = AXIS2_PLACEMENT_2D('',#19060,#19061);
#19060 = CARTESIAN_POINT('',(0.,0.));
#19061 = DIRECTION('',(1.,0.));
#19062 = ( GEOMETRIC_REPRESENTATION_CONTEXT(2) 
PARAMETRIC_REPRESENTATION_CONTEXT() REPRESENTATION_CONTEXT('2D SPACE',''
  ) );
#19063 = ORIENTED_EDGE('',*,*,#19014,.T.);
#19064 = ADVANCED_FACE('',(#19065),#19002,.T.);
#19065 = FACE_BOUND('',#19066,.T.);
#19066 = EDGE_LOOP('',(#19067));
#19067 = ORIENTED_EDGE('',*,*,#18980,.T.);
#19068 = ADVANCED_FACE('',(#19069,#19072),#19052,.F.);
#19069 = FACE_BOUND('',#19070,.F.);
#19070 = EDGE_LOOP('',(#19071));
#19071 = ORIENTED_EDGE('',*,*,#19037,.T.);
#19072 = FACE_BOUND('',#19073,.F.);
#19073 = EDGE_LOOP('',(#19074));
#19074 = ORIENTED_EDGE('',*,*,#19075,.F.);
#19075 = EDGE_CURVE('',#19076,#19076,#19078,.T.);
#19076 = VERTEX_POINT('',#19077);
#19077 = CARTESIAN_POINT('',(648.,-100.,120.));
#19078 = SURFACE_CURVE('',#19079,(#19084,#19091),.PCURVE_S1.);
#19079 = CIRCLE('',#19080,8.);
#19080 = AXIS2_PLACEMENT_3D('',#19081,#19082,#19083);
#19081 = CARTESIAN_POINT('',(640.,-100.,120.));
#19082 = DIRECTION('',(0.,0.,1.));
#19083 = DIRECTION('',(1.,0.,-0.));
#19084 = PCURVE('',#19052,#19085);
#19085 = DEFINITIONAL_REPRESENTATION('',(#19086),#19090);
#19086 = CIRCLE('',#19087,8.);
#19087 = AXIS2_PLACEMENT_2D('',#19088,#19089);
#19088 = CARTESIAN_POINT('',(0.,0.));
#19089 = DIRECTION('',(1.,0.));
#19090 = ( GEOMETRIC_REPRESENTATION_CONTEXT(2) 
PARAMETRIC_REPRESENTATION_CONTEXT() REPRESENTATION_CONTEXT('2D SPACE',''
  ) );
#19091 = PCURVE('',#19092,#19097);
#19092 = CYLINDRICAL_SURFACE('',#19093,8.);
#19093 = AXIS2_PLACEMENT_3D('',#19094,#19095,#19096);
#19094 = CARTESIAN_POINT('',(640.,-100.,104.));
#19095 = DIRECTION('',(0.,0.,1.));
#19096 = DIRECTION('',(1.,0.,-0.));
#19097 = DEFINITIONAL_REPRESENTATION('',(#19098),#19102);
#19098 = LINE('',#19099,#19100);
#19099 = CARTESIAN_POINT('',(0.,16.));
#19100 = VECTOR('',#19101,1.);
#19101 = DIRECTION('',(1.,0.));
#19102 = ( GEOMETRIC_REPRESENTATION_CONTEXT(2) 
PARAMETRIC_REPRESENTATION_CONTEXT() REPRESENTATION_CONTEXT('2D SPACE',''
  ) );
#19103 = ADVANCED_FACE('',(#19104),#19092,.T.);
#19104 = FACE_BOUND('',#19105,.T.);
#19105 = EDGE_LOOP('',(#19106,#19107,#19130,#19157));
#19106 = ORIENTED_EDGE('',*,*,#19075,.F.);
#19107 = ORIENTED_EDGE('',*,*,#19108,.F.);
#19108 = EDGE_CURVE('',#19109,#19076,#19111,.T.);
#19109 = VERTEX_POINT('',#19110);
#19110 = CARTESIAN_POINT('',(648.,-100.,104.));
#19111 = SEAM_CURVE('',#19112,(#19116,#19123),.PCURVE_S1.);
#19112 = LINE('',#19113,#19114);
#19113 = CARTESIAN_POINT('',(648.,-100.,104.));
#19114 = VECTOR('',#19115,1.);
#19115 = DIRECTION('',(0.,0.,1.));
#19116 = PCURVE('',#19092,#19117);
#19117 = DEFINITIONAL_REPRESENTATION('',(#19118),#19122);
#19118 = LINE('',#19119,#19120);
#19119 = CARTESIAN_POINT('',(6.28318530718,-0.));
#19120 = VECTOR('',#19121,1.);
#19121 = DIRECTION('',(0.,1.));
#19122 = ( GEOMETRIC_REPRESENTATION_CONTEXT(2) 
PARAMETRIC_REPRESENTATION_CONTEXT() REPRESENTATION_CONTEXT('2D SPACE',''
  ) );
#19123 = PCURVE('',#19092,#19124);
#19124 = DEFINITIONAL_REPRESENTATION('',(#19125),#19129);
#19125 = LINE('',#19126,#19127);
#19126 = CARTESIAN_POINT('',(0.,-0.));
#19127 = VECTOR('',#19128,1.);
#19128 = DIRECTION('',(0.,1.));
#19129 = ( GEOMETRIC_REPRESENTATION_CONTEXT(2) 
PARAMETRIC_REPRESENTATION_CONTEXT() REPRESENTATION_CONTEXT('2D SPACE',''
  ) );
#19130 = ORIENTED_EDGE('',*,*,#19131,.T.);
#19131 = EDGE_CURVE('',#19109,#19109,#19132,.T.);
#19132 = SURFACE_CURVE('',#19133,(#19138,#19145),.PCURVE_S1.);
#19133 = CIRCLE('',#19134,8.);
#19134 = AXIS2_PLACEMENT_3D('',#19135,#19136,#19137);
#19135 = CARTESIAN_POINT('',(640.,-100.,104.));
#19136 = DIRECTION('',(0.,0.,1.));
#19137 = DIRECTION('',(1.,0.,-0.));
#19138 = PCURVE('',#19092,#19139);
#19139 = DEFINITIONAL_REPRESENTATION('',(#19140),#19144);
#19140 = LINE('',#19141,#19142);
#19141 = CARTESIAN_POINT('',(0.,0.));
#19142 = VECTOR('',#19143,1.);
#19143 = DIRECTION('',(1.,0.));
#19144 = ( GEOMETRIC_REPRESENTATION_CONTEXT(2) 
PARAMETRIC_REPRESENTATION_CONTEXT() REPRESENTATION_CONTEXT('2D SPACE',''
  ) );
#19145 = PCURVE('',#19146,#19151);
#19146 = PLANE('',#19147);
#19147 = AXIS2_PLACEMENT_3D('',#19148,#19149,#19150);
#19148 = CARTESIAN_POINT('',(640.,-100.,104.));
#19149 = DIRECTION('',(0.,0.,1.));
#19150 = DIRECTION('',(1.,0.,-0.));
#19151 = DEFINITIONAL_REPRESENTATION('',(#19152),#19156);
#19152 = CIRCLE('',#19153,8.);
#19153 = AXIS2_PLACEMENT_2D('',#19154,#19155);
#19154 = CARTESIAN_POINT('',(0.,0.));
#19155 = DIRECTION('',(1.,0.));
#19156 = ( GEOMETRIC_REPRESENTATION_CONTEXT(2) 
PARAMETRIC_REPRESENTATION_CONTEXT() REPRESENTATION_CONTEXT('2D SPACE',''
  ) );
#19157 = ORIENTED_EDGE('',*,*,#19108,.T.);
#19158 = ADVANCED_FACE('',(#19159),#19146,.F.);
#19159 = FACE_BOUND('',#19160,.T.);
#19160 = EDGE_LOOP('',(#19161));
#19161 = ORIENTED_EDGE('',*,*,#19131,.F.);
#19162 = MANIFOLD_SOLID_BREP('',#19163);
#19163 = CLOSED_SHELL('',(#19164,#19252,#19256,#19291,#19346));
#19164 = ADVANCED_FACE('',(#19165),#19178,.T.);
#19165 = FACE_BOUND('',#19166,.T.);
#19166 = EDGE_LOOP('',(#19167,#19201,#19224,#19251));
#19167 = ORIENTED_EDGE('',*,*,#19168,.F.);
#19168 = EDGE_CURVE('',#19169,#19169,#19171,.T.);
#19169 = VERTEX_POINT('',#19170);
#19170 = CARTESIAN_POINT('',(700.,-100.,136.));
#19171 = SURFACE_CURVE('',#19172,(#19177,#19189),.PCURVE_S1.);
#19172 = CIRCLE('',#19173,10.);
#19173 = AXIS2_PLACEMENT_3D('',#19174,#19175,#19176);
#19174 = CARTESIAN_POINT('',(690.,-100.,136.));
#19175 = DIRECTION('',(0.,0.,1.));
#19176 = DIRECTION('',(1.,0.,-0.));
#19177 = PCURVE('',#19178,#19183);
#19178 = CYLINDRICAL_SURFACE('',#19179,10.);
#19179 = AXIS2_PLACEMENT_3D('',#19180,#19181,#19182);
#19180 = CARTESIAN_POINT('',(690.,-100.,120.));
#19181 = DIRECTION('',(0.,0.,1.));
#19182 = DIRECTION('',(1.,0.,-0.));
#19183 = DEFINITIONAL_REPRESENTATION('',(#19184),#19188);
#19184 = LINE('',#19185,#19186);
#19185 = CARTESIAN_POINT('',(0.,16.));
#19186 = VECTOR('',#19187,1.);
#19187 = DIRECTION('',(1.,0.));
#19188 = ( GEOMETRIC_REPRESENTATION_CONTEXT(2) 
PARAMETRIC_REPRESENTATION_CONTEXT() REPRESENTATION_CONTEXT('2D SPACE',''
  ) );
#19189 = PCURVE('',#19190,#19195);
#19190 = PLANE('',#19191);
#19191 = AXIS2_PLACEMENT_3D('',#19192,#19193,#19194);
#19192 = CARTESIAN_POINT('',(690.,-100.,136.));
#19193 = DIRECTION('',(0.,0.,1.));
#19194 = DIRECTION('',(1.,0.,-0.));
#19195 = DEFINITIONAL_REPRESENTATION('',(#19196),#19200);
#19196 = CIRCLE('',#19197,10.);
#19197 = AXIS2_PLACEMENT_2D('',#19198,#19199);
#19198 = CARTESIAN_POINT('',(0.,0.));
#19199 = DIRECTION('',(1.,0.));
#19200 = ( GEOMETRIC_REPRESENTATION_CONTEXT(2) 
PARAMETRIC_REPRESENTATION_CONTEXT() REPRESENTATION_CONTEXT('2D SPACE',''
  ) );
#19201 = ORIENTED_EDGE('',*,*,#19202,.F.);
#19202 = EDGE_CURVE('',#19203,#19169,#19205,.T.);
#19203 = VERTEX_POINT('',#19204);
#19204 = CARTESIAN_POINT('',(700.,-100.,120.));
#19205 = SEAM_CURVE('',#19206,(#19210,#19217),.PCURVE_S1.);
#19206 = LINE('',#19207,#19208);
#19207 = CARTESIAN_POINT('',(700.,-100.,120.));
#19208 = VECTOR('',#19209,1.);
#19209 = DIRECTION('',(0.,0.,1.));
#19210 = PCURVE('',#19178,#19211);
#19211 = DEFINITIONAL_REPRESENTATION('',(#19212),#19216);
#19212 = LINE('',#19213,#19214);
#19213 = CARTESIAN_POINT('',(6.28318530718,-0.));
#19214 = VECTOR('',#19215,1.);
#19215 = DIRECTION('',(0.,1.));
#19216 = ( GEOMETRIC_REPRESENTATION_CONTEXT(2) 
PARAMETRIC_REPRESENTATION_CONTEXT() REPRESENTATION_CONTEXT('2D SPACE',''
  ) );
#19217 = PCURVE('',#19178,#19218);
#19218 = DEFINITIONAL_REPRESENTATION('',(#19219),#19223);
#19219 = LINE('',#19220,#19221);
#19220 = CARTESIAN_POINT('',(0.,-0.));
#19221 = VECTOR('',#19222,1.);
#19222 = DIRECTION('',(0.,1.));
#19223 = ( GEOMETRIC_REPRESENTATION_CONTEXT(2) 
PARAMETRIC_REPRESENTATION_CONTEXT() REPRESENTATION_CONTEXT('2D SPACE',''
  ) );
#19224 = ORIENTED_EDGE('',*,*,#19225,.T.);
#19225 = EDGE_CURVE('',#19203,#19203,#19226,.T.);
#19226 = SURFACE_CURVE('',#19227,(#19232,#19239),.PCURVE_S1.);
#19227 = CIRCLE('',#19228,10.);
#19228 = AXIS2_PLACEMENT_3D('',#19229,#19230,#19231);
#19229 = CARTESIAN_POINT('',(690.,-100.,120.));
#19230 = DIRECTION('',(0.,0.,1.));
#19231 = DIRECTION('',(1.,0.,-0.));
#19232 = PCURVE('',#19178,#19233);
#19233 = DEFINITIONAL_REPRESENTATION('',(#19234),#19238);
#19234 = LINE('',#19235,#19236);
#19235 = CARTESIAN_POINT('',(0.,0.));
#19236 = VECTOR('',#19237,1.);
#19237 = DIRECTION('',(1.,0.));
#19238 = ( GEOMETRIC_REPRESENTATION_CONTEXT(2) 
PARAMETRIC_REPRESENTATION_CONTEXT() REPRESENTATION_CONTEXT('2D SPACE',''
  ) );
#19239 = PCURVE('',#19240,#19245);
#19240 = PLANE('',#19241);
#19241 = AXIS2_PLACEMENT_3D('',#19242,#19243,#19244);
#19242 = CARTESIAN_POINT('',(690.,-100.,120.));
#19243 = DIRECTION('',(0.,0.,1.));
#19244 = DIRECTION('',(1.,0.,-0.));
#19245 = DEFINITIONAL_REPRESENTATION('',(#19246),#19250);
#19246 = CIRCLE('',#19247,10.);
#19247 = AXIS2_PLACEMENT_2D('',#19248,#19249);
#19248 = CARTESIAN_POINT('',(0.,0.));
#19249 = DIRECTION('',(1.,0.));
#19250 = ( GEOMETRIC_REPRESENTATION_CONTEXT(2) 
PARAMETRIC_REPRESENTATION_CONTEXT() REPRESENTATION_CONTEXT('2D SPACE',''
  ) );
#19251 = ORIENTED_EDGE('',*,*,#19202,.T.);
#19252 = ADVANCED_FACE('',(#19253),#19190,.T.);
#19253 = FACE_BOUND('',#19254,.T.);
#19254 = EDGE_LOOP('',(#19255));
#19255 = ORIENTED_EDGE('',*,*,#19168,.T.);
#19256 = ADVANCED_FACE('',(#19257,#19260),#19240,.F.);
#19257 = FACE_BOUND('',#19258,.F.);
#19258 = EDGE_LOOP('',(#19259));
#19259 = ORIENTED_EDGE('',*,*,#19225,.T.);
#19260 = FACE_BOUND('',#19261,.F.);
#19261 = EDGE_LOOP('',(#19262));
#19262 = ORIENTED_EDGE('',*,*,#19263,.F.);
#19263 = EDGE_CURVE('',#19264,#19264,#19266,.T.);
#19264 = VERTEX_POINT('',#19265);
#19265 = CARTESIAN_POINT('',(698.,-100.,120.));
#19266 = SURFACE_CURVE('',#19267,(#19272,#19279),.PCURVE_S1.);
#19267 = CIRCLE('',#19268,8.);
#19268 = AXIS2_PLACEMENT_3D('',#19269,#19270,#19271);
#19269 = CARTESIAN_POINT('',(690.,-100.,120.));
#19270 = DIRECTION('',(0.,0.,1.));
#19271 = DIRECTION('',(1.,0.,-0.));
#19272 = PCURVE('',#19240,#19273);
#19273 = DEFINITIONAL_REPRESENTATION('',(#19274),#19278);
#19274 = CIRCLE('',#19275,8.);
#19275 = AXIS2_PLACEMENT_2D('',#19276,#19277);
#19276 = CARTESIAN_POINT('',(0.,0.));
#19277 = DIRECTION('',(1.,0.));
#19278 = ( GEOMETRIC_REPRESENTATION_CONTEXT(2) 
PARAMETRIC_REPRESENTATION_CONTEXT() REPRESENTATION_CONTEXT('2D SPACE',''
  ) );
#19279 = PCURVE('',#19280,#19285);
#19280 = CYLINDRICAL_SURFACE('',#19281,8.);
#19281 = AXIS2_PLACEMENT_3D('',#19282,#19283,#19284);
#19282 = CARTESIAN_POINT('',(690.,-100.,104.));
#19283 = DIRECTION('',(0.,0.,1.));
#19284 = DIRECTION('',(1.,0.,-0.));
#19285 = DEFINITIONAL_REPRESENTATION('',(#19286),#19290);
#19286 = LINE('',#19287,#19288);
#19287 = CARTESIAN_POINT('',(0.,16.));
#19288 = VECTOR('',#19289,1.);
#19289 = DIRECTION('',(1.,0.));
#19290 = ( GEOMETRIC_REPRESENTATION_CONTEXT(2) 
PARAMETRIC_REPRESENTATION_CONTEXT() REPRESENTATION_CONTEXT('2D SPACE',''
  ) );
#19291 = ADVANCED_FACE('',(#19292),#19280,.T.);
#19292 = FACE_BOUND('',#19293,.T.);
#19293 = EDGE_LOOP('',(#19294,#19295,#19318,#19345));
#19294 = ORIENTED_EDGE('',*,*,#19263,.F.);
#19295 = ORIENTED_EDGE('',*,*,#19296,.F.);
#19296 = EDGE_CURVE('',#19297,#19264,#19299,.T.);
#19297 = VERTEX_POINT('',#19298);
#19298 = CARTESIAN_POINT('',(698.,-100.,104.));
#19299 = SEAM_CURVE('',#19300,(#19304,#19311),.PCURVE_S1.);
#19300 = LINE('',#19301,#19302);
#19301 = CARTESIAN_POINT('',(698.,-100.,104.));
#19302 = VECTOR('',#19303,1.);
#19303 = DIRECTION('',(0.,0.,1.));
#19304 = PCURVE('',#19280,#19305);
#19305 = DEFINITIONAL_REPRESENTATION('',(#19306),#19310);
#19306 = LINE('',#19307,#19308);
#19307 = CARTESIAN_POINT('',(6.28318530718,-0.));
#19308 = VECTOR('',#19309,1.);
#19309 = DIRECTION('',(0.,1.));
#19310 = ( GEOMETRIC_REPRESENTATION_CONTEXT(2) 
PARAMETRIC_REPRESENTATION_CONTEXT() REPRESENTATION_CONTEXT('2D SPACE',''
  ) );
#19311 = PCURVE('',#19280,#19312);
#19312 = DEFINITIONAL_REPRESENTATION('',(#19313),#19317);
#19313 = LINE('',#19314,#19315);
#19314 = CARTESIAN_POINT('',(0.,-0.));
#19315 = VECTOR('',#19316,1.);
#19316 = DIRECTION('',(0.,1.));
#19317 = ( GEOMETRIC_REPRESENTATION_CONTEXT(2) 
PARAMETRIC_REPRESENTATION_CONTEXT() REPRESENTATION_CONTEXT('2D SPACE',''
  ) );
#19318 = ORIENTED_EDGE('',*,*,#19319,.T.);
#19319 = EDGE_CURVE('',#19297,#19297,#19320,.T.);
#19320 = SURFACE_CURVE('',#19321,(#19326,#19333),.PCURVE_S1.);
#19321 = CIRCLE('',#19322,8.);
#19322 = AXIS2_PLACEMENT_3D('',#19323,#19324,#19325);
#19323 = CARTESIAN_POINT('',(690.,-100.,104.));
#19324 = DIRECTION('',(0.,0.,1.));
#19325 = DIRECTION('',(1.,0.,-0.));
#19326 = PCURVE('',#19280,#19327);
#19327 = DEFINITIONAL_REPRESENTATION('',(#19328),#19332);
#19328 = LINE('',#19329,#19330);
#19329 = CARTESIAN_POINT('',(0.,0.));
#19330 = VECTOR('',#19331,1.);
#19331 = DIRECTION('',(1.,0.));
#19332 = ( GEOMETRIC_REPRESENTATION_CONTEXT(2) 
PARAMETRIC_REPRESENTATION_CONTEXT() REPRESENTATION_CONTEXT('2D SPACE',''
  ) );
#19333 = PCURVE('',#19334,#19339);
#19334 = PLANE('',#19335);
#19335 = AXIS2_PLACEMENT_3D('',#19336,#19337,#19338);
#19336 = CARTESIAN_POINT('',(690.,-100.,104.));
#19337 = DIRECTION('',(0.,0.,1.));
#19338 = DIRECTION('',(1.,0.,-0.));
#19339 = DEFINITIONAL_REPRESENTATION('',(#19340),#19344);
#19340 = CIRCLE('',#19341,8.);
#19341 = AXIS2_PLACEMENT_2D('',#19342,#19343);
#19342 = CARTESIAN_POINT('',(0.,0.));
#19343 = DIRECTION('',(1.,0.));
#19344 = ( GEOMETRIC_REPRESENTATION_CONTEXT(2) 
PARAMETRIC_REPRESENTATION_CONTEXT() REPRESENTATION_CONTEXT('2D SPACE',''
  ) );
#19345 = ORIENTED_EDGE('',*,*,#19296,.T.);
#19346 = ADVANCED_FACE('',(#19347),#19334,.F.);
#19347 = FACE_BOUND('',#19348,.T.);
#19348 = EDGE_LOOP('',(#19349));
#19349 = ORIENTED_EDGE('',*,*,#19319,.F.);
#19350 = ( GEOMETRIC_REPRESENTATION_CONTEXT(3) 
GLOBAL_UNCERTAINTY_ASSIGNED_CONTEXT((#19354)) 
GLOBAL_UNIT_ASSIGNED_CONTEXT((#19351,#19352,#19353)) 
REPRESENTATION_CONTEXT('Context #1',
  '3D Context with UNIT and UNCERTAINTY') );
#19351 = ( LENGTH_UNIT() NAMED_UNIT(*) SI_UNIT(.MILLI.,.METRE.) );
#19352 = ( NAMED_UNIT(*) PLANE_ANGLE_UNIT() SI_UNIT($,.RADIAN.) );
#19353 = ( NAMED_UNIT(*) SI_UNIT($,.STERADIAN.) SOLID_ANGLE_UNIT() );
#19354 = UNCERTAINTY_MEASURE_WITH_UNIT(LENGTH_MEASURE(1.E-07),#19351,
  'distance_accuracy_value','confusion accuracy');
#19355 = CONTEXT_DEPENDENT_SHAPE_REPRESENTATION(#19356,#19358);
#19356 = ( REPRESENTATION_RELATIONSHIP('','',#18973,#10) 
REPRESENTATION_RELATIONSHIP_WITH_TRANSFORMATION(#19357) 
SHAPE_REPRESENTATION_RELATIONSHIP() );
#19357 = ITEM_DEFINED_TRANSFORMATION('','',#11,#123);
#19358 = PRODUCT_DEFINITION_SHAPE('Placement','Placement of an item',
  #19359);
#19359 = NEXT_ASSEMBLY_USAGE_OCCURRENCE('64','=>[0:1:1:29]','',#5,#18968
  ,$);
#19360 = PRODUCT_RELATED_PRODUCT_CATEGORY('part',$,(#18970));
#19361 = SHAPE_DEFINITION_REPRESENTATION(#19362,#19368);
#19362 = PRODUCT_DEFINITION_SHAPE('','',#19363);
#19363 = PRODUCT_DEFINITION('design','',#19364,#19367);
#19364 = PRODUCT_DEFINITION_FORMATION('','',#19365);
#19365 = PRODUCT('COMPOUND','COMPOUND','',(#19366));
#19366 = PRODUCT_CONTEXT('',#2,'mechanical');
#19367 = PRODUCT_DEFINITION_CONTEXT('part definition',#2,'design');
#19368 = SHAPE_REPRESENTATION('',(#11,#19369,#19557,#19745,#19933),
  #20121);
#19369 = MANIFOLD_SOLID_BREP('',#19370);
#19370 = CLOSED_SHELL('',(#19371,#19459,#19463,#19498,#19553));
#19371 = ADVANCED_FACE('',(#19372),#19385,.T.);
#19372 = FACE_BOUND('',#19373,.T.);
#19373 = EDGE_LOOP('',(#19374,#19408,#19431,#19458));
#19374 = ORIENTED_EDGE('',*,*,#19375,.F.);
#19375 = EDGE_CURVE('',#19376,#19376,#19378,.T.);
#19376 = VERTEX_POINT('',#19377);
#19377 = CARTESIAN_POINT('',(785.,40.,134.));
#19378 = SURFACE_CURVE('',#19379,(#19384,#19396),.PCURVE_S1.);
#19379 = CIRCLE('',#19380,15.);
#19380 = AXIS2_PLACEMENT_3D('',#19381,#19382,#19383);
#19381 = CARTESIAN_POINT('',(770.,40.,134.));
#19382 = DIRECTION('',(0.,0.,1.));
#19383 = DIRECTION('',(1.,0.,-0.));
#19384 = PCURVE('',#19385,#19390);
#19385 = CYLINDRICAL_SURFACE('',#19386,15.);
#19386 = AXIS2_PLACEMENT_3D('',#19387,#19388,#19389);
#19387 = CARTESIAN_POINT('',(770.,40.,120.));
#19388 = DIRECTION('',(0.,0.,1.));
#19389 = DIRECTION('',(1.,0.,-0.));
#19390 = DEFINITIONAL_REPRESENTATION('',(#19391),#19395);
#19391 = LINE('',#19392,#19393);
#19392 = CARTESIAN_POINT('',(0.,14.));
#19393 = VECTOR('',#19394,1.);
#19394 = DIRECTION('',(1.,0.));
#19395 = ( GEOMETRIC_REPRESENTATION_CONTEXT(2) 
PARAMETRIC_REPRESENTATION_CONTEXT() REPRESENTATION_CONTEXT('2D SPACE',''
  ) );
#19396 = PCURVE('',#19397,#19402);
#19397 = PLANE('',#19398);
#19398 = AXIS2_PLACEMENT_3D('',#19399,#19400,#19401);
#19399 = CARTESIAN_POINT('',(770.,40.,134.));
#19400 = DIRECTION('',(0.,0.,1.));
#19401 = DIRECTION('',(1.,0.,-0.));
#19402 = DEFINITIONAL_REPRESENTATION('',(#19403),#19407);
#19403 = CIRCLE('',#19404,15.);
#19404 = AXIS2_PLACEMENT_2D('',#19405,#19406);
#19405 = CARTESIAN_POINT('',(0.,0.));
#19406 = DIRECTION('',(1.,0.));
#19407 = ( GEOMETRIC_REPRESENTATION_CONTEXT(2) 
PARAMETRIC_REPRESENTATION_CONTEXT() REPRESENTATION_CONTEXT('2D SPACE',''
  ) );
#19408 = ORIENTED_EDGE('',*,*,#19409,.F.);
#19409 = EDGE_CURVE('',#19410,#19376,#19412,.T.);
#19410 = VERTEX_POINT('',#19411);
#19411 = CARTESIAN_POINT('',(785.,40.,120.));
#19412 = SEAM_CURVE('',#19413,(#19417,#19424),.PCURVE_S1.);
#19413 = LINE('',#19414,#19415);
#19414 = CARTESIAN_POINT('',(785.,40.,120.));
#19415 = VECTOR('',#19416,1.);
#19416 = DIRECTION('',(0.,0.,1.));
#19417 = PCURVE('',#19385,#19418);
#19418 = DEFINITIONAL_REPRESENTATION('',(#19419),#19423);
#19419 = LINE('',#19420,#19421);
#19420 = CARTESIAN_POINT('',(6.28318530718,-0.));
#19421 = VECTOR('',#19422,1.);
#19422 = DIRECTION('',(0.,1.));
#19423 = ( GEOMETRIC_REPRESENTATION_CONTEXT(2) 
PARAMETRIC_REPRESENTATION_CONTEXT() REPRESENTATION_CONTEXT('2D SPACE',''
  ) );
#19424 = PCURVE('',#19385,#19425);
#19425 = DEFINITIONAL_REPRESENTATION('',(#19426),#19430);
#19426 = LINE('',#19427,#19428);
#19427 = CARTESIAN_POINT('',(0.,-0.));
#19428 = VECTOR('',#19429,1.);
#19429 = DIRECTION('',(0.,1.));
#19430 = ( GEOMETRIC_REPRESENTATION_CONTEXT(2) 
PARAMETRIC_REPRESENTATION_CONTEXT() REPRESENTATION_CONTEXT('2D SPACE',''
  ) );
#19431 = ORIENTED_EDGE('',*,*,#19432,.T.);
#19432 = EDGE_CURVE('',#19410,#19410,#19433,.T.);
#19433 = SURFACE_CURVE('',#19434,(#19439,#19446),.PCURVE_S1.);
#19434 = CIRCLE('',#19435,15.);
#19435 = AXIS2_PLACEMENT_3D('',#19436,#19437,#19438);
#19436 = CARTESIAN_POINT('',(770.,40.,120.));
#19437 = DIRECTION('',(0.,0.,1.));
#19438 = DIRECTION('',(1.,0.,-0.));
#19439 = PCURVE('',#19385,#19440);
#19440 = DEFINITIONAL_REPRESENTATION('',(#19441),#19445);
#19441 = LINE('',#19442,#19443);
#19442 = CARTESIAN_POINT('',(0.,0.));
#19443 = VECTOR('',#19444,1.);
#19444 = DIRECTION('',(1.,0.));
#19445 = ( GEOMETRIC_REPRESENTATION_CONTEXT(2) 
PARAMETRIC_REPRESENTATION_CONTEXT() REPRESENTATION_CONTEXT('2D SPACE',''
  ) );
#19446 = PCURVE('',#19447,#19452);
#19447 = PLANE('',#19448);
#19448 = AXIS2_PLACEMENT_3D('',#19449,#19450,#19451);
#19449 = CARTESIAN_POINT('',(770.,40.,120.));
#19450 = DIRECTION('',(0.,0.,1.));
#19451 = DIRECTION('',(1.,0.,-0.));
#19452 = DEFINITIONAL_REPRESENTATION('',(#19453),#19457);
#19453 = CIRCLE('',#19454,15.);
#19454 = AXIS2_PLACEMENT_2D('',#19455,#19456);
#19455 = CARTESIAN_POINT('',(0.,0.));
#19456 = DIRECTION('',(1.,0.));
#19457 = ( GEOMETRIC_REPRESENTATION_CONTEXT(2) 
PARAMETRIC_REPRESENTATION_CONTEXT() REPRESENTATION_CONTEXT('2D SPACE',''
  ) );
#19458 = ORIENTED_EDGE('',*,*,#19409,.T.);
#19459 = ADVANCED_FACE('',(#19460),#19397,.T.);
#19460 = FACE_BOUND('',#19461,.T.);
#19461 = EDGE_LOOP('',(#19462));
#19462 = ORIENTED_EDGE('',*,*,#19375,.T.);
#19463 = ADVANCED_FACE('',(#19464,#19467),#19447,.F.);
#19464 = FACE_BOUND('',#19465,.F.);
#19465 = EDGE_LOOP('',(#19466));
#19466 = ORIENTED_EDGE('',*,*,#19432,.T.);
#19467 = FACE_BOUND('',#19468,.F.);
#19468 = EDGE_LOOP('',(#19469));
#19469 = ORIENTED_EDGE('',*,*,#19470,.F.);
#19470 = EDGE_CURVE('',#19471,#19471,#19473,.T.);
#19471 = VERTEX_POINT('',#19472);
#19472 = CARTESIAN_POINT('',(782.,40.,120.));
#19473 = SURFACE_CURVE('',#19474,(#19479,#19486),.PCURVE_S1.);
#19474 = CIRCLE('',#19475,12.);
#19475 = AXIS2_PLACEMENT_3D('',#19476,#19477,#19478);
#19476 = CARTESIAN_POINT('',(770.,40.,120.));
#19477 = DIRECTION('',(0.,0.,1.));
#19478 = DIRECTION('',(1.,0.,-0.));
#19479 = PCURVE('',#19447,#19480);
#19480 = DEFINITIONAL_REPRESENTATION('',(#19481),#19485);
#19481 = CIRCLE('',#19482,12.);
#19482 = AXIS2_PLACEMENT_2D('',#19483,#19484);
#19483 = CARTESIAN_POINT('',(0.,0.));
#19484 = DIRECTION('',(1.,0.));
#19485 = ( GEOMETRIC_REPRESENTATION_CONTEXT(2) 
PARAMETRIC_REPRESENTATION_CONTEXT() REPRESENTATION_CONTEXT('2D SPACE',''
  ) );
#19486 = PCURVE('',#19487,#19492);
#19487 = CYLINDRICAL_SURFACE('',#19488,12.);
#19488 = AXIS2_PLACEMENT_3D('',#19489,#19490,#19491);
#19489 = CARTESIAN_POINT('',(770.,40.,104.));
#19490 = DIRECTION('',(0.,0.,1.));
#19491 = DIRECTION('',(1.,0.,-0.));
#19492 = DEFINITIONAL_REPRESENTATION('',(#19493),#19497);
#19493 = LINE('',#19494,#19495);
#19494 = CARTESIAN_POINT('',(0.,16.));
#19495 = VECTOR('',#19496,1.);
#19496 = DIRECTION('',(1.,0.));
#19497 = ( GEOMETRIC_REPRESENTATION_CONTEXT(2) 
PARAMETRIC_REPRESENTATION_CONTEXT() REPRESENTATION_CONTEXT('2D SPACE',''
  ) );
#19498 = ADVANCED_FACE('',(#19499),#19487,.T.);
#19499 = FACE_BOUND('',#19500,.T.);
#19500 = EDGE_LOOP('',(#19501,#19502,#19525,#19552));
#19501 = ORIENTED_EDGE('',*,*,#19470,.F.);
#19502 = ORIENTED_EDGE('',*,*,#19503,.F.);
#19503 = EDGE_CURVE('',#19504,#19471,#19506,.T.);
#19504 = VERTEX_POINT('',#19505);
#19505 = CARTESIAN_POINT('',(782.,40.,104.));
#19506 = SEAM_CURVE('',#19507,(#19511,#19518),.PCURVE_S1.);
#19507 = LINE('',#19508,#19509);
#19508 = CARTESIAN_POINT('',(782.,40.,104.));
#19509 = VECTOR('',#19510,1.);
#19510 = DIRECTION('',(0.,0.,1.));
#19511 = PCURVE('',#19487,#19512);
#19512 = DEFINITIONAL_REPRESENTATION('',(#19513),#19517);
#19513 = LINE('',#19514,#19515);
#19514 = CARTESIAN_POINT('',(6.28318530718,-0.));
#19515 = VECTOR('',#19516,1.);
#19516 = DIRECTION('',(0.,1.));
#19517 = ( GEOMETRIC_REPRESENTATION_CONTEXT(2) 
PARAMETRIC_REPRESENTATION_CONTEXT() REPRESENTATION_CONTEXT('2D SPACE',''
  ) );
#19518 = PCURVE('',#19487,#19519);
#19519 = DEFINITIONAL_REPRESENTATION('',(#19520),#19524);
#19520 = LINE('',#19521,#19522);
#19521 = CARTESIAN_POINT('',(0.,-0.));
#19522 = VECTOR('',#19523,1.);
#19523 = DIRECTION('',(0.,1.));
#19524 = ( GEOMETRIC_REPRESENTATION_CONTEXT(2) 
PARAMETRIC_REPRESENTATION_CONTEXT() REPRESENTATION_CONTEXT('2D SPACE',''
  ) );
#19525 = ORIENTED_EDGE('',*,*,#19526,.T.);
#19526 = EDGE_CURVE('',#19504,#19504,#19527,.T.);
#19527 = SURFACE_CURVE('',#19528,(#19533,#19540),.PCURVE_S1.);
#19528 = CIRCLE('',#19529,12.);
#19529 = AXIS2_PLACEMENT_3D('',#19530,#19531,#19532);
#19530 = CARTESIAN_POINT('',(770.,40.,104.));
#19531 = DIRECTION('',(0.,0.,1.));
#19532 = DIRECTION('',(1.,0.,-0.));
#19533 = PCURVE('',#19487,#19534);
#19534 = DEFINITIONAL_REPRESENTATION('',(#19535),#19539);
#19535 = LINE('',#19536,#19537);
#19536 = CARTESIAN_POINT('',(0.,0.));
#19537 = VECTOR('',#19538,1.);
#19538 = DIRECTION('',(1.,0.));
#19539 = ( GEOMETRIC_REPRESENTATION_CONTEXT(2) 
PARAMETRIC_REPRESENTATION_CONTEXT() REPRESENTATION_CONTEXT('2D SPACE',''
  ) );
#19540 = PCURVE('',#19541,#19546);
#19541 = PLANE('',#19542);
#19542 = AXIS2_PLACEMENT_3D('',#19543,#19544,#19545);
#19543 = CARTESIAN_POINT('',(770.,40.,104.));
#19544 = DIRECTION('',(0.,0.,1.));
#19545 = DIRECTION('',(1.,0.,-0.));
#19546 = DEFINITIONAL_REPRESENTATION('',(#19547),#19551);
#19547 = CIRCLE('',#19548,12.);
#19548 = AXIS2_PLACEMENT_2D('',#19549,#19550);
#19549 = CARTESIAN_POINT('',(0.,0.));
#19550 = DIRECTION('',(1.,0.));
#19551 = ( GEOMETRIC_REPRESENTATION_CONTEXT(2) 
PARAMETRIC_REPRESENTATION_CONTEXT() REPRESENTATION_CONTEXT('2D SPACE',''
  ) );
#19552 = ORIENTED_EDGE('',*,*,#19503,.T.);
#19553 = ADVANCED_FACE('',(#19554),#19541,.F.);
#19554 = FACE_BOUND('',#19555,.T.);
#19555 = EDGE_LOOP('',(#19556));
#19556 = ORIENTED_EDGE('',*,*,#19526,.F.);
#19557 = MANIFOLD_SOLID_BREP('',#19558);
#19558 = CLOSED_SHELL('',(#19559,#19647,#19651,#19686,#19741));
#19559 = ADVANCED_FACE('',(#19560),#19573,.T.);
#19560 = FACE_BOUND('',#19561,.T.);
#19561 = EDGE_LOOP('',(#19562,#19596,#19619,#19646));
#19562 = ORIENTED_EDGE('',*,*,#19563,.F.);
#19563 = EDGE_CURVE('',#19564,#19564,#19566,.T.);
#19564 = VERTEX_POINT('',#19565);
#19565 = CARTESIAN_POINT('',(785.,100.,134.));
#19566 = SURFACE_CURVE('',#19567,(#19572,#19584),.PCURVE_S1.);
#19567 = CIRCLE('',#19568,15.);
#19568 = AXIS2_PLACEMENT_3D('',#19569,#19570,#19571);
#19569 = CARTESIAN_POINT('',(770.,100.,134.));
#19570 = DIRECTION('',(0.,0.,1.));
#19571 = DIRECTION('',(1.,0.,-0.));
#19572 = PCURVE('',#19573,#19578);
#19573 = CYLINDRICAL_SURFACE('',#19574,15.);
#19574 = AXIS2_PLACEMENT_3D('',#19575,#19576,#19577);
#19575 = CARTESIAN_POINT('',(770.,100.,120.));
#19576 = DIRECTION('',(0.,0.,1.));
#19577 = DIRECTION('',(1.,0.,-0.));
#19578 = DEFINITIONAL_REPRESENTATION('',(#19579),#19583);
#19579 = LINE('',#19580,#19581);
#19580 = CARTESIAN_POINT('',(0.,14.));
#19581 = VECTOR('',#19582,1.);
#19582 = DIRECTION('',(1.,0.));
#19583 = ( GEOMETRIC_REPRESENTATION_CONTEXT(2) 
PARAMETRIC_REPRESENTATION_CONTEXT() REPRESENTATION_CONTEXT('2D SPACE',''
  ) );
#19584 = PCURVE('',#19585,#19590);
#19585 = PLANE('',#19586);
#19586 = AXIS2_PLACEMENT_3D('',#19587,#19588,#19589);
#19587 = CARTESIAN_POINT('',(770.,100.,134.));
#19588 = DIRECTION('',(0.,0.,1.));
#19589 = DIRECTION('',(1.,0.,-0.));
#19590 = DEFINITIONAL_REPRESENTATION('',(#19591),#19595);
#19591 = CIRCLE('',#19592,15.);
#19592 = AXIS2_PLACEMENT_2D('',#19593,#19594);
#19593 = CARTESIAN_POINT('',(0.,0.));
#19594 = DIRECTION('',(1.,0.));
#19595 = ( GEOMETRIC_REPRESENTATION_CONTEXT(2) 
PARAMETRIC_REPRESENTATION_CONTEXT() REPRESENTATION_CONTEXT('2D SPACE',''
  ) );
#19596 = ORIENTED_EDGE('',*,*,#19597,.F.);
#19597 = EDGE_CURVE('',#19598,#19564,#19600,.T.);
#19598 = VERTEX_POINT('',#19599);
#19599 = CARTESIAN_POINT('',(785.,100.,120.));
#19600 = SEAM_CURVE('',#19601,(#19605,#19612),.PCURVE_S1.);
#19601 = LINE('',#19602,#19603);
#19602 = CARTESIAN_POINT('',(785.,100.,120.));
#19603 = VECTOR('',#19604,1.);
#19604 = DIRECTION('',(0.,0.,1.));
#19605 = PCURVE('',#19573,#19606);
#19606 = DEFINITIONAL_REPRESENTATION('',(#19607),#19611);
#19607 = LINE('',#19608,#19609);
#19608 = CARTESIAN_POINT('',(6.28318530718,-0.));
#19609 = VECTOR('',#19610,1.);
#19610 = DIRECTION('',(0.,1.));
#19611 = ( GEOMETRIC_REPRESENTATION_CONTEXT(2) 
PARAMETRIC_REPRESENTATION_CONTEXT() REPRESENTATION_CONTEXT('2D SPACE',''
  ) );
#19612 = PCURVE('',#19573,#19613);
#19613 = DEFINITIONAL_REPRESENTATION('',(#19614),#19618);
#19614 = LINE('',#19615,#19616);
#19615 = CARTESIAN_POINT('',(0.,-0.));
#19616 = VECTOR('',#19617,1.);
#19617 = DIRECTION('',(0.,1.));
#19618 = ( GEOMETRIC_REPRESENTATION_CONTEXT(2) 
PARAMETRIC_REPRESENTATION_CONTEXT() REPRESENTATION_CONTEXT('2D SPACE',''
  ) );
#19619 = ORIENTED_EDGE('',*,*,#19620,.T.);
#19620 = EDGE_CURVE('',#19598,#19598,#19621,.T.);
#19621 = SURFACE_CURVE('',#19622,(#19627,#19634),.PCURVE_S1.);
#19622 = CIRCLE('',#19623,15.);
#19623 = AXIS2_PLACEMENT_3D('',#19624,#19625,#19626);
#19624 = CARTESIAN_POINT('',(770.,100.,120.));
#19625 = DIRECTION('',(0.,0.,1.));
#19626 = DIRECTION('',(1.,0.,-0.));
#19627 = PCURVE('',#19573,#19628);
#19628 = DEFINITIONAL_REPRESENTATION('',(#19629),#19633);
#19629 = LINE('',#19630,#19631);
#19630 = CARTESIAN_POINT('',(0.,0.));
#19631 = VECTOR('',#19632,1.);
#19632 = DIRECTION('',(1.,0.));
#19633 = ( GEOMETRIC_REPRESENTATION_CONTEXT(2) 
PARAMETRIC_REPRESENTATION_CONTEXT() REPRESENTATION_CONTEXT('2D SPACE',''
  ) );
#19634 = PCURVE('',#19635,#19640);
#19635 = PLANE('',#19636);
#19636 = AXIS2_PLACEMENT_3D('',#19637,#19638,#19639);
#19637 = CARTESIAN_POINT('',(770.,100.,120.));
#19638 = DIRECTION('',(0.,0.,1.));
#19639 = DIRECTION('',(1.,0.,-0.));
#19640 = DEFINITIONAL_REPRESENTATION('',(#19641),#19645);
#19641 = CIRCLE('',#19642,15.);
#19642 = AXIS2_PLACEMENT_2D('',#19643,#19644);
#19643 = CARTESIAN_POINT('',(0.,0.));
#19644 = DIRECTION('',(1.,0.));
#19645 = ( GEOMETRIC_REPRESENTATION_CONTEXT(2) 
PARAMETRIC_REPRESENTATION_CONTEXT() REPRESENTATION_CONTEXT('2D SPACE',''
  ) );
#19646 = ORIENTED_EDGE('',*,*,#19597,.T.);
#19647 = ADVANCED_FACE('',(#19648),#19585,.T.);
#19648 = FACE_BOUND('',#19649,.T.);
#19649 = EDGE_LOOP('',(#19650));
#19650 = ORIENTED_EDGE('',*,*,#19563,.T.);
#19651 = ADVANCED_FACE('',(#19652,#19655),#19635,.F.);
#19652 = FACE_BOUND('',#19653,.F.);
#19653 = EDGE_LOOP('',(#19654));
#19654 = ORIENTED_EDGE('',*,*,#19620,.T.);
#19655 = FACE_BOUND('',#19656,.F.);
#19656 = EDGE_LOOP('',(#19657));
#19657 = ORIENTED_EDGE('',*,*,#19658,.F.);
#19658 = EDGE_CURVE('',#19659,#19659,#19661,.T.);
#19659 = VERTEX_POINT('',#19660);
#19660 = CARTESIAN_POINT('',(782.,100.,120.));
#19661 = SURFACE_CURVE('',#19662,(#19667,#19674),.PCURVE_S1.);
#19662 = CIRCLE('',#19663,12.);
#19663 = AXIS2_PLACEMENT_3D('',#19664,#19665,#19666);
#19664 = CARTESIAN_POINT('',(770.,100.,120.));
#19665 = DIRECTION('',(0.,0.,1.));
#19666 = DIRECTION('',(1.,0.,-0.));
#19667 = PCURVE('',#19635,#19668);
#19668 = DEFINITIONAL_REPRESENTATION('',(#19669),#19673);
#19669 = CIRCLE('',#19670,12.);
#19670 = AXIS2_PLACEMENT_2D('',#19671,#19672);
#19671 = CARTESIAN_POINT('',(0.,0.));
#19672 = DIRECTION('',(1.,0.));
#19673 = ( GEOMETRIC_REPRESENTATION_CONTEXT(2) 
PARAMETRIC_REPRESENTATION_CONTEXT() REPRESENTATION_CONTEXT('2D SPACE',''
  ) );
#19674 = PCURVE('',#19675,#19680);
#19675 = CYLINDRICAL_SURFACE('',#19676,12.);
#19676 = AXIS2_PLACEMENT_3D('',#19677,#19678,#19679);
#19677 = CARTESIAN_POINT('',(770.,100.,104.));
#19678 = DIRECTION('',(0.,0.,1.));
#19679 = DIRECTION('',(1.,0.,-0.));
#19680 = DEFINITIONAL_REPRESENTATION('',(#19681),#19685);
#19681 = LINE('',#19682,#19683);
#19682 = CARTESIAN_POINT('',(0.,16.));
#19683 = VECTOR('',#19684,1.);
#19684 = DIRECTION('',(1.,0.));
#19685 = ( GEOMETRIC_REPRESENTATION_CONTEXT(2) 
PARAMETRIC_REPRESENTATION_CONTEXT() REPRESENTATION_CONTEXT('2D SPACE',''
  ) );
#19686 = ADVANCED_FACE('',(#19687),#19675,.T.);
#19687 = FACE_BOUND('',#19688,.T.);
#19688 = EDGE_LOOP('',(#19689,#19690,#19713,#19740));
#19689 = ORIENTED_EDGE('',*,*,#19658,.F.);
#19690 = ORIENTED_EDGE('',*,*,#19691,.F.);
#19691 = EDGE_CURVE('',#19692,#19659,#19694,.T.);
#19692 = VERTEX_POINT('',#19693);
#19693 = CARTESIAN_POINT('',(782.,100.,104.));
#19694 = SEAM_CURVE('',#19695,(#19699,#19706),.PCURVE_S1.);
#19695 = LINE('',#19696,#19697);
#19696 = CARTESIAN_POINT('',(782.,100.,104.));
#19697 = VECTOR('',#19698,1.);
#19698 = DIRECTION('',(0.,0.,1.));
#19699 = PCURVE('',#19675,#19700);
#19700 = DEFINITIONAL_REPRESENTATION('',(#19701),#19705);
#19701 = LINE('',#19702,#19703);
#19702 = CARTESIAN_POINT('',(6.28318530718,-0.));
#19703 = VECTOR('',#19704,1.);
#19704 = DIRECTION('',(0.,1.));
#19705 = ( GEOMETRIC_REPRESENTATION_CONTEXT(2) 
PARAMETRIC_REPRESENTATION_CONTEXT() REPRESENTATION_CONTEXT('2D SPACE',''
  ) );
#19706 = PCURVE('',#19675,#19707);
#19707 = DEFINITIONAL_REPRESENTATION('',(#19708),#19712);
#19708 = LINE('',#19709,#19710);
#19709 = CARTESIAN_POINT('',(0.,-0.));
#19710 = VECTOR('',#19711,1.);
#19711 = DIRECTION('',(0.,1.));
#19712 = ( GEOMETRIC_REPRESENTATION_CONTEXT(2) 
PARAMETRIC_REPRESENTATION_CONTEXT() REPRESENTATION_CONTEXT('2D SPACE',''
  ) );
#19713 = ORIENTED_EDGE('',*,*,#19714,.T.);
#19714 = EDGE_CURVE('',#19692,#19692,#19715,.T.);
#19715 = SURFACE_CURVE('',#19716,(#19721,#19728),.PCURVE_S1.);
#19716 = CIRCLE('',#19717,12.);
#19717 = AXIS2_PLACEMENT_3D('',#19718,#19719,#19720);
#19718 = CARTESIAN_POINT('',(770.,100.,104.));
#19719 = DIRECTION('',(0.,0.,1.));
#19720 = DIRECTION('',(1.,0.,-0.));
#19721 = PCURVE('',#19675,#19722);
#19722 = DEFINITIONAL_REPRESENTATION('',(#19723),#19727);
#19723 = LINE('',#19724,#19725);
#19724 = CARTESIAN_POINT('',(0.,0.));
#19725 = VECTOR('',#19726,1.);
#19726 = DIRECTION('',(1.,0.));
#19727 = ( GEOMETRIC_REPRESENTATION_CONTEXT(2) 
PARAMETRIC_REPRESENTATION_CONTEXT() REPRESENTATION_CONTEXT('2D SPACE',''
  ) );
#19728 = PCURVE('',#19729,#19734);
#19729 = PLANE('',#19730);
#19730 = AXIS2_PLACEMENT_3D('',#19731,#19732,#19733);
#19731 = CARTESIAN_POINT('',(770.,100.,104.));
#19732 = DIRECTION('',(0.,0.,1.));
#19733 = DIRECTION('',(1.,0.,-0.));
#19734 = DEFINITIONAL_REPRESENTATION('',(#19735),#19739);
#19735 = CIRCLE('',#19736,12.);
#19736 = AXIS2_PLACEMENT_2D('',#19737,#19738);
#19737 = CARTESIAN_POINT('',(0.,0.));
#19738 = DIRECTION('',(1.,0.));
#19739 = ( GEOMETRIC_REPRESENTATION_CONTEXT(2) 
PARAMETRIC_REPRESENTATION_CONTEXT() REPRESENTATION_CONTEXT('2D SPACE',''
  ) );
#19740 = ORIENTED_EDGE('',*,*,#19691,.T.);
#19741 = ADVANCED_FACE('',(#19742),#19729,.F.);
#19742 = FACE_BOUND('',#19743,.T.);
#19743 = EDGE_LOOP('',(#19744));
#19744 = ORIENTED_EDGE('',*,*,#19714,.F.);
#19745 = MANIFOLD_SOLID_BREP('',#19746);
#19746 = CLOSED_SHELL('',(#19747,#19835,#19839,#19874,#19929));
#19747 = ADVANCED_FACE('',(#19748),#19761,.T.);
#19748 = FACE_BOUND('',#19749,.T.);
#19749 = EDGE_LOOP('',(#19750,#19784,#19807,#19834));
#19750 = ORIENTED_EDGE('',*,*,#19751,.F.);
#19751 = EDGE_CURVE('',#19752,#19752,#19754,.T.);
#19752 = VERTEX_POINT('',#19753);
#19753 = CARTESIAN_POINT('',(701.,100.,132.));
#19754 = SURFACE_CURVE('',#19755,(#19760,#19772),.PCURVE_S1.);
#19755 = CIRCLE('',#19756,11.);
#19756 = AXIS2_PLACEMENT_3D('',#19757,#19758,#19759);
#19757 = CARTESIAN_POINT('',(690.,100.,132.));
#19758 = DIRECTION('',(0.,0.,1.));
#19759 = DIRECTION('',(1.,0.,-0.));
#19760 = PCURVE('',#19761,#19766);
#19761 = CYLINDRICAL_SURFACE('',#19762,11.);
#19762 = AXIS2_PLACEMENT_3D('',#19763,#19764,#19765);
#19763 = CARTESIAN_POINT('',(690.,100.,120.));
#19764 = DIRECTION('',(0.,0.,1.));
#19765 = DIRECTION('',(1.,0.,-0.));
#19766 = DEFINITIONAL_REPRESENTATION('',(#19767),#19771);
#19767 = LINE('',#19768,#19769);
#19768 = CARTESIAN_POINT('',(0.,12.));
#19769 = VECTOR('',#19770,1.);
#19770 = DIRECTION('',(1.,0.));
#19771 = ( GEOMETRIC_REPRESENTATION_CONTEXT(2) 
PARAMETRIC_REPRESENTATION_CONTEXT() REPRESENTATION_CONTEXT('2D SPACE',''
  ) );
#19772 = PCURVE('',#19773,#19778);
#19773 = PLANE('',#19774);
#19774 = AXIS2_PLACEMENT_3D('',#19775,#19776,#19777);
#19775 = CARTESIAN_POINT('',(690.,100.,132.));
#19776 = DIRECTION('',(0.,0.,1.));
#19777 = DIRECTION('',(1.,0.,-0.));
#19778 = DEFINITIONAL_REPRESENTATION('',(#19779),#19783);
#19779 = CIRCLE('',#19780,11.);
#19780 = AXIS2_PLACEMENT_2D('',#19781,#19782);
#19781 = CARTESIAN_POINT('',(0.,0.));
#19782 = DIRECTION('',(1.,0.));
#19783 = ( GEOMETRIC_REPRESENTATION_CONTEXT(2) 
PARAMETRIC_REPRESENTATION_CONTEXT() REPRESENTATION_CONTEXT('2D SPACE',''
  ) );
#19784 = ORIENTED_EDGE('',*,*,#19785,.F.);
#19785 = EDGE_CURVE('',#19786,#19752,#19788,.T.);
#19786 = VERTEX_POINT('',#19787);
#19787 = CARTESIAN_POINT('',(701.,100.,120.));
#19788 = SEAM_CURVE('',#19789,(#19793,#19800),.PCURVE_S1.);
#19789 = LINE('',#19790,#19791);
#19790 = CARTESIAN_POINT('',(701.,100.,120.));
#19791 = VECTOR('',#19792,1.);
#19792 = DIRECTION('',(0.,0.,1.));
#19793 = PCURVE('',#19761,#19794);
#19794 = DEFINITIONAL_REPRESENTATION('',(#19795),#19799);
#19795 = LINE('',#19796,#19797);
#19796 = CARTESIAN_POINT('',(6.28318530718,-0.));
#19797 = VECTOR('',#19798,1.);
#19798 = DIRECTION('',(0.,1.));
#19799 = ( GEOMETRIC_REPRESENTATION_CONTEXT(2) 
PARAMETRIC_REPRESENTATION_CONTEXT() REPRESENTATION_CONTEXT('2D SPACE',''
  ) );
#19800 = PCURVE('',#19761,#19801);
#19801 = DEFINITIONAL_REPRESENTATION('',(#19802),#19806);
#19802 = LINE('',#19803,#19804);
#19803 = CARTESIAN_POINT('',(0.,-0.));
#19804 = VECTOR('',#19805,1.);
#19805 = DIRECTION('',(0.,1.));
#19806 = ( GEOMETRIC_REPRESENTATION_CONTEXT(2) 
PARAMETRIC_REPRESENTATION_CONTEXT() REPRESENTATION_CONTEXT('2D SPACE',''
  ) );
#19807 = ORIENTED_EDGE('',*,*,#19808,.T.);
#19808 = EDGE_CURVE('',#19786,#19786,#19809,.T.);
#19809 = SURFACE_CURVE('',#19810,(#19815,#19822),.PCURVE_S1.);
#19810 = CIRCLE('',#19811,11.);
#19811 = AXIS2_PLACEMENT_3D('',#19812,#19813,#19814);
#19812 = CARTESIAN_POINT('',(690.,100.,120.));
#19813 = DIRECTION('',(0.,0.,1.));
#19814 = DIRECTION('',(1.,0.,-0.));
#19815 = PCURVE('',#19761,#19816);
#19816 = DEFINITIONAL_REPRESENTATION('',(#19817),#19821);
#19817 = LINE('',#19818,#19819);
#19818 = CARTESIAN_POINT('',(0.,0.));
#19819 = VECTOR('',#19820,1.);
#19820 = DIRECTION('',(1.,0.));
#19821 = ( GEOMETRIC_REPRESENTATION_CONTEXT(2) 
PARAMETRIC_REPRESENTATION_CONTEXT() REPRESENTATION_CONTEXT('2D SPACE',''
  ) );
#19822 = PCURVE('',#19823,#19828);
#19823 = PLANE('',#19824);
#19824 = AXIS2_PLACEMENT_3D('',#19825,#19826,#19827);
#19825 = CARTESIAN_POINT('',(690.,100.,120.));
#19826 = DIRECTION('',(0.,0.,1.));
#19827 = DIRECTION('',(1.,0.,-0.));
#19828 = DEFINITIONAL_REPRESENTATION('',(#19829),#19833);
#19829 = CIRCLE('',#19830,11.);
#19830 = AXIS2_PLACEMENT_2D('',#19831,#19832);
#19831 = CARTESIAN_POINT('',(0.,0.));
#19832 = DIRECTION('',(1.,0.));
#19833 = ( GEOMETRIC_REPRESENTATION_CONTEXT(2) 
PARAMETRIC_REPRESENTATION_CONTEXT() REPRESENTATION_CONTEXT('2D SPACE',''
  ) );
#19834 = ORIENTED_EDGE('',*,*,#19785,.T.);
#19835 = ADVANCED_FACE('',(#19836),#19773,.T.);
#19836 = FACE_BOUND('',#19837,.T.);
#19837 = EDGE_LOOP('',(#19838));
#19838 = ORIENTED_EDGE('',*,*,#19751,.T.);
#19839 = ADVANCED_FACE('',(#19840,#19843),#19823,.F.);
#19840 = FACE_BOUND('',#19841,.F.);
#19841 = EDGE_LOOP('',(#19842));
#19842 = ORIENTED_EDGE('',*,*,#19808,.T.);
#19843 = FACE_BOUND('',#19844,.F.);
#19844 = EDGE_LOOP('',(#19845));
#19845 = ORIENTED_EDGE('',*,*,#19846,.F.);
#19846 = EDGE_CURVE('',#19847,#19847,#19849,.T.);
#19847 = VERTEX_POINT('',#19848);
#19848 = CARTESIAN_POINT('',(698.,100.,120.));
#19849 = SURFACE_CURVE('',#19850,(#19855,#19862),.PCURVE_S1.);
#19850 = CIRCLE('',#19851,8.);
#19851 = AXIS2_PLACEMENT_3D('',#19852,#19853,#19854);
#19852 = CARTESIAN_POINT('',(690.,100.,120.));
#19853 = DIRECTION('',(0.,0.,1.));
#19854 = DIRECTION('',(1.,0.,-0.));
#19855 = PCURVE('',#19823,#19856);
#19856 = DEFINITIONAL_REPRESENTATION('',(#19857),#19861);
#19857 = CIRCLE('',#19858,8.);
#19858 = AXIS2_PLACEMENT_2D('',#19859,#19860);
#19859 = CARTESIAN_POINT('',(0.,0.));
#19860 = DIRECTION('',(1.,0.));
#19861 = ( GEOMETRIC_REPRESENTATION_CONTEXT(2) 
PARAMETRIC_REPRESENTATION_CONTEXT() REPRESENTATION_CONTEXT('2D SPACE',''
  ) );
#19862 = PCURVE('',#19863,#19868);
#19863 = CYLINDRICAL_SURFACE('',#19864,8.);
#19864 = AXIS2_PLACEMENT_3D('',#19865,#19866,#19867);
#19865 = CARTESIAN_POINT('',(690.,100.,104.));
#19866 = DIRECTION('',(0.,0.,1.));
#19867 = DIRECTION('',(1.,0.,-0.));
#19868 = DEFINITIONAL_REPRESENTATION('',(#19869),#19873);
#19869 = LINE('',#19870,#19871);
#19870 = CARTESIAN_POINT('',(0.,16.));
#19871 = VECTOR('',#19872,1.);
#19872 = DIRECTION('',(1.,0.));
#19873 = ( GEOMETRIC_REPRESENTATION_CONTEXT(2) 
PARAMETRIC_REPRESENTATION_CONTEXT() REPRESENTATION_CONTEXT('2D SPACE',''
  ) );
#19874 = ADVANCED_FACE('',(#19875),#19863,.T.);
#19875 = FACE_BOUND('',#19876,.T.);
#19876 = EDGE_LOOP('',(#19877,#19878,#19901,#19928));
#19877 = ORIENTED_EDGE('',*,*,#19846,.F.);
#19878 = ORIENTED_EDGE('',*,*,#19879,.F.);
#19879 = EDGE_CURVE('',#19880,#19847,#19882,.T.);
#19880 = VERTEX_POINT('',#19881);
#19881 = CARTESIAN_POINT('',(698.,100.,104.));
#19882 = SEAM_CURVE('',#19883,(#19887,#19894),.PCURVE_S1.);
#19883 = LINE('',#19884,#19885);
#19884 = CARTESIAN_POINT('',(698.,100.,104.));
#19885 = VECTOR('',#19886,1.);
#19886 = DIRECTION('',(0.,0.,1.));
#19887 = PCURVE('',#19863,#19888);
#19888 = DEFINITIONAL_REPRESENTATION('',(#19889),#19893);
#19889 = LINE('',#19890,#19891);
#19890 = CARTESIAN_POINT('',(6.28318530718,-0.));
#19891 = VECTOR('',#19892,1.);
#19892 = DIRECTION('',(0.,1.));
#19893 = ( GEOMETRIC_REPRESENTATION_CONTEXT(2) 
PARAMETRIC_REPRESENTATION_CONTEXT() REPRESENTATION_CONTEXT('2D SPACE',''
  ) );
#19894 = PCURVE('',#19863,#19895);
#19895 = DEFINITIONAL_REPRESENTATION('',(#19896),#19900);
#19896 = LINE('',#19897,#19898);
#19897 = CARTESIAN_POINT('',(0.,-0.));
#19898 = VECTOR('',#19899,1.);
#19899 = DIRECTION('',(0.,1.));
#19900 = ( GEOMETRIC_REPRESENTATION_CONTEXT(2) 
PARAMETRIC_REPRESENTATION_CONTEXT() REPRESENTATION_CONTEXT('2D SPACE',''
  ) );
#19901 = ORIENTED_EDGE('',*,*,#19902,.T.);
#19902 = EDGE_CURVE('',#19880,#19880,#19903,.T.);
#19903 = SURFACE_CURVE('',#19904,(#19909,#19916),.PCURVE_S1.);
#19904 = CIRCLE('',#19905,8.);
#19905 = AXIS2_PLACEMENT_3D('',#19906,#19907,#19908);
#19906 = CARTESIAN_POINT('',(690.,100.,104.));
#19907 = DIRECTION('',(0.,0.,1.));
#19908 = DIRECTION('',(1.,0.,-0.));
#19909 = PCURVE('',#19863,#19910);
#19910 = DEFINITIONAL_REPRESENTATION('',(#19911),#19915);
#19911 = LINE('',#19912,#19913);
#19912 = CARTESIAN_POINT('',(0.,0.));
#19913 = VECTOR('',#19914,1.);
#19914 = DIRECTION('',(1.,0.));
#19915 = ( GEOMETRIC_REPRESENTATION_CONTEXT(2) 
PARAMETRIC_REPRESENTATION_CONTEXT() REPRESENTATION_CONTEXT('2D SPACE',''
  ) );
#19916 = PCURVE('',#19917,#19922);
#19917 = PLANE('',#19918);
#19918 = AXIS2_PLACEMENT_3D('',#19919,#19920,#19921);
#19919 = CARTESIAN_POINT('',(690.,100.,104.));
#19920 = DIRECTION('',(0.,0.,1.));
#19921 = DIRECTION('',(1.,0.,-0.));
#19922 = DEFINITIONAL_REPRESENTATION('',(#19923),#19927);
#19923 = CIRCLE('',#19924,8.);
#19924 = AXIS2_PLACEMENT_2D('',#19925,#19926);
#19925 = CARTESIAN_POINT('',(0.,0.));
#19926 = DIRECTION('',(1.,0.));
#19927 = ( GEOMETRIC_REPRESENTATION_CONTEXT(2) 
PARAMETRIC_REPRESENTATION_CONTEXT() REPRESENTATION_CONTEXT('2D SPACE',''
  ) );
#19928 = ORIENTED_EDGE('',*,*,#19879,.T.);
#19929 = ADVANCED_FACE('',(#19930),#19917,.F.);
#19930 = FACE_BOUND('',#19931,.T.);
#19931 = EDGE_LOOP('',(#19932));
#19932 = ORIENTED_EDGE('',*,*,#19902,.F.);
#19933 = MANIFOLD_SOLID_BREP('',#19934);
#19934 = CLOSED_SHELL('',(#19935,#20023,#20027,#20062,#20117));
#19935 = ADVANCED_FACE('',(#19936),#19949,.T.);
#19936 = FACE_BOUND('',#19937,.T.);
#19937 = EDGE_LOOP('',(#19938,#19972,#19995,#20022));
#19938 = ORIENTED_EDGE('',*,*,#19939,.F.);
#19939 = EDGE_CURVE('',#19940,#19940,#19942,.T.);
#19940 = VERTEX_POINT('',#19941);
#19941 = CARTESIAN_POINT('',(629.,100.,130.));
#19942 = SURFACE_CURVE('',#19943,(#19948,#19960),.PCURVE_S1.);
#19943 = CIRCLE('',#19944,9.);
#19944 = AXIS2_PLACEMENT_3D('',#19945,#19946,#19947);
#19945 = CARTESIAN_POINT('',(620.,100.,130.));
#19946 = DIRECTION('',(0.,0.,1.));
#19947 = DIRECTION('',(1.,0.,-0.));
#19948 = PCURVE('',#19949,#19954);
#19949 = CYLINDRICAL_SURFACE('',#19950,9.);
#19950 = AXIS2_PLACEMENT_3D('',#19951,#19952,#19953);
#19951 = CARTESIAN_POINT('',(620.,100.,120.));
#19952 = DIRECTION('',(0.,0.,1.));
#19953 = DIRECTION('',(1.,0.,-0.));
#19954 = DEFINITIONAL_REPRESENTATION('',(#19955),#19959);
#19955 = LINE('',#19956,#19957);
#19956 = CARTESIAN_POINT('',(0.,10.));
#19957 = VECTOR('',#19958,1.);
#19958 = DIRECTION('',(1.,0.));
#19959 = ( GEOMETRIC_REPRESENTATION_CONTEXT(2) 
PARAMETRIC_REPRESENTATION_CONTEXT() REPRESENTATION_CONTEXT('2D SPACE',''
  ) );
#19960 = PCURVE('',#19961,#19966);
#19961 = PLANE('',#19962);
#19962 = AXIS2_PLACEMENT_3D('',#19963,#19964,#19965);
#19963 = CARTESIAN_POINT('',(620.,100.,130.));
#19964 = DIRECTION('',(0.,0.,1.));
#19965 = DIRECTION('',(1.,0.,-0.));
#19966 = DEFINITIONAL_REPRESENTATION('',(#19967),#19971);
#19967 = CIRCLE('',#19968,9.);
#19968 = AXIS2_PLACEMENT_2D('',#19969,#19970);
#19969 = CARTESIAN_POINT('',(0.,0.));
#19970 = DIRECTION('',(1.,0.));
#19971 = ( GEOMETRIC_REPRESENTATION_CONTEXT(2) 
PARAMETRIC_REPRESENTATION_CONTEXT() REPRESENTATION_CONTEXT('2D SPACE',''
  ) );
#19972 = ORIENTED_EDGE('',*,*,#19973,.F.);
#19973 = EDGE_CURVE('',#19974,#19940,#19976,.T.);
#19974 = VERTEX_POINT('',#19975);
#19975 = CARTESIAN_POINT('',(629.,100.,120.));
#19976 = SEAM_CURVE('',#19977,(#19981,#19988),.PCURVE_S1.);
#19977 = LINE('',#19978,#19979);
#19978 = CARTESIAN_POINT('',(629.,100.,120.));
#19979 = VECTOR('',#19980,1.);
#19980 = DIRECTION('',(0.,0.,1.));
#19981 = PCURVE('',#19949,#19982);
#19982 = DEFINITIONAL_REPRESENTATION('',(#19983),#19987);
#19983 = LINE('',#19984,#19985);
#19984 = CARTESIAN_POINT('',(6.28318530718,-0.));
#19985 = VECTOR('',#19986,1.);
#19986 = DIRECTION('',(0.,1.));
#19987 = ( GEOMETRIC_REPRESENTATION_CONTEXT(2) 
PARAMETRIC_REPRESENTATION_CONTEXT() REPRESENTATION_CONTEXT('2D SPACE',''
  ) );
#19988 = PCURVE('',#19949,#19989);
#19989 = DEFINITIONAL_REPRESENTATION('',(#19990),#19994);
#19990 = LINE('',#19991,#19992);
#19991 = CARTESIAN_POINT('',(0.,-0.));
#19992 = VECTOR('',#19993,1.);
#19993 = DIRECTION('',(0.,1.));
#19994 = ( GEOMETRIC_REPRESENTATION_CONTEXT(2) 
PARAMETRIC_REPRESENTATION_CONTEXT() REPRESENTATION_CONTEXT('2D SPACE',''
  ) );
#19995 = ORIENTED_EDGE('',*,*,#19996,.T.);
#19996 = EDGE_CURVE('',#19974,#19974,#19997,.T.);
#19997 = SURFACE_CURVE('',#19998,(#20003,#20010),.PCURVE_S1.);
#19998 = CIRCLE('',#19999,9.);
#19999 = AXIS2_PLACEMENT_3D('',#20000,#20001,#20002);
#20000 = CARTESIAN_POINT('',(620.,100.,120.));
#20001 = DIRECTION('',(0.,0.,1.));
#20002 = DIRECTION('',(1.,0.,-0.));
#20003 = PCURVE('',#19949,#20004);
#20004 = DEFINITIONAL_REPRESENTATION('',(#20005),#20009);
#20005 = LINE('',#20006,#20007);
#20006 = CARTESIAN_POINT('',(0.,0.));
#20007 = VECTOR('',#20008,1.);
#20008 = DIRECTION('',(1.,0.));
#20009 = ( GEOMETRIC_REPRESENTATION_CONTEXT(2) 
PARAMETRIC_REPRESENTATION_CONTEXT() REPRESENTATION_CONTEXT('2D SPACE',''
  ) );
#20010 = PCURVE('',#20011,#20016);
#20011 = PLANE('',#20012);
#20012 = AXIS2_PLACEMENT_3D('',#20013,#20014,#20015);
#20013 = CARTESIAN_POINT('',(620.,100.,120.));
#20014 = DIRECTION('',(0.,0.,1.));
#20015 = DIRECTION('',(1.,0.,-0.));
#20016 = DEFINITIONAL_REPRESENTATION('',(#20017),#20021);
#20017 = CIRCLE('',#20018,9.);
#20018 = AXIS2_PLACEMENT_2D('',#20019,#20020);
#20019 = CARTESIAN_POINT('',(0.,0.));
#20020 = DIRECTION('',(1.,0.));
#20021 = ( GEOMETRIC_REPRESENTATION_CONTEXT(2) 
PARAMETRIC_REPRESENTATION_CONTEXT() REPRESENTATION_CONTEXT('2D SPACE',''
  ) );
#20022 = ORIENTED_EDGE('',*,*,#19973,.T.);
#20023 = ADVANCED_FACE('',(#20024),#19961,.T.);
#20024 = FACE_BOUND('',#20025,.T.);
#20025 = EDGE_LOOP('',(#20026));
#20026 = ORIENTED_EDGE('',*,*,#19939,.T.);
#20027 = ADVANCED_FACE('',(#20028,#20031),#20011,.F.);
#20028 = FACE_BOUND('',#20029,.F.);
#20029 = EDGE_LOOP('',(#20030));
#20030 = ORIENTED_EDGE('',*,*,#19996,.T.);
#20031 = FACE_BOUND('',#20032,.F.);
#20032 = EDGE_LOOP('',(#20033));
#20033 = ORIENTED_EDGE('',*,*,#20034,.F.);
#20034 = EDGE_CURVE('',#20035,#20035,#20037,.T.);
#20035 = VERTEX_POINT('',#20036);
#20036 = CARTESIAN_POINT('',(626.,100.,120.));
#20037 = SURFACE_CURVE('',#20038,(#20043,#20050),.PCURVE_S1.);
#20038 = CIRCLE('',#20039,6.);
#20039 = AXIS2_PLACEMENT_3D('',#20040,#20041,#20042);
#20040 = CARTESIAN_POINT('',(620.,100.,120.));
#20041 = DIRECTION('',(0.,0.,1.));
#20042 = DIRECTION('',(1.,0.,-0.));
#20043 = PCURVE('',#20011,#20044);
#20044 = DEFINITIONAL_REPRESENTATION('',(#20045),#20049);
#20045 = CIRCLE('',#20046,6.);
#20046 = AXIS2_PLACEMENT_2D('',#20047,#20048);
#20047 = CARTESIAN_POINT('',(0.,0.));
#20048 = DIRECTION('',(1.,0.));
#20049 = ( GEOMETRIC_REPRESENTATION_CONTEXT(2) 
PARAMETRIC_REPRESENTATION_CONTEXT() REPRESENTATION_CONTEXT('2D SPACE',''
  ) );
#20050 = PCURVE('',#20051,#20056);
#20051 = CYLINDRICAL_SURFACE('',#20052,6.);
#20052 = AXIS2_PLACEMENT_3D('',#20053,#20054,#20055);
#20053 = CARTESIAN_POINT('',(620.,100.,104.));
#20054 = DIRECTION('',(0.,0.,1.));
#20055 = DIRECTION('',(1.,0.,-0.));
#20056 = DEFINITIONAL_REPRESENTATION('',(#20057),#20061);
#20057 = LINE('',#20058,#20059);
#20058 = CARTESIAN_POINT('',(0.,16.));
#20059 = VECTOR('',#20060,1.);
#20060 = DIRECTION('',(1.,0.));
#20061 = ( GEOMETRIC_REPRESENTATION_CONTEXT(2) 
PARAMETRIC_REPRESENTATION_CONTEXT() REPRESENTATION_CONTEXT('2D SPACE',''
  ) );
#20062 = ADVANCED_FACE('',(#20063),#20051,.T.);
#20063 = FACE_BOUND('',#20064,.T.);
#20064 = EDGE_LOOP('',(#20065,#20066,#20089,#20116));
#20065 = ORIENTED_EDGE('',*,*,#20034,.F.);
#20066 = ORIENTED_EDGE('',*,*,#20067,.F.);
#20067 = EDGE_CURVE('',#20068,#20035,#20070,.T.);
#20068 = VERTEX_POINT('',#20069);
#20069 = CARTESIAN_POINT('',(626.,100.,104.));
#20070 = SEAM_CURVE('',#20071,(#20075,#20082),.PCURVE_S1.);
#20071 = LINE('',#20072,#20073);
#20072 = CARTESIAN_POINT('',(626.,100.,104.));
#20073 = VECTOR('',#20074,1.);
#20074 = DIRECTION('',(0.,0.,1.));
#20075 = PCURVE('',#20051,#20076);
#20076 = DEFINITIONAL_REPRESENTATION('',(#20077),#20081);
#20077 = LINE('',#20078,#20079);
#20078 = CARTESIAN_POINT('',(6.28318530718,-0.));
#20079 = VECTOR('',#20080,1.);
#20080 = DIRECTION('',(0.,1.));
#20081 = ( GEOMETRIC_REPRESENTATION_CONTEXT(2) 
PARAMETRIC_REPRESENTATION_CONTEXT() REPRESENTATION_CONTEXT('2D SPACE',''
  ) );
#20082 = PCURVE('',#20051,#20083);
#20083 = DEFINITIONAL_REPRESENTATION('',(#20084),#20088);
#20084 = LINE('',#20085,#20086);
#20085 = CARTESIAN_POINT('',(0.,-0.));
#20086 = VECTOR('',#20087,1.);
#20087 = DIRECTION('',(0.,1.));
#20088 = ( GEOMETRIC_REPRESENTATION_CONTEXT(2) 
PARAMETRIC_REPRESENTATION_CONTEXT() REPRESENTATION_CONTEXT('2D SPACE',''
  ) );
#20089 = ORIENTED_EDGE('',*,*,#20090,.T.);
#20090 = EDGE_CURVE('',#20068,#20068,#20091,.T.);
#20091 = SURFACE_CURVE('',#20092,(#20097,#20104),.PCURVE_S1.);
#20092 = CIRCLE('',#20093,6.);
#20093 = AXIS2_PLACEMENT_3D('',#20094,#20095,#20096);
#20094 = CARTESIAN_POINT('',(620.,100.,104.));
#20095 = DIRECTION('',(0.,0.,1.));
#20096 = DIRECTION('',(1.,0.,-0.));
#20097 = PCURVE('',#20051,#20098);
#20098 = DEFINITIONAL_REPRESENTATION('',(#20099),#20103);
#20099 = LINE('',#20100,#20101);
#20100 = CARTESIAN_POINT('',(0.,0.));
#20101 = VECTOR('',#20102,1.);
#20102 = DIRECTION('',(1.,0.));
#20103 = ( GEOMETRIC_REPRESENTATION_CONTEXT(2) 
PARAMETRIC_REPRESENTATION_CONTEXT() REPRESENTATION_CONTEXT('2D SPACE',''
  ) );
#20104 = PCURVE('',#20105,#20110);
#20105 = PLANE('',#20106);
#20106 = AXIS2_PLACEMENT_3D('',#20107,#20108,#20109);
#20107 = CARTESIAN_POINT('',(620.,100.,104.));
#20108 = DIRECTION('',(0.,0.,1.));
#20109 = DIRECTION('',(1.,0.,-0.));
#20110 = DEFINITIONAL_REPRESENTATION('',(#20111),#20115);
#20111 = CIRCLE('',#20112,6.);
#20112 = AXIS2_PLACEMENT_2D('',#20113,#20114);
#20113 = CARTESIAN_POINT('',(0.,0.));
#20114 = DIRECTION('',(1.,0.));
#20115 = ( GEOMETRIC_REPRESENTATION_CONTEXT(2) 
PARAMETRIC_REPRESENTATION_CONTEXT() REPRESENTATION_CONTEXT('2D SPACE',''
  ) );
#20116 = ORIENTED_EDGE('',*,*,#20067,.T.);
#20117 = ADVANCED_FACE('',(#20118),#20105,.F.);
#20118 = FACE_BOUND('',#20119,.T.);
#20119 = EDGE_LOOP('',(#20120));
#20120 = ORIENTED_EDGE('',*,*,#20090,.F.);
#20121 = ( GEOMETRIC_REPRESENTATION_CONTEXT(3) 
GLOBAL_UNCERTAINTY_ASSIGNED_CONTEXT((#20125)) 
GLOBAL_UNIT_ASSIGNED_CONTEXT((#20122,#20123,#20124)) 
REPRESENTATION_CONTEXT('Context #1',
  '3D Context with UNIT and UNCERTAINTY') );
#20122 = ( LENGTH_UNIT() NAMED_UNIT(*) SI_UNIT(.MILLI.,.METRE.) );
#20123 = ( NAMED_UNIT(*) PLANE_ANGLE_UNIT() SI_UNIT($,.RADIAN.) );
#20124 = ( NAMED_UNIT(*) SI_UNIT($,.STERADIAN.) SOLID_ANGLE_UNIT() );
#20125 = UNCERTAINTY_MEASURE_WITH_UNIT(LENGTH_MEASURE(1.E-07),#20122,
  'distance_accuracy_value','confusion accuracy');
#20126 = CONTEXT_DEPENDENT_SHAPE_REPRESENTATION(#20127,#20129);
#20127 = ( REPRESENTATION_RELATIONSHIP('','',#19368,#10) 
REPRESENTATION_RELATIONSHIP_WITH_TRANSFORMATION(#20128) 
SHAPE_REPRESENTATION_RELATIONSHIP() );
#20128 = ITEM_DEFINED_TRANSFORMATION('','',#11,#127);
#20129 = PRODUCT_DEFINITION_SHAPE('Placement','Placement of an item',
  #20130);
#20130 = NEXT_ASSEMBLY_USAGE_OCCURRENCE('65','=>[0:1:1:30]','',#5,#19363
  ,$);
#20131 = PRODUCT_RELATED_PRODUCT_CATEGORY('part',$,(#19365));
#20132 = SHAPE_DEFINITION_REPRESENTATION(#20133,#20139);
#20133 = PRODUCT_DEFINITION_SHAPE('','',#20134);
#20134 = PRODUCT_DEFINITION('design','',#20135,#20138);
#20135 = PRODUCT_DEFINITION_FORMATION('','',#20136);
#20136 = PRODUCT('COMPOUND','COMPOUND','',(#20137));
#20137 = PRODUCT_CONTEXT('',#2,'mechanical');
#20138 = PRODUCT_DEFINITION_CONTEXT('part definition',#2,'design');
#20139 = ADVANCED_BREP_SHAPE_REPRESENTATION('',(#11,#20140),#20470);
#20140 = MANIFOLD_SOLID_BREP('',#20141);
#20141 = CLOSED_SHELL('',(#20142,#20262,#20362,#20409,#20456,#20463));
#20142 = ADVANCED_FACE('',(#20143),#20157,.F.);
#20143 = FACE_BOUND('',#20144,.F.);
#20144 = EDGE_LOOP('',(#20145,#20180,#20208,#20236));
#20145 = ORIENTED_EDGE('',*,*,#20146,.F.);
#20146 = EDGE_CURVE('',#20147,#20149,#20151,.T.);
#20147 = VERTEX_POINT('',#20148);
#20148 = CARTESIAN_POINT('',(-75.,-47.5,-14.));
#20149 = VERTEX_POINT('',#20150);
#20150 = CARTESIAN_POINT('',(-75.,-47.5,14.));
#20151 = SURFACE_CURVE('',#20152,(#20156,#20168),.PCURVE_S1.);
#20152 = LINE('',#20153,#20154);
#20153 = CARTESIAN_POINT('',(-75.,-47.5,-14.));
#20154 = VECTOR('',#20155,1.);
#20155 = DIRECTION('',(0.,0.,1.));
#20156 = PCURVE('',#20157,#20162);
#20157 = PLANE('',#20158);
#20158 = AXIS2_PLACEMENT_3D('',#20159,#20160,#20161);
#20159 = CARTESIAN_POINT('',(-75.,-47.5,-14.));
#20160 = DIRECTION('',(1.,0.,-0.));
#20161 = DIRECTION('',(0.,0.,1.));
#20162 = DEFINITIONAL_REPRESENTATION('',(#20163),#20167);
#20163 = LINE('',#20164,#20165);
#20164 = CARTESIAN_POINT('',(0.,0.));
#20165 = VECTOR('',#20166,1.);
#20166 = DIRECTION('',(1.,0.));
#20167 = ( GEOMETRIC_REPRESENTATION_CONTEXT(2) 
PARAMETRIC_REPRESENTATION_CONTEXT() REPRESENTATION_CONTEXT('2D SPACE',''
  ) );
#20168 = PCURVE('',#20169,#20174);
#20169 = PLANE('',#20170);
#20170 = AXIS2_PLACEMENT_3D('',#20171,#20172,#20173);
#20171 = CARTESIAN_POINT('',(-75.,-47.5,-14.));
#20172 = DIRECTION('',(-0.,1.,0.));
#20173 = DIRECTION('',(0.,0.,1.));
#20174 = DEFINITIONAL_REPRESENTATION('',(#20175),#20179);
#20175 = LINE('',#20176,#20177);
#20176 = CARTESIAN_POINT('',(0.,0.));
#20177 = VECTOR('',#20178,1.);
#20178 = DIRECTION('',(1.,0.));
#20179 = ( GEOMETRIC_REPRESENTATION_CONTEXT(2) 
PARAMETRIC_REPRESENTATION_CONTEXT() REPRESENTATION_CONTEXT('2D SPACE',''
  ) );
#20180 = ORIENTED_EDGE('',*,*,#20181,.T.);
#20181 = EDGE_CURVE('',#20147,#20182,#20184,.T.);
#20182 = VERTEX_POINT('',#20183);
#20183 = CARTESIAN_POINT('',(-75.,47.5,-14.));
#20184 = SURFACE_CURVE('',#20185,(#20189,#20196),.PCURVE_S1.);
#20185 = LINE('',#20186,#20187);
#20186 = CARTESIAN_POINT('',(-75.,-47.5,-14.));
#20187 = VECTOR('',#20188,1.);
#20188 = DIRECTION('',(-0.,1.,0.));
#20189 = PCURVE('',#20157,#20190);
#20190 = DEFINITIONAL_REPRESENTATION('',(#20191),#20195);
#20191 = LINE('',#20192,#20193);
#20192 = CARTESIAN_POINT('',(0.,0.));
#20193 = VECTOR('',#20194,1.);
#20194 = DIRECTION('',(0.,-1.));
#20195 = ( GEOMETRIC_REPRESENTATION_CONTEXT(2) 
PARAMETRIC_REPRESENTATION_CONTEXT() REPRESENTATION_CONTEXT('2D SPACE',''
  ) );
#20196 = PCURVE('',#20197,#20202);
#20197 = PLANE('',#20198);
#20198 = AXIS2_PLACEMENT_3D('',#20199,#20200,#20201);
#20199 = CARTESIAN_POINT('',(-75.,-47.5,-14.));
#20200 = DIRECTION('',(0.,0.,1.));
#20201 = DIRECTION('',(1.,0.,-0.));
#20202 = DEFINITIONAL_REPRESENTATION('',(#20203),#20207);
#20203 = LINE('',#20204,#20205);
#20204 = CARTESIAN_POINT('',(0.,0.));
#20205 = VECTOR('',#20206,1.);
#20206 = DIRECTION('',(0.,1.));
#20207 = ( GEOMETRIC_REPRESENTATION_CONTEXT(2) 
PARAMETRIC_REPRESENTATION_CONTEXT() REPRESENTATION_CONTEXT('2D SPACE',''
  ) );
#20208 = ORIENTED_EDGE('',*,*,#20209,.T.);
#20209 = EDGE_CURVE('',#20182,#20210,#20212,.T.);
#20210 = VERTEX_POINT('',#20211);
#20211 = CARTESIAN_POINT('',(-75.,47.5,14.));
#20212 = SURFACE_CURVE('',#20213,(#20217,#20224),.PCURVE_S1.);
#20213 = LINE('',#20214,#20215);
#20214 = CARTESIAN_POINT('',(-75.,47.5,-14.));
#20215 = VECTOR('',#20216,1.);
#20216 = DIRECTION('',(0.,0.,1.));
#20217 = PCURVE('',#20157,#20218);
#20218 = DEFINITIONAL_REPRESENTATION('',(#20219),#20223);
#20219 = LINE('',#20220,#20221);
#20220 = CARTESIAN_POINT('',(0.,-95.));
#20221 = VECTOR('',#20222,1.);
#20222 = DIRECTION('',(1.,0.));
#20223 = ( GEOMETRIC_REPRESENTATION_CONTEXT(2) 
PARAMETRIC_REPRESENTATION_CONTEXT() REPRESENTATION_CONTEXT('2D SPACE',''
  ) );
#20224 = PCURVE('',#20225,#20230);
#20225 = PLANE('',#20226);
#20226 = AXIS2_PLACEMENT_3D('',#20227,#20228,#20229);
#20227 = CARTESIAN_POINT('',(-75.,47.5,-14.));
#20228 = DIRECTION('',(-0.,1.,0.));
#20229 = DIRECTION('',(0.,0.,1.));
#20230 = DEFINITIONAL_REPRESENTATION('',(#20231),#20235);
#20231 = LINE('',#20232,#20233);
#20232 = CARTESIAN_POINT('',(0.,0.));
#20233 = VECTOR('',#20234,1.);
#20234 = DIRECTION('',(1.,0.));
#20235 = ( GEOMETRIC_REPRESENTATION_CONTEXT(2) 
PARAMETRIC_REPRESENTATION_CONTEXT() REPRESENTATION_CONTEXT('2D SPACE',''
  ) );
#20236 = ORIENTED_EDGE('',*,*,#20237,.F.);
#20237 = EDGE_CURVE('',#20149,#20210,#20238,.T.);
#20238 = SURFACE_CURVE('',#20239,(#20243,#20250),.PCURVE_S1.);
#20239 = LINE('',#20240,#20241);
#20240 = CARTESIAN_POINT('',(-75.,-47.5,14.));
#20241 = VECTOR('',#20242,1.);
#20242 = DIRECTION('',(-0.,1.,0.));
#20243 = PCURVE('',#20157,#20244);
#20244 = DEFINITIONAL_REPRESENTATION('',(#20245),#20249);
#20245 = LINE('',#20246,#20247);
#20246 = CARTESIAN_POINT('',(28.,0.));
#20247 = VECTOR('',#20248,1.);
#20248 = DIRECTION('',(0.,-1.));
#20249 = ( GEOMETRIC_REPRESENTATION_CONTEXT(2) 
PARAMETRIC_REPRESENTATION_CONTEXT() REPRESENTATION_CONTEXT('2D SPACE',''
  ) );
#20250 = PCURVE('',#20251,#20256);
#20251 = PLANE('',#20252);
#20252 = AXIS2_PLACEMENT_3D('',#20253,#20254,#20255);
#20253 = CARTESIAN_POINT('',(-75.,-47.5,14.));
#20254 = DIRECTION('',(0.,0.,1.));
#20255 = DIRECTION('',(1.,0.,-0.));
#20256 = DEFINITIONAL_REPRESENTATION('',(#20257),#20261);
#20257 = LINE('',#20258,#20259);
#20258 = CARTESIAN_POINT('',(0.,0.));
#20259 = VECTOR('',#20260,1.);
#20260 = DIRECTION('',(0.,1.));
#20261 = ( GEOMETRIC_REPRESENTATION_CONTEXT(2) 
PARAMETRIC_REPRESENTATION_CONTEXT() REPRESENTATION_CONTEXT('2D SPACE',''
  ) );
#20262 = ADVANCED_FACE('',(#20263),#20277,.T.);
#20263 = FACE_BOUND('',#20264,.T.);
#20264 = EDGE_LOOP('',(#20265,#20295,#20318,#20341));
#20265 = ORIENTED_EDGE('',*,*,#20266,.F.);
#20266 = EDGE_CURVE('',#20267,#20269,#20271,.T.);
#20267 = VERTEX_POINT('',#20268);
#20268 = CARTESIAN_POINT('',(75.,-47.5,-14.));
#20269 = VERTEX_POINT('',#20270);
#20270 = CARTESIAN_POINT('',(75.,-47.5,14.));
#20271 = SURFACE_CURVE('',#20272,(#20276,#20288),.PCURVE_S1.);
#20272 = LINE('',#20273,#20274);
#20273 = CARTESIAN_POINT('',(75.,-47.5,-14.));
#20274 = VECTOR('',#20275,1.);
#20275 = DIRECTION('',(0.,0.,1.));
#20276 = PCURVE('',#20277,#20282);
#20277 = PLANE('',#20278);
#20278 = AXIS2_PLACEMENT_3D('',#20279,#20280,#20281);
#20279 = CARTESIAN_POINT('',(75.,-47.5,-14.));
#20280 = DIRECTION('',(1.,0.,-0.));
#20281 = DIRECTION('',(0.,0.,1.));
#20282 = DEFINITIONAL_REPRESENTATION('',(#20283),#20287);
#20283 = LINE('',#20284,#20285);
#20284 = CARTESIAN_POINT('',(0.,0.));
#20285 = VECTOR('',#20286,1.);
#20286 = DIRECTION('',(1.,0.));
#20287 = ( GEOMETRIC_REPRESENTATION_CONTEXT(2) 
PARAMETRIC_REPRESENTATION_CONTEXT() REPRESENTATION_CONTEXT('2D SPACE',''
  ) );
#20288 = PCURVE('',#20169,#20289);
#20289 = DEFINITIONAL_REPRESENTATION('',(#20290),#20294);
#20290 = LINE('',#20291,#20292);
#20291 = CARTESIAN_POINT('',(0.,150.));
#20292 = VECTOR('',#20293,1.);
#20293 = DIRECTION('',(1.,0.));
#20294 = ( GEOMETRIC_REPRESENTATION_CONTEXT(2) 
PARAMETRIC_REPRESENTATION_CONTEXT() REPRESENTATION_CONTEXT('2D SPACE',''
  ) );
#20295 = ORIENTED_EDGE('',*,*,#20296,.T.);
#20296 = EDGE_CURVE('',#20267,#20297,#20299,.T.);
#20297 = VERTEX_POINT('',#20298);
#20298 = CARTESIAN_POINT('',(75.,47.5,-14.));
#20299 = SURFACE_CURVE('',#20300,(#20304,#20311),.PCURVE_S1.);
#20300 = LINE('',#20301,#20302);
#20301 = CARTESIAN_POINT('',(75.,-47.5,-14.));
#20302 = VECTOR('',#20303,1.);
#20303 = DIRECTION('',(-0.,1.,0.));
#20304 = PCURVE('',#20277,#20305);
#20305 = DEFINITIONAL_REPRESENTATION('',(#20306),#20310);
#20306 = LINE('',#20307,#20308);
#20307 = CARTESIAN_POINT('',(0.,0.));
#20308 = VECTOR('',#20309,1.);
#20309 = DIRECTION('',(0.,-1.));
#20310 = ( GEOMETRIC_REPRESENTATION_CONTEXT(2) 
PARAMETRIC_REPRESENTATION_CONTEXT() REPRESENTATION_CONTEXT('2D SPACE',''
  ) );
#20311 = PCURVE('',#20197,#20312);
#20312 = DEFINITIONAL_REPRESENTATION('',(#20313),#20317);
#20313 = LINE('',#20314,#20315);
#20314 = CARTESIAN_POINT('',(150.,0.));
#20315 = VECTOR('',#20316,1.);
#20316 = DIRECTION('',(0.,1.));
#20317 = ( GEOMETRIC_REPRESENTATION_CONTEXT(2) 
PARAMETRIC_REPRESENTATION_CONTEXT() REPRESENTATION_CONTEXT('2D SPACE',''
  ) );
#20318 = ORIENTED_EDGE('',*,*,#20319,.T.);
#20319 = EDGE_CURVE('',#20297,#20320,#20322,.T.);
#20320 = VERTEX_POINT('',#20321);
#20321 = CARTESIAN_POINT('',(75.,47.5,14.));
#20322 = SURFACE_CURVE('',#20323,(#20327,#20334),.PCURVE_S1.);
#20323 = LINE('',#20324,#20325);
#20324 = CARTESIAN_POINT('',(75.,47.5,-14.));
#20325 = VECTOR('',#20326,1.);
#20326 = DIRECTION('',(0.,0.,1.));
#20327 = PCURVE('',#20277,#20328);
#20328 = DEFINITIONAL_REPRESENTATION('',(#20329),#20333);
#20329 = LINE('',#20330,#20331);
#20330 = CARTESIAN_POINT('',(0.,-95.));
#20331 = VECTOR('',#20332,1.);
#20332 = DIRECTION('',(1.,0.));
#20333 = ( GEOMETRIC_REPRESENTATION_CONTEXT(2) 
PARAMETRIC_REPRESENTATION_CONTEXT() REPRESENTATION_CONTEXT('2D SPACE',''
  ) );
#20334 = PCURVE('',#20225,#20335);
#20335 = DEFINITIONAL_REPRESENTATION('',(#20336),#20340);
#20336 = LINE('',#20337,#20338);
#20337 = CARTESIAN_POINT('',(0.,150.));
#20338 = VECTOR('',#20339,1.);
#20339 = DIRECTION('',(1.,0.));
#20340 = ( GEOMETRIC_REPRESENTATION_CONTEXT(2) 
PARAMETRIC_REPRESENTATION_CONTEXT() REPRESENTATION_CONTEXT('2D SPACE',''
  ) );
#20341 = ORIENTED_EDGE('',*,*,#20342,.F.);
#20342 = EDGE_CURVE('',#20269,#20320,#20343,.T.);
#20343 = SURFACE_CURVE('',#20344,(#20348,#20355),.PCURVE_S1.);
#20344 = LINE('',#20345,#20346);
#20345 = CARTESIAN_POINT('',(75.,-47.5,14.));
#20346 = VECTOR('',#20347,1.);
#20347 = DIRECTION('',(-0.,1.,0.));
#20348 = PCURVE('',#20277,#20349);
#20349 = DEFINITIONAL_REPRESENTATION('',(#20350),#20354);
#20350 = LINE('',#20351,#20352);
#20351 = CARTESIAN_POINT('',(28.,0.));
#20352 = VECTOR('',#20353,1.);
#20353 = DIRECTION('',(0.,-1.));
#20354 = ( GEOMETRIC_REPRESENTATION_CONTEXT(2) 
PARAMETRIC_REPRESENTATION_CONTEXT() REPRESENTATION_CONTEXT('2D SPACE',''
  ) );
#20355 = PCURVE('',#20251,#20356);
#20356 = DEFINITIONAL_REPRESENTATION('',(#20357),#20361);
#20357 = LINE('',#20358,#20359);
#20358 = CARTESIAN_POINT('',(150.,0.));
#20359 = VECTOR('',#20360,1.);
#20360 = DIRECTION('',(0.,1.));
#20361 = ( GEOMETRIC_REPRESENTATION_CONTEXT(2) 
PARAMETRIC_REPRESENTATION_CONTEXT() REPRESENTATION_CONTEXT('2D SPACE',''
  ) );
#20362 = ADVANCED_FACE('',(#20363),#20169,.F.);
#20363 = FACE_BOUND('',#20364,.F.);
#20364 = EDGE_LOOP('',(#20365,#20386,#20387,#20408));
#20365 = ORIENTED_EDGE('',*,*,#20366,.F.);
#20366 = EDGE_CURVE('',#20147,#20267,#20367,.T.);
#20367 = SURFACE_CURVE('',#20368,(#20372,#20379),.PCURVE_S1.);
#20368 = LINE('',#20369,#20370);
#20369 = CARTESIAN_POINT('',(-75.,-47.5,-14.));
#20370 = VECTOR('',#20371,1.);
#20371 = DIRECTION('',(1.,0.,-0.));
#20372 = PCURVE('',#20169,#20373);
#20373 = DEFINITIONAL_REPRESENTATION('',(#20374),#20378);
#20374 = LINE('',#20375,#20376);
#20375 = CARTESIAN_POINT('',(0.,0.));
#20376 = VECTOR('',#20377,1.);
#20377 = DIRECTION('',(0.,1.));
#20378 = ( GEOMETRIC_REPRESENTATION_CONTEXT(2) 
PARAMETRIC_REPRESENTATION_CONTEXT() REPRESENTATION_CONTEXT('2D SPACE',''
  ) );
#20379 = PCURVE('',#20197,#20380);
#20380 = DEFINITIONAL_REPRESENTATION('',(#20381),#20385);
#20381 = LINE('',#20382,#20383);
#20382 = CARTESIAN_POINT('',(0.,0.));
#20383 = VECTOR('',#20384,1.);
#20384 = DIRECTION('',(1.,0.));
#20385 = ( GEOMETRIC_REPRESENTATION_CONTEXT(2) 
PARAMETRIC_REPRESENTATION_CONTEXT() REPRESENTATION_CONTEXT('2D SPACE',''
  ) );
#20386 = ORIENTED_EDGE('',*,*,#20146,.T.);
#20387 = ORIENTED_EDGE('',*,*,#20388,.T.);
#20388 = EDGE_CURVE('',#20149,#20269,#20389,.T.);
#20389 = SURFACE_CURVE('',#20390,(#20394,#20401),.PCURVE_S1.);
#20390 = LINE('',#20391,#20392);
#20391 = CARTESIAN_POINT('',(-75.,-47.5,14.));
#20392 = VECTOR('',#20393,1.);
#20393 = DIRECTION('',(1.,0.,-0.));
#20394 = PCURVE('',#20169,#20395);
#20395 = DEFINITIONAL_REPRESENTATION('',(#20396),#20400);
#20396 = LINE('',#20397,#20398);
#20397 = CARTESIAN_POINT('',(28.,0.));
#20398 = VECTOR('',#20399,1.);
#20399 = DIRECTION('',(0.,1.));
#20400 = ( GEOMETRIC_REPRESENTATION_CONTEXT(2) 
PARAMETRIC_REPRESENTATION_CONTEXT() REPRESENTATION_CONTEXT('2D SPACE',''
  ) );
#20401 = PCURVE('',#20251,#20402);
#20402 = DEFINITIONAL_REPRESENTATION('',(#20403),#20407);
#20403 = LINE('',#20404,#20405);
#20404 = CARTESIAN_POINT('',(0.,0.));
#20405 = VECTOR('',#20406,1.);
#20406 = DIRECTION('',(1.,0.));
#20407 = ( GEOMETRIC_REPRESENTATION_CONTEXT(2) 
PARAMETRIC_REPRESENTATION_CONTEXT() REPRESENTATION_CONTEXT('2D SPACE',''
  ) );
#20408 = ORIENTED_EDGE('',*,*,#20266,.F.);
#20409 = ADVANCED_FACE('',(#20410),#20225,.T.);
#20410 = FACE_BOUND('',#20411,.T.);
#20411 = EDGE_LOOP('',(#20412,#20433,#20434,#20455));
#20412 = ORIENTED_EDGE('',*,*,#20413,.F.);
#20413 = EDGE_CURVE('',#20182,#20297,#20414,.T.);
#20414 = SURFACE_CURVE('',#20415,(#20419,#20426),.PCURVE_S1.);
#20415 = LINE('',#20416,#20417);
#20416 = CARTESIAN_POINT('',(-75.,47.5,-14.));
#20417 = VECTOR('',#20418,1.);
#20418 = DIRECTION('',(1.,0.,-0.));
#20419 = PCURVE('',#20225,#20420);
#20420 = DEFINITIONAL_REPRESENTATION('',(#20421),#20425);
#20421 = LINE('',#20422,#20423);
#20422 = CARTESIAN_POINT('',(0.,0.));
#20423 = VECTOR('',#20424,1.);
#20424 = DIRECTION('',(0.,1.));
#20425 = ( GEOMETRIC_REPRESENTATION_CONTEXT(2) 
PARAMETRIC_REPRESENTATION_CONTEXT() REPRESENTATION_CONTEXT('2D SPACE',''
  ) );
#20426 = PCURVE('',#20197,#20427);
#20427 = DEFINITIONAL_REPRESENTATION('',(#20428),#20432);
#20428 = LINE('',#20429,#20430);
#20429 = CARTESIAN_POINT('',(0.,95.));
#20430 = VECTOR('',#20431,1.);
#20431 = DIRECTION('',(1.,0.));
#20432 = ( GEOMETRIC_REPRESENTATION_CONTEXT(2) 
PARAMETRIC_REPRESENTATION_CONTEXT() REPRESENTATION_CONTEXT('2D SPACE',''
  ) );
#20433 = ORIENTED_EDGE('',*,*,#20209,.T.);
#20434 = ORIENTED_EDGE('',*,*,#20435,.T.);
#20435 = EDGE_CURVE('',#20210,#20320,#20436,.T.);
#20436 = SURFACE_CURVE('',#20437,(#20441,#20448),.PCURVE_S1.);
#20437 = LINE('',#20438,#20439);
#20438 = CARTESIAN_POINT('',(-75.,47.5,14.));
#20439 = VECTOR('',#20440,1.);
#20440 = DIRECTION('',(1.,0.,-0.));
#20441 = PCURVE('',#20225,#20442);
#20442 = DEFINITIONAL_REPRESENTATION('',(#20443),#20447);
#20443 = LINE('',#20444,#20445);
#20444 = CARTESIAN_POINT('',(28.,0.));
#20445 = VECTOR('',#20446,1.);
#20446 = DIRECTION('',(0.,1.));
#20447 = ( GEOMETRIC_REPRESENTATION_CONTEXT(2) 
PARAMETRIC_REPRESENTATION_CONTEXT() REPRESENTATION_CONTEXT('2D SPACE',''
  ) );
#20448 = PCURVE('',#20251,#20449);
#20449 = DEFINITIONAL_REPRESENTATION('',(#20450),#20454);
#20450 = LINE('',#20451,#20452);
#20451 = CARTESIAN_POINT('',(0.,95.));
#20452 = VECTOR('',#20453,1.);
#20453 = DIRECTION('',(1.,0.));
#20454 = ( GEOMETRIC_REPRESENTATION_CONTEXT(2) 
PARAMETRIC_REPRESENTATION_CONTEXT() REPRESENTATION_CONTEXT('2D SPACE',''
  ) );
#20455 = ORIENTED_EDGE('',*,*,#20319,.F.);
#20456 = ADVANCED_FACE('',(#20457),#20197,.F.);
#20457 = FACE_BOUND('',#20458,.F.);
#20458 = EDGE_LOOP('',(#20459,#20460,#20461,#20462));
#20459 = ORIENTED_EDGE('',*,*,#20181,.F.);
#20460 = ORIENTED_EDGE('',*,*,#20366,.T.);
#20461 = ORIENTED_EDGE('',*,*,#20296,.T.);
#20462 = ORIENTED_EDGE('',*,*,#20413,.F.);
#20463 = ADVANCED_FACE('',(#20464),#20251,.T.);
#20464 = FACE_BOUND('',#20465,.T.);
#20465 = EDGE_LOOP('',(#20466,#20467,#20468,#20469));
#20466 = ORIENTED_EDGE('',*,*,#20237,.F.);
#20467 = ORIENTED_EDGE('',*,*,#20388,.T.);
#20468 = ORIENTED_EDGE('',*,*,#20342,.T.);
#20469 = ORIENTED_EDGE('',*,*,#20435,.F.);
#20470 = ( GEOMETRIC_REPRESENTATION_CONTEXT(3) 
GLOBAL_UNCERTAINTY_ASSIGNED_CONTEXT((#20474)) 
GLOBAL_UNIT_ASSIGNED_CONTEXT((#20471,#20472,#20473)) 
REPRESENTATION_CONTEXT('Context #1',
  '3D Context with UNIT and UNCERTAINTY') );
#20471 = ( LENGTH_UNIT() NAMED_UNIT(*) SI_UNIT(.MILLI.,.METRE.) );
#20472 = ( NAMED_UNIT(*) PLANE_ANGLE_UNIT() SI_UNIT($,.RADIAN.) );
#20473 = ( NAMED_UNIT(*) SI_UNIT($,.STERADIAN.) SOLID_ANGLE_UNIT() );
#20474 = UNCERTAINTY_MEASURE_WITH_UNIT(LENGTH_MEASURE(1.E-07),#20471,
  'distance_accuracy_value','confusion accuracy');
#20475 = CONTEXT_DEPENDENT_SHAPE_REPRESENTATION(#20476,#20478);
#20476 = ( REPRESENTATION_RELATIONSHIP('','',#20139,#10) 
REPRESENTATION_RELATIONSHIP_WITH_TRANSFORMATION(#20477) 
SHAPE_REPRESENTATION_RELATIONSHIP() );
#20477 = ITEM_DEFINED_TRANSFORMATION('','',#11,#131);
#20478 = PRODUCT_DEFINITION_SHAPE('Placement','Placement of an item',
  #20479);
#20479 = NEXT_ASSEMBLY_USAGE_OCCURRENCE('66','=>[0:1:1:31]','',#5,#20134
  ,$);
#20480 = PRODUCT_RELATED_PRODUCT_CATEGORY('part',$,(#20136));
ENDSEC;
END-ISO-10303-21;
